ra,ano,fase,turma,nome,idade,genero,ano_ingresso,instituicao,pedra,inde,iaa,ieg,ips,ipp,ida,nota_matematica,nota_portugues,nota_ingles,indicado_bolsa,atingiu_pv,ipv,ian,fase_ideal,defasagem,fase_num,fase_ideal_num,pedra_padrao,instituicao_padrao,iaa_original,ipv_original,defasagem_original,defasagem_calculada,genero_inconsistente,ano_ingresso_inconsistente,idade_inconsistente
RA-1,2022,7,A,Aluno-1,19,Feminino,2016,Pública,Quartzo,5.783,8.3,4.1,5.6,,4.0,2.7,3.5,6.0,Sim,Não,7.278,5.0,Fase 8 (Universitários),-1,7,8,Quartzo,Pública,8.3,7.278,-1,-1,False,True,False
RA-2,2022,7,A,Aluno-2,17,Feminino,2017,Rede Decisão,Ametista,7.055,8.8,5.2,6.3,,6.8,6.3,4.5,9.7,Não,Não,6.778,10.0,Fase 7 (3º EM),0,7,7,Ametista,Rede Decisão,8.8,6.778,0,0,False,True,False
RA-3,2022,7,A,Aluno-3,17,Feminino,2016,Rede Decisão,Ágata,6.591,0.0,7.9,5.6,,5.6,5.8,4.0,6.9,Não,Não,7.556,10.0,Fase 7 (3º EM),0,7,7,Ágata,Rede Decisão,0.0,7.556,0,0,False,False,False
RA-4,2022,7,A,Aluno-4,17,Masculino,2017,Rede Decisão,Quartzo,5.951,8.8,4.5,5.6,,5.0,2.8,3.5,8.7,Não,Não,5.278,10.0,Fase 7 (3º EM),0,7,7,Quartzo,Rede Decisão,8.8,5.278,0,0,False,False,False
RA-5,2022,7,A,Aluno-5,17,Feminino,2016,Rede Decisão,Ametista,7.427,7.9,8.6,5.6,,5.2,7.0,2.9,5.7,Não,Não,7.389,10.0,Fase 7 (3º EM),0,7,7,Ametista,Rede Decisão,7.9,7.389,0,0,False,False,False
RA-6,2022,7,A,Aluno-6,18,Feminino,2021,Pública,Quartzo,5.848,7.9,4.5,7.5,,3.3,2.3,5.3,2.3,Sim,Não,7.222,5.0,Fase 8 (Universitários),-1,7,8,Quartzo,Pública,7.9,7.222,-1,-1,False,False,False
RA-7,2022,7,A,Aluno-7,18,Masculino,2017,Rede Decisão,Ágata,6.818,0.0,8.4,7.5,,7.6,8.2,5.7,9.0,Não,Não,7.667,5.0,Fase 8 (Universitários),-1,7,8,Ágata,Rede Decisão,0.0,7.667,-1,-1,False,True,False
RA-8,2022,7,A,Aluno-8,20,Feminino,2018,Pública,Quartzo,4.786,7.1,4.6,6.3,,1.6,1.2,0.7,2.9,Não,Não,6.278,5.0,Fase 8 (Universitários),-1,7,8,Quartzo,Pública,7.1,6.278,-1,-1,False,False,False
RA-9,2022,7,A,Aluno-9,18,Feminino,2019,Pública,Topázio,8.109,8.8,9.5,7.5,,6.7,5.5,6.0,8.7,Sim,Sim,9.5,5.0,Fase 8 (Universitários),-1,7,8,Topázio,Pública,8.8,9.5,-1,-1,False,False,False
RA-10,2022,7,A,Aluno-10,18,Feminino,2021,Pública,Quartzo,5.784,8.3,5.2,5.0,,4.1,3.3,2.6,6.4,Não,Não,7.056,5.0,Fase 8 (Universitários),-1,7,8,Quartzo,Pública,8.3,7.056,-1,-1,False,False,False
RA-11,2022,7,A,Aluno-11,18,Feminino,2016,Pública,Quartzo,5.323,9.2,4.2,5.0,,3.0,1.8,2.5,4.5,Não,Não,6.389,5.0,Fase 8 (Universitários),-1,7,8,Quartzo,Pública,9.2,6.389,-1,-1,False,False,False
RA-12,2022,7,A,Aluno-12,17,Feminino,2020,Pública,Quartzo,4.832,0.0,4.0,6.9,,1.5,2.7,1.1,0.7,Sim,Não,6.389,10.0,Fase 7 (3º EM),0,7,7,Quartzo,Pública,0.0,6.389,0,0,False,True,False
RA-13,2022,7,A,Aluno-13,18,Masculino,2016,Pública,Ágata,6.902,7.9,7.4,7.5,,4.7,3.5,5.5,5.2,Sim,Não,8.056,5.0,Fase 8 (Universitários),-1,7,8,Ágata,Pública,7.9,8.056,-1,-1,False,True,False
RA-14,2022,7,D,Aluno-14,21,Masculino,2022,Pública,Ágata,6.793,7.9,8.3,7.5,,4.0,8.0,0.0,,Sim,Não,7.75,5.0,Fase 8 (Universitários),-1,7,8,Ágata,Pública,7.9,7.75,-1,-1,False,False,False
RA-15,2022,7,D,Aluno-15,18,Masculino,2022,Pública,Ametista,7.783,8.8,10.0,7.5,,7.3,8.0,6.5,,Sim,Não,7.292,5.0,Fase 8 (Universitários),-1,7,8,Ametista,Pública,8.8,7.292,-1,-1,False,False,False
RA-16,2022,7,D,Aluno-16,19,Masculino,2022,Pública,Ágata,6.112,7.9,8.3,5.0,,3.5,7.0,0.0,,Sim,Não,6.333,5.0,Fase 8 (Universitários),-1,7,8,Ágata,Pública,7.9,6.333,-1,-1,False,False,False
RA-17,2022,7,D,Aluno-17,20,Masculino,2022,Pública,Topázio,8.068,8.8,10.0,7.5,,7.8,9.0,6.5,,Sim,Não,8.292,5.0,Fase 8 (Universitários),-1,7,8,Topázio,Pública,8.8,8.292,-1,-1,False,False,False
RA-18,2022,7,D,Aluno-18,19,Masculino,2022,Pública,Ametista,7.226,6.3,8.7,6.3,,9.0,9.0,9.0,,Sim,Não,6.875,5.0,Fase 8 (Universitários),-1,7,8,Ametista,Pública,6.3,6.875,-1,-1,False,False,False
RA-19,2022,7,D,Aluno-19,19,Feminino,2022,Pública,Ametista,7.665,7.9,9.5,7.5,,8.0,7.0,9.0,,Sim,Não,7.0,5.0,Fase 8 (Universitários),-1,7,8,Ametista,Pública,7.9,7.0,-1,-1,False,False,False
RA-20,2022,7,D,Aluno-20,19,Feminino,2022,Pública,Ametista,7.535,7.1,10.0,6.3,,7.8,9.0,6.5,,Sim,Não,7.167,5.0,Fase 8 (Universitários),-1,7,8,Ametista,Pública,7.1,7.167,-1,-1,False,False,False
RA-21,2022,7,D,Aluno-21,18,Masculino,2022,Pública,Ágata,6.945,9.6,9.2,7.5,,3.8,7.0,0.5,,Sim,Não,7.25,5.0,Fase 8 (Universitários),-1,7,8,Ágata,Pública,9.6,7.25,-1,-1,False,False,False
RA-22,2022,6,A,Aluno-22,17,Feminino,2019,Rede Decisão,Ametista,7.474,8.3,7.4,8.1,,6.7,9.0,3.1,7.8,Não,Sim,8.833,5.0,Fase 7 (3º EM),-1,6,7,Ametista,Rede Decisão,8.3,8.833,-1,-1,False,False,False
RA-23,2022,6,A,Aluno-23,17,Masculino,2021,Pública,Ametista,7.677,8.3,8.2,8.1,,6.7,7.2,4.7,8.2,Sim,Sim,8.556,5.0,Fase 7 (3º EM),-1,6,7,Ametista,Pública,8.3,8.556,-1,-1,False,False,False
RA-24,2022,6,A,Aluno-24,17,Feminino,2021,Rede Decisão,Topázio,8.087,9.2,7.9,6.9,,8.6,10.0,6.3,9.7,Não,Sim,9.111,5.0,Fase 7 (3º EM),-1,6,7,Topázio,Rede Decisão,9.2,9.111,-1,-1,False,False,False
RA-25,2022,6,A,Aluno-25,17,Feminino,2021,Pública,Ametista,7.979,8.3,8.3,8.8,,6.9,9.2,3.8,7.7,Sim,Sim,9.667,5.0,Fase 7 (3º EM),-1,6,7,Ametista,Pública,8.3,9.667,-1,-1,False,False,False
RA-26,2022,6,A,Aluno-26,17,Masculino,2022,Pública,Topázio,8.677,9.6,8.8,10.0,,8.0,9.5,4.4,10.0,Sim,Sim,10.0,5.0,Fase 7 (3º EM),-1,6,7,Topázio,Pública,9.6,10.0,-1,-1,False,False,False
RA-27,2022,6,A,Aluno-27,17,Masculino,2016,Rede Decisão,Ametista,7.124,0.0,7.6,8.1,,8.0,7.7,6.3,10.0,Não,Sim,9.111,5.0,Fase 7 (3º EM),-1,6,7,Ametista,Rede Decisão,0.0,9.111,-1,-1,False,True,False
RA-28,2022,6,A,Aluno-28,17,Feminino,2019,Pública,Ágata,6.242,7.9,6.1,7.5,,5.0,8.2,1.5,5.3,Não,Não,6.333,5.0,Fase 7 (3º EM),-1,6,7,Ágata,Pública,7.9,6.333,-1,-1,False,False,False
RA-29,2022,6,A,Aluno-29,17,Masculino,2022,Pública,Quartzo,4.985,0.0,4.0,8.8,,3.7,6.3,1.1,3.8,Sim,Não,7.611,5.0,Fase 7 (3º EM),-1,6,7,Quartzo,Pública,0.0,7.611,-1,-1,False,False,False
RA-30,2022,6,A,Aluno-30,16,Feminino,2021,Pública,Ametista,7.605,8.8,6.4,7.5,,7.5,8.5,4.4,9.7,Não,Não,7.333,10.0,Fase 6 (2º EM),0,6,6,Ametista,Pública,8.8,7.333,0,0,False,False,False
RA-31,2022,6,A,Aluno-31,17,Feminino,2019,Rede Decisão,Topázio,8.843,10.0,9.5,9.4,,8.0,9.0,5.7,9.3,Não,Sim,10.0,5.0,Fase 7 (3º EM),-1,6,7,Topázio,Rede Decisão,10.0,10.0,-1,-1,False,True,False
RA-32,2022,6,A,Aluno-32,16,Feminino,2018,Rede Decisão,Ametista,7.37,8.8,5.2,8.8,,6.1,5.7,3.6,8.9,Não,Não,7.944,10.0,Fase 6 (2º EM),0,6,6,Ametista,Rede Decisão,8.8,7.944,0,0,False,False,False
RA-33,2022,6,A,Aluno-33,17,Feminino,2020,Pública,Quartzo,4.952,0.0,4.6,7.5,,4.8,9.0,1.6,3.7,Não,Não,6.0,5.0,Fase 7 (3º EM),-1,6,7,Quartzo,Pública,0.0,6.0,-1,-1,False,False,False
RA-34,2022,6,A,Aluno-34,17,Masculino,2016,Rede Decisão,Ágata,6.259,9.6,4.8,8.1,,3.8,4.7,4.0,2.8,Não,Não,7.278,5.0,Fase 7 (3º EM),-1,6,7,Ágata,Rede Decisão,9.6,7.278,-1,-1,False,False,False
RA-35,2022,6,A,Aluno-35,17,Feminino,2019,Rede Decisão,Topázio,8.965,10.0,9.6,9.4,,8.5,9.0,7.1,9.3,Não,Sim,10.0,5.0,Fase 7 (3º EM),-1,6,7,Topázio,Rede Decisão,10.0,10.0,-1,-1,False,True,False
RA-36,2022,6,A,Aluno-36,17,Feminino,2019,Rede Decisão,Ametista,7.876,9.2,9.0,6.9,,6.8,8.5,4.3,7.8,Não,Sim,8.944,5.0,Fase 7 (3º EM),-1,6,7,Ametista,Rede Decisão,9.2,8.944,-1,-1,False,True,False
RA-37,2022,6,A,Aluno-37,17,Feminino,2019,Rede Decisão,Quartzo,4.95,0.0,5.4,5.0,,5.9,2.3,5.3,10.0,Não,Não,5.222,5.0,Fase 7 (3º EM),-1,6,7,Quartzo,Rede Decisão,0.0,5.222,-1,-1,False,False,False
RA-38,2022,6,A,Aluno-38,17,Feminino,2017,Rede Decisão,Topázio,8.523,9.2,8.9,7.5,,8.6,9.0,7.0,9.7,Não,Sim,9.833,5.0,Fase 7 (3º EM),-1,6,7,Topázio,Rede Decisão,9.2,9.833,-1,-1,False,True,False
RA-39,2022,6,A,Aluno-39,16,Feminino,2017,Rede Decisão,Ágata,6.033,0.0,4.8,6.9,,6.9,7.7,5.1,7.8,Não,Não,6.111,10.0,Fase 6 (2º EM),0,6,6,Ágata,Rede Decisão,0.0,6.111,0,0,False,True,False
RA-40,2022,5,A,Aluno-40,16,Feminino,2016,Rede Decisão,Ametista,7.203,7.9,7.8,7.5,,6.8,4.7,7.3,8.4,Não,Não,7.75,5.0,Fase 6 (2º EM),-1,5,6,Ametista,Rede Decisão,7.9,7.75,-1,-1,False,True,False
RA-41,2022,5,A,Aluno-41,17,Masculino,2018,Pública,Quartzo,5.581,9.2,6.1,5.0,,5.6,6.3,2.5,8.0,Não,Não,4.375,5.0,Fase 7 (3º EM),-2,5,7,Quartzo,Pública,9.2,4.375,-2,-2,False,False,False
RA-42,2022,5,A,Aluno-42,15,Masculino,2019,Rede Decisão,Ágata,6.72,8.3,7.9,5.6,,4.8,3.7,4.5,6.2,Não,Não,6.083,10.0,Fase 5 (1º EM),0,5,5,Ágata,Rede Decisão,8.3,6.083,0,0,False,True,False
RA-43,2022,5,A,Aluno-43,16,Feminino,2019,Pública,Quartzo,5.486,6.3,6.5,5.6,,4.3,4.0,5.8,3.2,Não,Não,5.958,5.0,Fase 6 (2º EM),-1,5,6,Quartzo,Pública,6.3,5.958,-1,-1,False,False,False
RA-44,2022,5,A,Aluno-44,17,Feminino,2021,Pública,Quartzo,5.542,5.0,5.9,7.5,,3.0,2.3,3.5,3.2,Sim,Não,7.292,5.0,Fase 7 (3º EM),-2,5,7,Quartzo,Pública,5.0,7.292,-2,-2,False,False,False
RA-45,2022,5,A,Aluno-45,15,Feminino,2019,Rede Decisão,Ametista,7.591,7.9,8.9,5.6,,6.8,6.3,5.2,8.8,Não,Não,7.417,10.0,Fase 5 (1º EM),0,5,5,Ametista,Rede Decisão,7.9,7.417,0,0,False,True,False
RA-46,2022,5,A,Aluno-46,17,Feminino,2022,Pública,Ágata,6.048,8.8,8.4,6.3,,2.1,2.8,2.8,0.7,Não,Não,7.083,5.0,Fase 7 (3º EM),-2,5,7,Ágata,Pública,8.8,7.083,-2,-2,False,False,False
RA-47,2022,5,A,Aluno-47,17,Feminino,2022,Pública,Quartzo,5.677,7.9,6.3,7.5,,2.1,2.5,2.2,1.5,Não,Não,7.042,5.0,Fase 7 (3º EM),-2,5,7,Quartzo,Pública,7.9,7.042,-2,-2,False,False,False
RA-48,2022,5,A,Aluno-48,15,Feminino,2017,Rede Decisão,Ametista,8.006,6.7,8.4,7.5,,8.1,6.7,8.0,9.5,Não,Sim,8.5,10.0,Fase 5 (1º EM),0,5,5,Ametista,Rede Decisão,6.7,8.5,0,0,False,True,False
RA-49,2022,5,A,Aluno-49,17,Feminino,2022,Pública,Ágata,6.304,7.5,7.4,7.5,,3.9,1.5,4.2,6.2,Não,Não,7.042,5.0,Fase 7 (3º EM),-2,5,7,Ágata,Pública,7.5,7.042,-2,-2,False,False,False
RA-50,2022,5,A,Aluno-50,18,Feminino,2022,Pública,Ametista,7.138,7.5,8.4,7.5,,7.8,6.5,7.3,9.7,Não,Não,7.542,2.5,Fase 8 (Universitários),-3,5,8,Ametista,Pública,7.5,7.542,-3,-3,False,False,False
RA-51,2022,5,B,Aluno-51,17,Feminino,2022,Pública,Ágata,6.488,8.8,7.6,7.5,,5.0,4.5,4.5,6.0,Não,Não,6.5,5.0,Fase 7 (3º EM),-2,5,7,Ágata,Pública,8.8,6.5,-2,-2,False,False,False
RA-52,2022,5,B,Aluno-52,13,Masculino,2018,Rede Decisão,Ametista,7.861,9.6,8.9,7.5,,6.2,3.3,6.3,8.8,Não,Não,7.5,10.0,Fase 3 (7º e 8º ano),2,5,3,Ametista,Rede Decisão,9.6,7.5,2,2,False,True,False
RA-53,2022,5,B,Aluno-53,17,Masculino,2022,Pública,Ágata,6.725,9.2,7.0,7.5,,7.0,6.0,8.0,,Não,Não,6.458,5.0,Fase 7 (3º EM),-2,5,7,Ágata,Pública,9.2,6.458,-2,-2,False,False,False
RA-54,2022,5,B,Aluno-54,16,Feminino,2022,Pública,Ágata,6.058,7.9,6.9,7.5,,4.8,3.0,6.5,,Não,Não,6.125,5.0,Fase 6 (2º EM),-1,5,6,Ágata,Pública,7.9,6.125,-1,-1,False,False,False
RA-55,2022,5,B,Aluno-55,16,Feminino,2017,Pública,Ágata,6.576,7.1,7.6,5.6,,7.5,6.7,7.8,7.9,Não,Não,6.5,5.0,Fase 6 (2º EM),-1,5,6,Ágata,Pública,7.1,6.5,-1,-1,False,False,False
RA-56,2022,5,B,Aluno-56,15,Feminino,2019,Rede Decisão,Topázio,8.404,10.0,10.0,7.5,,7.0,4.5,6.5,10.0,Não,Não,8.25,10.0,Fase 5 (1º EM),0,5,5,Topázio,Rede Decisão,10.0,8.25,0,0,False,True,False
RA-57,2022,5,B,Aluno-57,16,Masculino,2017,Rede Decisão,Ametista,7.305,7.1,8.1,5.6,,8.4,9.0,7.0,9.3,Não,Não,7.875,5.0,Fase 6 (2º EM),-1,5,6,Ametista,Rede Decisão,7.1,7.875,-1,-1,False,True,False
RA-58,2022,5,B,Aluno-58,15,Masculino,2017,Rede Decisão,Topázio,8.136,9.6,9.2,6.3,,7.2,4.5,8.0,9.0,Não,Não,8.125,10.0,Fase 5 (1º EM),0,5,5,Topázio,Rede Decisão,9.6,8.125,0,0,False,True,False
RA-59,2022,5,B,Aluno-59,17,Masculino,2022,Pública,Ametista,7.642,9.2,9.3,7.5,,7.2,7.0,5.7,8.8,Não,Não,7.917,5.0,Fase 7 (3º EM),-2,5,7,Ametista,Pública,9.2,7.917,-2,-2,False,False,False
RA-60,2022,5,B,Aluno-60,18,Feminino,2021,Pública,Quartzo,5.537,6.7,6.0,7.5,,4.9,5.0,6.2,3.5,Não,Não,6.167,2.5,Fase 8 (Universitários),-3,5,8,Quartzo,Pública,6.7,6.167,-3,-3,False,False,False
RA-61,2022,5,B,Aluno-61,15,Masculino,2021,Pública,Ametista,7.533,9.2,7.4,7.5,,5.8,1.7,6.3,9.3,Sim,Não,7.875,10.0,Fase 5 (1º EM),0,5,5,Ametista,Pública,9.2,7.875,0,0,False,False,False
RA-62,2022,5,B,Aluno-62,17,Masculino,2022,Pública,Ametista,7.891,8.8,9.4,7.5,,9.3,8.5,10.0,,Sim,Não,7.25,5.0,Fase 7 (3º EM),-2,5,7,Ametista,Pública,8.8,7.25,-2,-2,True,False,False
RA-63,2022,5,B,Aluno-63,16,Masculino,2018,Rede Decisão,Topázio,8.282,8.3,9.1,8.8,,8.7,8.2,8.2,9.7,Não,Sim,9.417,5.0,Fase 6 (2º EM),-1,5,6,Topázio,Rede Decisão,8.3,9.417,-1,-1,False,False,False
RA-64,2022,5,B,Aluno-64,16,Masculino,2019,Pública,Ametista,7.368,7.1,8.1,8.1,,7.5,4.8,8.2,9.4,Sim,Não,8.25,5.0,Fase 6 (2º EM),-1,5,6,Ametista,Pública,7.1,8.25,-1,-1,True,True,False
RA-65,2022,5,B,Aluno-65,17,Feminino,2022,Pública,Ametista,7.712,8.3,7.7,7.5,,9.3,9.0,9.5,9.5,Sim,Não,7.875,5.0,Fase 7 (3º EM),-2,5,7,Ametista,Pública,8.3,7.875,-2,-2,False,False,False
RA-66,2022,5,B,Aluno-66,17,Feminino,2022,Pública,Quartzo,5.665,7.5,5.6,7.5,,4.5,3.0,6.0,,Não,Não,5.917,5.0,Fase 7 (3º EM),-2,5,7,Quartzo,Pública,7.5,5.917,-2,-2,False,False,False
RA-67,2022,5,C,Aluno-67,16,Feminino,2019,Pública,Quartzo,5.195,5.8,3.0,7.5,,3.6,3.0,4.2,3.5,Não,Não,6.889,5.0,Fase 6 (2º EM),-1,5,6,Quartzo,Pública,5.8,6.889,-1,-1,False,False,False
RA-68,2022,5,C,Aluno-68,16,Masculino,2019,Pública,Ágata,6.438,8.3,6.0,7.5,,4.0,4.7,4.8,2.7,Sim,Não,7.944,5.0,Fase 6 (2º EM),-1,5,6,Ágata,Pública,8.3,7.944,-1,-1,False,False,False
RA-69,2022,5,C,Aluno-69,16,Masculino,2018,Pública,Quartzo,5.718,8.3,6.1,7.5,,2.5,4.7,2.6,0.3,Não,Não,6.167,5.0,Fase 6 (2º EM),-1,5,6,Quartzo,Pública,8.3,6.167,-1,-1,False,False,False
RA-70,2022,5,C,Aluno-70,16,Feminino,2017,Pública,Quartzo,5.712,8.8,6.6,5.0,,2.9,5.7,2.9,0.2,Não,Não,6.111,5.0,Fase 6 (2º EM),-1,5,6,Quartzo,Pública,8.8,6.111,-1,-1,False,False,False
RA-71,2022,5,C,Aluno-71,17,Feminino,2019,Pública,Quartzo,4.332,7.9,2.0,7.5,,1.2,1.3,2.2,0.0,Não,Não,5.833,5.0,Fase 7 (3º EM),-2,5,7,Quartzo,Pública,7.9,5.833,-2,-2,False,False,False
RA-72,2022,5,C,Aluno-72,17,Feminino,2022,Pública,Ametista,7.64,8.3,7.5,7.5,,7.8,7.5,7.8,8.0,Sim,Sim,8.667,5.0,Fase 7 (3º EM),-2,5,7,Ametista,Pública,8.3,8.667,-2,-2,False,False,False
RA-73,2022,5,C,Aluno-73,17,Feminino,2022,Pública,Quartzo,5.271,7.1,3.0,7.5,,3.3,4.5,3.0,2.3,Sim,Não,7.278,5.0,Fase 7 (3º EM),-2,5,7,Quartzo,Pública,7.1,7.278,-2,-2,False,False,False
RA-74,2022,5,C,Aluno-74,16,Masculino,2022,Pública,Quartzo,4.989,9.6,3.3,7.5,,2.0,6.0,0.0,0.0,Não,Não,5.833,5.0,Fase 6 (2º EM),-1,5,6,Quartzo,Pública,9.6,5.833,-1,-1,False,False,False
RA-75,2022,5,F,Aluno-75,16,Feminino,2022,Pública,Quartzo,3.915,5.4,3.8,6.3,,0.0,0.0,0.0,,Não,Não,4.625,5.0,Fase 6 (2º EM),-1,5,6,Quartzo,Pública,5.4,4.625,-1,-1,False,False,False
RA-76,2022,5,F,Aluno-76,15,Feminino,2017,Rede Decisão,Topázio,9.105,10.0,9.1,8.1,,8.7,9.3,8.3,8.4,Não,Sim,9.292,10.0,Fase 5 (1º EM),0,5,5,Topázio,Rede Decisão,10.0,9.292,0,0,False,True,False
RA-77,2022,5,F,Aluno-77,16,Masculino,2019,Pública,Quartzo,3.846,7.1,2.7,5.0,,0.7,0.3,1.8,0.0,Não,Não,4.625,5.0,Fase 6 (2º EM),-1,5,6,Quartzo,Pública,7.1,4.625,-1,-1,False,False,False
RA-78,2022,5,F,Aluno-78,17,Masculino,2018,Rede Decisão,Ametista,7.04,8.3,6.6,5.6,,7.2,8.7,5.7,7.3,Não,Não,8.0,5.0,Fase 7 (3º EM),-2,5,7,Ametista,Rede Decisão,8.3,8.0,-2,-2,True,True,False
RA-79,2022,5,F,Aluno-79,16,Feminino,2018,Rede Decisão,Ágata,6.847,5.4,6.3,5.6,,8.9,9.5,7.7,9.5,Não,Não,7.292,5.0,Fase 6 (2º EM),-1,5,6,Ágata,Rede Decisão,5.4,7.292,-1,-1,False,False,False
RA-80,2022,5,K,Aluno-80,16,Feminino,2017,Rede Decisão,Ametista,7.29,9.2,8.3,5.0,,7.1,6.5,7.7,7.3,Não,Não,7.625,5.0,Fase 6 (2º EM),-1,5,6,Ametista,Rede Decisão,9.2,7.625,-1,-1,False,True,False
RA-81,2022,5,K,Aluno-81,14,Feminino,2017,Rede Decisão,Ametista,7.675,9.2,9.2,5.0,,6.0,5.5,5.2,7.3,Não,Não,7.458,10.0,Fase 4 (9º ano),1,5,4,Ametista,Rede Decisão,9.2,7.458,1,1,False,True,False
RA-82,2022,5,K,Aluno-82,17,Feminino,2022,Pública,Ágata,6.596,8.8,6.8,7.5,,5.5,6.0,5.0,,Sim,Não,6.417,5.0,Fase 7 (3º EM),-2,5,7,Ágata,Pública,8.8,6.417,-2,-2,False,False,False
RA-83,2022,5,K,Aluno-83,17,Feminino,2022,Pública,Ágata,6.671,7.9,6.8,7.5,,6.8,6.0,7.5,,Sim,Não,5.958,5.0,Fase 7 (3º EM),-2,5,7,Ágata,Pública,7.9,5.958,-2,-2,False,False,False
RA-84,2022,5,K,Aluno-84,17,Feminino,2018,Rede Decisão,Ágata,6.682,7.1,8.8,5.0,,5.8,5.7,6.5,5.2,Não,Não,6.75,5.0,Fase 7 (3º EM),-2,5,7,Ágata,Rede Decisão,7.1,6.75,-2,-2,False,False,False
RA-85,2022,5,K,Aluno-85,15,Masculino,2022,Pública,Ágata,6.243,6.7,7.3,5.0,,4.3,5.0,3.5,,Não,Não,5.833,10.0,Fase 5 (1º EM),0,5,5,Ágata,Pública,6.7,5.833,0,0,False,False,False
RA-86,2022,5,K,Aluno-86,16,Masculino,2016,Rede Decisão,Ametista,7.566,7.5,9.6,5.6,,6.7,6.2,7.2,6.9,Não,Sim,8.458,5.0,Fase 6 (2º EM),-1,5,6,Ametista,Rede Decisão,7.5,8.458,-1,-1,False,True,False
RA-87,2022,5,K,Aluno-87,15,Masculino,2021,Rede Decisão,Topázio,8.712,8.3,9.6,7.5,,8.8,8.3,8.0,10.0,Não,Sim,8.5,10.0,Fase 5 (1º EM),0,5,5,Topázio,Rede Decisão,8.3,8.5,0,0,False,False,False
RA-88,2022,5,K,Aluno-88,17,Masculino,2021,Pública,Ametista,7.498,7.1,9.2,5.6,,6.5,6.8,6.2,6.4,Sim,Sim,9.208,5.0,Fase 7 (3º EM),-2,5,7,Ametista,Pública,7.1,9.208,-2,-2,False,False,False
RA-89,2022,5,K,Aluno-89,16,Masculino,2021,Pública,Ametista,7.323,9.6,7.8,7.5,,5.9,7.5,5.7,4.7,Sim,Não,8.0,5.0,Fase 6 (2º EM),-1,5,6,Ametista,Pública,9.6,8.0,-1,-1,False,False,False
RA-90,2022,5,L,Aluno-90,13,Feminino,2019,Rede Decisão,Topázio,9.442,10.0,9.7,9.4,,8.5,7.7,8.0,9.8,Não,Sim,9.75,10.0,Fase 3 (7º e 8º ano),2,5,3,Topázio,Rede Decisão,10.0,9.75,2,2,False,True,False
RA-91,2022,5,L,Aluno-91,16,Feminino,2016,Rede Decisão,Ágata,6.645,9.2,5.7,5.6,,6.6,5.5,5.7,8.5,Não,Não,7.125,5.0,Fase 6 (2º EM),-1,5,6,Ágata,Rede Decisão,9.2,7.125,-1,-1,False,True,False
RA-92,2022,5,L,Aluno-92,16,Feminino,2016,Rede Decisão,Ágata,6.957,9.2,7.1,5.0,,7.4,7.8,5.5,8.8,Não,Não,6.667,5.0,Fase 6 (2º EM),-1,5,6,Ágata,Rede Decisão,9.2,6.667,-1,-1,False,True,False
RA-93,2022,5,L,Aluno-93,15,Feminino,2016,Rede Decisão,Topázio,8.941,8.3,9.7,8.1,,8.5,8.8,8.3,8.4,Não,Sim,9.083,10.0,Fase 5 (1º EM),0,5,5,Topázio,Rede Decisão,8.3,9.083,0,0,False,True,False
RA-94,2022,5,L,Aluno-94,15,Feminino,2018,Rede Decisão,Topázio,8.921,8.3,9.6,8.1,,7.7,7.0,6.7,9.5,Não,Sim,9.583,10.0,Fase 5 (1º EM),0,5,5,Topázio,Rede Decisão,8.3,9.583,0,0,False,True,False
RA-95,2022,5,L,Aluno-95,17,Feminino,2022,Pública,Ágata,6.308,8.3,6.6,7.5,,4.8,6.0,8.0,0.5,Não,Não,6.292,5.0,Fase 7 (3º EM),-2,5,7,Ágata,Pública,8.3,6.292,-2,-2,False,False,False
RA-96,2022,5,L,Aluno-96,16,Masculino,2021,Pública,Ametista,7.54,9.2,7.8,6.9,,6.7,5.7,6.5,8.0,Sim,Sim,8.5,5.0,Fase 6 (2º EM),-1,5,6,Ametista,Pública,9.2,8.5,-1,-1,False,False,False
RA-97,2022,5,L,Aluno-97,15,Feminino,2017,Rede Decisão,Ametista,7.468,7.5,8.8,5.0,,6.9,5.3,6.7,8.8,Não,Não,6.292,10.0,Fase 5 (1º EM),0,5,5,Ametista,Rede Decisão,7.5,6.292,0,0,False,False,False
RA-98,2022,5,L,Aluno-98,15,Feminino,2017,Rede Decisão,Topázio,9.354,8.8,10.0,9.4,,8.5,8.4,8.2,8.9,Não,Sim,9.667,10.0,Fase 5 (1º EM),0,5,5,Topázio,Rede Decisão,8.8,9.667,0,0,False,True,False
RA-99,2022,5,L,Aluno-99,16,Masculino,2019,Pública,Ágata,6.158,8.8,6.3,7.5,,5.0,5.7,3.4,5.8,Não,Não,5.833,5.0,Fase 6 (2º EM),-1,5,6,Ágata,Pública,8.8,5.833,-1,-1,False,False,False
RA-100,2022,4,A,Aluno-100,13,Feminino,2019,Rede Decisão,Ametista,7.618,8.8,7.8,5.0,,7.6,7.0,7.8,8.1,Não,Não,7.25,10.0,Fase 3 (7º e 8º ano),1,4,3,Ametista,Rede Decisão,8.8,7.25,1,1,False,False,False
RA-101,2022,4,A,Aluno-101,15,Feminino,2021,Pública,Ametista,7.305,7.9,8.3,7.5,,7.6,7.2,6.5,9.2,Sim,Não,6.833,5.0,Fase 5 (1º EM),-1,4,5,Ametista,Pública,7.9,6.833,-1,-1,False,False,False
RA-102,2022,4,A,Aluno-102,14,Masculino,2019,Pública,Ágata,6.922,6.7,7.7,6.9,,5.7,4.7,6.8,5.5,Não,Não,6.0,10.0,Fase 4 (9º ano),0,4,4,Ágata,Pública,6.7,6.0,0,0,False,False,False
RA-103,2022,4,A,Aluno-103,13,Feminino,2020,Rede Decisão,Topázio,8.107,7.9,8.7,7.5,,7.3,7.3,7.3,7.3,Não,Não,7.708,10.0,Fase 3 (7º e 8º ano),1,4,3,Topázio,Rede Decisão,7.9,7.708,1,1,False,True,False
RA-104,2022,4,A,Aluno-104,18,Masculino,2022,Pública,Ágata,6.315,7.9,8.7,7.5,,3.7,4.8,5.8,0.3,Não,Não,6.708,2.5,Fase 8 (Universitários),-4,4,8,Ágata,Pública,7.9,6.708,-4,-4,False,False,False
RA-105,2022,4,A,Aluno-105,17,Masculino,2016,Rede Decisão,Ágata,6.846,7.9,8.2,5.6,,6.7,7.2,6.2,6.8,Não,Não,7.417,2.5,Fase 7 (3º EM),-3,4,7,Ágata,Rede Decisão,7.9,7.417,-3,-3,False,False,False
RA-106,2022,4,A,Aluno-106,15,Feminino,2016,Rede Decisão,Ametista,7.973,9.2,8.0,9.4,,7.4,7.8,7.2,7.2,Não,Sim,8.375,5.0,Fase 5 (1º EM),-1,4,5,Ametista,Rede Decisão,9.2,8.375,-1,-1,False,True,False
RA-107,2022,4,A,Aluno-107,15,Feminino,2018,Pública,Ágata,6.258,7.5,6.4,7.5,,4.6,3.3,4.3,6.0,Sim,Não,6.5,5.0,Fase 5 (1º EM),-1,4,5,Ágata,Pública,7.5,6.5,-1,-1,False,True,False
RA-108,2022,4,A,Aluno-108,17,Feminino,2019,Pública,Quartzo,5.547,4.6,7.7,5.0,,5.0,3.0,5.8,6.2,Não,Não,6.125,2.5,Fase 7 (3º EM),-3,4,7,Quartzo,Pública,4.6,6.125,-3,-3,False,False,False
RA-109,2022,4,A,Aluno-109,16,Masculino,2021,Rede Decisão,Topázio,8.512,8.8,10.0,8.8,,8.4,7.8,7.5,9.9,Não,Sim,8.667,5.0,Fase 6 (2º EM),-2,4,6,Topázio,Rede Decisão,8.8,8.667,-2,-2,False,False,False
RA-110,2022,4,A,Aluno-110,14,Masculino,2017,Rede Decisão,Topázio,8.15,9.2,9.7,5.6,,6.7,8.3,5.7,6.0,Não,Não,8.0,10.0,Fase 4 (9º ano),0,4,4,Topázio,Rede Decisão,9.2,8.0,0,0,False,True,False
RA-111,2022,4,A,Aluno-111,13,Feminino,2020,Rede Decisão,Topázio,8.646,7.5,9.4,8.1,,8.0,6.7,7.5,9.7,Não,Sim,8.667,10.0,Fase 3 (7º e 8º ano),1,4,3,Topázio,Rede Decisão,7.5,8.667,1,1,False,True,False
RA-112,2022,4,A,Aluno-112,15,Feminino,2016,Rede Decisão,Ametista,7.836,7.9,7.8,6.3,,8.5,9.0,7.5,9.1,Não,Sim,8.833,5.0,Fase 5 (1º EM),-1,4,5,Ametista,Rede Decisão,7.9,8.833,-1,-1,False,True,False
RA-113,2022,4,A,Aluno-113,15,Feminino,2017,Rede Decisão,Quartzo,3.032,0.0,0.0,5.0,,3.7,3.3,5.5,2.3,Não,Não,3.792,5.0,Fase 5 (1º EM),-1,4,5,Quartzo,Rede Decisão,0.0,3.792,-1,-1,False,True,False
RA-114,2022,4,A,Aluno-114,16,Masculino,2022,Pública,Quartzo,5.894,7.9,6.3,7.5,,5.3,6.0,4.5,,Não,Não,5.0,5.0,Fase 6 (2º EM),-2,4,6,Quartzo,Pública,7.9,5.0,-2,-2,False,False,False
RA-115,2022,4,A,Aluno-115,16,Feminino,2019,Pública,Quartzo,5.886,8.3,6.8,6.3,,3.8,3.0,5.7,2.7,Não,Não,5.583,5.0,Fase 6 (2º EM),-2,4,6,Quartzo,Pública,8.3,5.583,-2,-2,False,True,False
RA-116,2022,4,B,Aluno-116,16,Feminino,2019,Pública,Ágata,6.854,5.8,8.1,6.3,,5.9,5.0,7.2,5.5,Sim,Não,7.792,5.0,Fase 6 (2º EM),-2,4,6,Ágata,Pública,5.8,7.792,-2,-2,False,True,False
RA-117,2022,4,B,Aluno-117,15,Feminino,2022,Pública,Ágata,6.685,7.9,6.3,6.9,,6.1,4.7,6.7,7.0,Não,Não,7.417,5.0,Fase 5 (1º EM),-1,4,5,Ágata,Pública,7.9,7.417,-1,-1,False,False,False
RA-118,2022,4,B,Aluno-118,14,Feminino,2021,Pública,Quartzo,5.597,0.0,5.3,6.3,,3.9,3.7,4.7,3.5,Não,Não,6.958,10.0,Fase 4 (9º ano),0,4,4,Quartzo,Pública,0.0,6.958,0,0,False,False,False
RA-119,2022,4,B,Aluno-119,14,Feminino,2016,Rede Decisão,Ametista,7.501,8.3,8.2,5.6,,5.4,5.7,7.0,3.4,Não,Não,7.875,10.0,Fase 4 (9º ano),0,4,4,Ametista,Rede Decisão,8.3,7.875,0,0,False,True,False
RA-120,2022,4,B,Aluno-120,15,Masculino,2019,Pública,Ágata,6.825,8.3,5.9,7.5,,6.2,3.7,5.2,9.7,Sim,Não,7.667,5.0,Fase 5 (1º EM),-1,4,5,Ágata,Pública,8.3,7.667,-1,-1,False,False,False
RA-121,2022,4,B,Aluno-121,16,Feminino,2021,Pública,Ametista,7.245,7.1,8.4,6.3,,7.2,5.7,6.8,9.0,Sim,Não,7.625,5.0,Fase 6 (2º EM),-2,4,6,Ametista,Pública,7.1,7.625,-2,-2,False,False,False
RA-122,2022,4,B,Aluno-122,14,Feminino,2019,Pública,Quartzo,5.061,7.9,3.4,7.5,,1.8,1.7,3.7,0.0,Não,Não,4.958,10.0,Fase 4 (9º ano),0,4,4,Quartzo,Pública,7.9,4.958,0,0,False,False,False
RA-123,2022,4,B,Aluno-123,16,Masculino,2017,Rede Decisão,Ametista,7.084,7.9,8.6,5.6,,6.5,7.3,6.3,5.9,Não,Não,7.292,5.0,Fase 6 (2º EM),-2,4,6,Ametista,Rede Decisão,7.9,7.292,-2,-2,False,True,False
RA-124,2022,4,B,Aluno-124,14,Masculino,2016,Rede Decisão,Ametista,7.388,7.9,7.8,5.0,,6.7,5.7,7.0,7.5,Não,Não,7.167,10.0,Fase 4 (9º ano),0,4,4,Ametista,Rede Decisão,7.9,7.167,0,0,False,False,False
RA-125,2022,4,B,Aluno-125,15,Feminino,2022,Pública,Ametista,7.619,8.8,8.5,7.5,,7.1,5.0,7.2,9.2,Sim,Não,7.75,5.0,Fase 5 (1º EM),-1,4,5,Ametista,Pública,8.8,7.75,-1,-1,False,False,False
RA-126,2022,4,B,Aluno-126,15,Masculino,2018,Pública,Ágata,6.289,7.1,5.8,7.5,,4.4,4.0,5.0,4.2,Sim,Não,7.417,5.0,Fase 5 (1º EM),-1,4,5,Ágata,Pública,7.1,7.417,-1,-1,False,False,False
RA-127,2022,4,B,Aluno-127,14,Feminino,2022,Pública,Topázio,8.283,7.5,8.7,7.5,,7.9,7.7,7.7,8.3,Sim,Não,8.125,10.0,Fase 4 (9º ano),0,4,4,Topázio,Pública,7.5,8.125,0,0,False,False,False
RA-128,2022,4,B,Aluno-128,15,Masculino,2019,Pública,Quartzo,5.563,0.0,6.2,7.5,,5.6,6.7,6.8,3.2,Sim,Não,6.167,5.0,Fase 5 (1º EM),-1,4,5,Quartzo,Pública,0.0,6.167,-1,-1,False,False,False
RA-129,2022,4,B,Aluno-129,15,Masculino,2019,Pública,Ágata,6.926,6.7,6.4,7.5,,6.7,6.0,5.3,8.7,Sim,Não,7.792,5.0,Fase 5 (1º EM),-1,4,5,Ágata,Pública,6.7,7.792,-1,-1,False,False,False
RA-130,2022,4,F,Aluno-130,16,Feminino,2018,Pública,Quartzo,5.624,8.3,4.7,5.0,,4.1,3.7,5.2,3.5,Não,Não,6.5,5.0,Fase 6 (2º EM),-2,4,6,Quartzo,Pública,8.3,6.5,-2,-2,False,False,False
RA-131,2022,4,F,Aluno-131,15,Feminino,2016,Pública,Ametista,7.174,8.8,9.0,5.6,,5.6,6.0,6.5,4.2,Sim,Não,7.75,5.0,Fase 5 (1º EM),-1,4,5,Ametista,Pública,8.8,7.75,-1,-1,False,True,False
RA-132,2022,4,F,Aluno-132,14,Feminino,2019,Rede Decisão,Topázio,8.355,10.0,8.8,5.6,,7.7,6.5,7.5,9.1,Não,Sim,8.458,10.0,Fase 4 (9º ano),0,4,4,Topázio,Rede Decisão,10.0,8.458,0,0,False,True,False
RA-133,2022,4,F,Aluno-133,15,Feminino,2016,Pública,Ágata,6.875,7.9,7.1,7.5,,5.6,4.7,7.2,5.0,Não,Não,7.625,5.0,Fase 5 (1º EM),-1,4,5,Ágata,Pública,7.9,7.625,-1,-1,False,False,False
RA-134,2022,4,F,Aluno-134,15,Feminino,2021,Pública,Ágata,6.607,8.8,6.8,7.5,,4.7,4.7,6.8,2.5,Sim,Não,7.375,5.0,Fase 5 (1º EM),-1,4,5,Ágata,Pública,8.8,7.375,-1,-1,False,False,False
RA-135,2022,4,F,Aluno-135,15,Feminino,2019,Pública,Ametista,7.692,8.3,7.8,5.6,,8.6,8.0,8.2,9.5,Sim,Sim,8.583,5.0,Fase 5 (1º EM),-1,4,5,Ametista,Pública,8.3,8.583,-1,-1,False,False,False
RA-136,2022,4,F,Aluno-136,15,Masculino,2019,Pública,Ágata,6.478,10.0,6.3,7.5,,4.6,5.3,5.7,2.8,Não,Não,6.667,5.0,Fase 5 (1º EM),-1,4,5,Ágata,Pública,10.0,6.667,-1,-1,False,False,False
RA-137,2022,4,F,Aluno-137,17,Feminino,2016,Rede Decisão,Ametista,7.056,7.5,8.9,5.0,,7.3,6.0,7.3,8.5,Não,Não,7.792,2.5,Fase 7 (3º EM),-3,4,7,Ametista,Rede Decisão,7.5,7.792,-3,-3,False,True,False
RA-138,2022,4,F,Aluno-138,15,Masculino,2016,Pública,Ágata,6.738,9.6,8.0,5.6,,5.6,5.0,6.5,5.2,Sim,Não,6.375,5.0,Fase 5 (1º EM),-1,4,5,Ágata,Pública,9.6,6.375,-1,-1,False,True,False
RA-139,2022,4,F,Aluno-139,17,Masculino,2019,Pública,Quartzo,3.738,7.1,3.5,5.0,,1.4,1.7,2.7,0.0,Não,Não,3.917,2.5,Fase 7 (3º EM),-3,4,7,Quartzo,Pública,7.1,3.917,-3,-3,False,False,False
RA-140,2022,4,F,Aluno-140,14,Feminino,2021,Pública,Ametista,7.407,7.9,7.6,6.9,,5.7,5.0,6.5,5.6,Sim,Não,7.667,10.0,Fase 4 (9º ano),0,4,4,Ametista,Pública,7.9,7.667,0,0,False,False,False
RA-141,2022,4,F,Aluno-141,14,Masculino,2017,Pública,Ametista,7.118,9.2,8.2,5.6,,5.7,5.8,6.2,5.0,Não,Não,5.917,10.0,Fase 4 (9º ano),0,4,4,Ametista,Pública,9.2,5.917,0,0,False,False,False
RA-142,2022,4,F,Aluno-142,14,Feminino,2021,Pública,Ametista,7.457,6.7,8.6,5.6,,6.3,6.0,6.8,6.0,Não,Não,7.583,10.0,Fase 4 (9º ano),0,4,4,Ametista,Pública,6.7,7.583,0,0,False,False,False
RA-143,2022,4,F,Aluno-143,13,Masculino,2019,Rede Decisão,Topázio,8.638,8.3,9.9,5.6,,7.9,9.7,7.7,6.4,Não,Sim,9.5,10.0,Fase 3 (7º e 8º ano),1,4,3,Topázio,Rede Decisão,8.3,9.5,1,1,False,True,False
RA-144,2022,4,F,Aluno-144,14,Feminino,2017,Rede Decisão,Topázio,8.181,7.5,9.3,5.0,,7.9,7.5,7.2,9.0,Não,Não,8.292,10.0,Fase 4 (9º ano),0,4,4,Topázio,Rede Decisão,7.5,8.292,0,0,False,False,False
RA-145,2022,4,H,Aluno-145,16,Masculino,2017,Pública,Quartzo,5.846,0.0,6.3,8.1,,5.2,3.0,4.8,7.8,Sim,Não,7.25,5.0,Fase 6 (2º EM),-2,4,6,Quartzo,Pública,0.0,7.25,-2,-2,False,False,False
RA-146,2022,4,H,Aluno-146,15,Feminino,2022,Pública,Ametista,7.947,8.3,9.2,7.5,,7.9,6.3,7.3,10.0,Sim,Não,8.208,5.0,Fase 5 (1º EM),-1,4,5,Ametista,Pública,8.3,8.208,-1,-1,False,False,False
RA-147,2022,4,H,Aluno-147,14,Feminino,2022,Pública,Ametista,7.541,8.3,7.7,7.5,,6.1,5.8,4.8,7.7,Não,Não,7.25,10.0,Fase 4 (9º ano),0,4,4,Ametista,Pública,8.3,7.25,0,0,False,False,False
RA-148,2022,4,H,Aluno-148,14,Masculino,2022,Pública,Ametista,7.894,9.2,7.9,10.0,,5.3,4.7,6.3,5.0,Sim,Não,7.708,10.0,Fase 4 (9º ano),0,4,4,Ametista,Pública,9.2,7.708,0,0,False,False,False
RA-149,2022,4,H,Aluno-149,15,Feminino,2022,Pública,Ágata,6.323,9.2,6.5,7.5,,5.0,4.0,6.0,,Não,Não,6.125,5.0,Fase 5 (1º EM),-1,4,5,Ágata,Pública,9.2,6.125,-1,-1,False,False,False
RA-150,2022,4,H,Aluno-150,16,Feminino,2020,Pública,Ágata,6.962,9.6,6.3,6.9,,6.9,5.3,6.7,8.6,Sim,Não,7.333,5.0,Fase 6 (2º EM),-2,4,6,Ágata,Pública,9.6,7.333,-2,-2,False,False,False
RA-151,2022,4,H,Aluno-151,16,Feminino,2020,Pública,Ametista,7.563,8.8,7.5,6.9,,8.3,7.3,8.0,9.5,Sim,Não,7.958,5.0,Fase 6 (2º EM),-2,4,6,Ametista,Pública,8.8,7.958,-2,-2,False,False,False
RA-152,2022,4,L,Aluno-152,16,Feminino,2022,Pública,Ágata,6.712,8.3,7.0,7.5,,6.5,4.0,7.0,8.5,Não,Não,6.292,5.0,Fase 6 (2º EM),-2,4,6,Ágata,Pública,8.3,6.292,-2,-2,False,False,False
RA-153,2022,4,L,Aluno-153,14,Feminino,2018,Rede Decisão,Ametista,7.535,7.9,8.2,5.0,,6.6,3.3,7.7,8.8,Não,Não,7.708,10.0,Fase 4 (9º ano),0,4,4,Ametista,Rede Decisão,7.9,7.708,0,0,False,True,False
RA-154,2022,4,L,Aluno-154,15,Masculino,2017,Pública,Ágata,6.073,8.3,6.1,6.3,,4.0,3.7,6.2,2.1,Sim,Não,6.833,5.0,Fase 5 (1º EM),-1,4,5,Ágata,Pública,8.3,6.833,-1,-1,False,False,False
RA-155,2022,4,L,Aluno-155,16,Masculino,2022,Pública,Ametista,7.051,10.0,8.3,7.5,,5.2,4.3,6.8,4.3,Sim,Não,6.833,5.0,Fase 6 (2º EM),-2,4,6,Ametista,Pública,10.0,6.833,-2,-2,False,False,False
RA-156,2022,4,L,Aluno-156,15,Masculino,2018,Pública,Ametista,7.357,10.0,8.3,9.4,,4.4,4.7,6.5,2.1,Sim,Não,7.792,5.0,Fase 5 (1º EM),-1,4,5,Ametista,Pública,10.0,7.792,-1,-1,False,False,False
RA-157,2022,4,L,Aluno-157,12,Feminino,2018,Rede Decisão,Topázio,8.317,7.5,10.0,6.3,,7.7,7.0,7.5,8.7,Não,Não,8.292,10.0,Fase 3 (7º e 8º ano),1,4,3,Topázio,Rede Decisão,7.5,8.292,1,1,False,True,False
RA-158,2022,4,L,Aluno-158,17,Feminino,2017,Rede Decisão,Ametista,7.302,7.9,9.8,5.6,,6.6,5.0,6.7,8.1,Não,Não,8.125,2.5,Fase 7 (3º EM),-3,4,7,Ametista,Rede Decisão,7.9,8.125,-3,-3,False,True,True
RA-159,2022,4,L,Aluno-159,15,Feminino,2021,Pública,Ágata,6.49,8.3,8.1,5.6,,4.7,4.3,5.8,3.9,Não,Não,6.458,5.0,Fase 5 (1º EM),-1,4,5,Ágata,Pública,8.3,6.458,-1,-1,False,False,False
RA-160,2022,4,L,Aluno-160,15,Feminino,2021,Pública,Ágata,6.746,7.5,7.2,5.6,,5.3,2.7,6.0,7.1,Sim,Não,8.25,5.0,Fase 5 (1º EM),-1,4,5,Ágata,Pública,7.5,8.25,-1,-1,False,False,False
RA-161,2022,4,L,Aluno-161,11,Feminino,2018,Rede Decisão,Ametista,7.957,7.9,9.1,5.6,,6.9,5.3,6.8,8.5,Não,Não,8.083,10.0,Fase 2 (5º e 6º ano),2,4,2,Ametista,Rede Decisão,7.9,8.083,2,2,False,True,True
RA-162,2022,4,L,Aluno-162,14,Feminino,2021,Pública,Ametista,7.215,6.7,8.5,7.5,,5.5,4.7,5.5,6.4,Não,Não,6.542,10.0,Fase 4 (9º ano),0,4,4,Ametista,Pública,6.7,6.542,0,0,False,False,False
RA-163,2022,4,L,Aluno-163,15,Feminino,2021,Pública,Ágata,6.797,8.8,7.9,5.6,,6.7,6.5,6.3,7.4,Não,Não,6.5,5.0,Fase 5 (1º EM),-1,4,5,Ágata,Pública,8.8,6.5,-1,-1,False,False,False
RA-164,2022,4,L,Aluno-164,16,Masculino,2018,Pública,Ágata,6.776,8.3,7.3,5.6,,6.5,4.7,6.5,8.3,Sim,Não,7.208,5.0,Fase 6 (2º EM),-2,4,6,Ágata,Pública,8.3,7.208,-2,-2,False,True,False
RA-165,2022,4,L,Aluno-165,14,Feminino,2017,Rede Decisão,Topázio,8.063,7.1,9.8,5.6,,7.6,5.3,7.8,9.7,Não,Não,7.5,10.0,Fase 4 (9º ano),0,4,4,Topázio,Rede Decisão,7.1,7.5,0,0,False,True,False
RA-166,2022,4,L,Aluno-166,14,Masculino,2020,Pública,Topázio,8.253,9.2,9.0,6.3,,8.1,7.0,7.2,10.0,Sim,Não,7.542,10.0,Fase 4 (9º ano),0,4,4,Topázio,Pública,9.2,7.542,0,0,False,True,False
RA-167,2022,4,P,Aluno-167,16,Feminino,2018,Rede Decisão,Ametista,7.798,9.2,9.7,5.6,,7.9,9.3,8.0,6.3,Não,Não,7.833,5.0,Fase 6 (2º EM),-2,4,6,Ametista,Rede Decisão,9.2,7.833,-2,-2,False,True,False
RA-168,2022,4,P,Aluno-168,15,Feminino,2018,Rede Decisão,Ágata,6.917,7.9,8.3,6.3,,5.9,4.7,8.2,5.0,Não,Não,7.083,5.0,Fase 5 (1º EM),-1,4,5,Ágata,Rede Decisão,7.9,7.083,-1,-1,False,False,False
RA-169,2022,4,P,Aluno-169,15,Feminino,2018,Pública,Quartzo,5.159,7.5,5.1,6.3,,3.2,1.3,4.5,3.8,Não,Não,4.792,5.0,Fase 5 (1º EM),-1,4,5,Quartzo,Pública,7.5,4.792,-1,-1,False,False,False
RA-170,2022,4,P,Aluno-170,14,Feminino,2018,Rede Decisão,Ágata,7.007,8.3,9.2,5.6,,4.9,3.7,6.7,4.3,Não,Não,5.792,10.0,Fase 4 (9º ano),0,4,4,Ágata,Rede Decisão,8.3,5.792,0,0,False,True,False
RA-171,2022,4,P,Aluno-171,16,Masculino,2022,Pública,Ágata,6.581,7.5,6.8,7.5,,5.5,3.0,8.0,,Não,Não,6.875,5.0,Fase 6 (2º EM),-2,4,6,Ágata,Pública,7.5,6.875,-2,-2,False,False,False
RA-172,2022,4,P,Aluno-172,14,Feminino,2018,Rede Decisão,Topázio,8.673,9.2,8.9,9.4,,7.3,6.0,7.7,8.1,Não,Sim,8.917,10.0,Fase 4 (9º ano),0,4,4,Topázio,Rede Decisão,9.2,8.917,0,0,False,True,False
RA-173,2022,4,P,Aluno-173,17,Masculino,2019,Rede Decisão,Ametista,7.816,8.3,9.2,6.9,,7.9,9.0,7.5,7.1,Não,Sim,9.25,2.5,Fase 7 (3º EM),-3,4,7,Ametista,Rede Decisão,8.3,9.25,-3,-3,False,True,False
RA-174,2022,4,P,Aluno-174,15,Feminino,2019,Pública,Ágata,6.075,7.9,6.2,7.5,,4.4,4.0,5.3,3.8,Não,Não,6.042,5.0,Fase 5 (1º EM),-1,4,5,Ágata,Pública,7.9,6.042,-1,-1,False,False,False
RA-175,2022,4,P,Aluno-175,15,Feminino,2018,Rede Decisão,Ágata,6.75,8.3,9.2,5.6,,5.9,4.7,7.2,5.9,Não,Não,5.833,5.0,Fase 5 (1º EM),-1,4,5,Ágata,Rede Decisão,8.3,5.833,-1,-1,False,True,False
RA-176,2022,3,A,Aluno-176,13,Feminino,2018,Rede Decisão,Topázio,8.427,9.6,9.1,5.6,,6.9,5.1,6.8,8.7,Não,Sim,9.083,10.0,Fase 3 (7º e 8º ano),0,3,3,Topázio,Rede Decisão,9.6,9.083,0,0,False,True,False
RA-177,2022,3,A,Aluno-177,13,Feminino,2022,Pública,Ametista,7.424,7.9,8.8,4.4,,6.8,6.0,7.5,,Não,Não,6.958,10.0,Fase 3 (7º e 8º ano),0,3,3,Ametista,Pública,7.9,6.958,0,0,False,False,False
RA-178,2022,3,A,Aluno-178,13,Feminino,2016,Rede Decisão,Ágata,7.025,0.0,8.8,4.4,,6.3,6.2,5.3,7.3,Não,Sim,8.458,10.0,Fase 3 (7º e 8º ano),0,3,3,Ágata,Rede Decisão,0.0,8.458,0,0,False,True,False
RA-179,2022,3,A,Aluno-179,12,Masculino,2022,Pública,Ametista,7.993,7.5,9.2,7.5,,6.1,3.7,6.7,8.0,Sim,Não,8.042,10.0,Fase 3 (7º e 8º ano),0,3,3,Ametista,Pública,7.5,8.042,0,0,False,False,False
RA-180,2022,3,A,Aluno-180,12,Masculino,2018,Rede Decisão,Topázio,8.442,9.2,8.3,6.3,,8.1,7.7,8.3,8.3,Não,Sim,8.625,10.0,Fase 3 (7º e 8º ano),0,3,3,Topázio,Rede Decisão,9.2,8.625,0,0,False,True,False
RA-181,2022,3,A,Aluno-181,13,Feminino,2019,Rede Decisão,Topázio,8.623,9.2,9.5,8.8,,6.8,6.8,7.3,6.2,Não,Sim,8.458,10.0,Fase 3 (7º e 8º ano),0,3,3,Topázio,Rede Decisão,9.2,8.458,0,0,False,True,False
RA-182,2022,3,A,Aluno-182,16,Feminino,2021,Pública,Ágata,6.328,7.5,8.0,7.5,,4.1,1.3,5.7,5.4,Não,Não,6.958,2.5,Fase 6 (2º EM),-3,3,6,Ágata,Pública,7.5,6.958,-3,-3,False,False,False
RA-183,2022,3,A,Aluno-183,13,Feminino,2022,Pública,Ametista,7.3,8.3,8.8,7.5,,3.8,0.0,7.5,,Não,Não,7.25,10.0,Fase 3 (7º e 8º ano),0,3,3,Ametista,Pública,8.3,7.25,0,0,False,False,False
RA-184,2022,3,A,Aluno-184,16,Masculino,2019,Pública,Ametista,7.28,8.8,7.7,7.5,,7.2,5.0,7.3,9.3,Sim,Não,8.0,2.5,Fase 6 (2º EM),-3,3,6,Ametista,Pública,8.8,8.0,-3,-3,False,True,True
RA-185,2022,3,A,Aluno-185,15,Masculino,2021,Pública,Ágata,6.615,7.9,7.7,7.5,,4.5,3.3,5.7,4.5,Não,Não,6.875,5.0,Fase 5 (1º EM),-2,3,5,Ágata,Pública,7.9,6.875,-2,-2,False,False,False
RA-186,2022,3,A,Aluno-186,13,Feminino,2019,Pública,Ametista,7.832,8.3,8.5,7.5,,6.6,6.0,5.7,8.0,Sim,Não,7.5,10.0,Fase 3 (7º e 8º ano),0,3,3,Ametista,Pública,8.3,7.5,0,0,False,True,False
RA-187,2022,3,A,Aluno-187,12,Feminino,2019,Rede Decisão,Ametista,7.928,8.8,8.9,7.5,,5.8,5.3,7.2,4.8,Não,Não,7.917,10.0,Fase 3 (7º e 8º ano),0,3,3,Ametista,Rede Decisão,8.8,7.917,0,0,False,True,False
RA-188,2022,3,A,Aluno-188,14,Masculino,2021,Pública,Quartzo,5.307,0.0,6.1,7.5,,2.7,3.0,3.2,2.0,Sim,Não,7.583,5.0,Fase 4 (9º ano),-1,3,4,Quartzo,Pública,0.0,7.583,-1,-1,False,False,False
RA-189,2022,3,A,Aluno-189,14,Masculino,2018,Rede Decisão,Ametista,7.629,10.0,9.7,5.0,,7.2,6.3,7.2,8.0,Não,Não,7.333,5.0,Fase 4 (9º ano),-1,3,4,Ametista,Rede Decisão,10.0,7.333,-1,-1,False,True,False
RA-190,2022,3,A,Aluno-190,13,Feminino,2022,Pública,Ametista,7.335,6.7,6.9,8.8,,6.3,5.0,7.5,,Não,Não,7.25,10.0,Fase 3 (7º e 8º ano),0,3,3,Ametista,Pública,6.7,7.25,0,0,False,False,False
RA-191,2022,3,A,Aluno-191,13,Masculino,2019,Rede Decisão,Topázio,8.74,10.0,9.4,8.8,,7.2,8.0,7.2,6.3,Não,Sim,8.5,10.0,Fase 3 (7º e 8º ano),0,3,3,Topázio,Rede Decisão,10.0,8.5,0,0,False,True,False
RA-192,2022,3,B,Aluno-192,15,Masculino,2021,Pública,Quartzo,4.932,8.8,3.6,7.5,,2.7,1.7,4.7,1.7,Não,Não,4.708,5.0,Fase 5 (1º EM),-2,3,5,Quartzo,Pública,8.8,4.708,-2,-2,False,False,False
RA-193,2022,3,B,Aluno-193,12,Masculino,2016,Rede Decisão,Topázio,8.155,9.2,8.9,5.6,,6.7,5.0,6.3,8.7,Não,Sim,8.5,10.0,Fase 3 (7º e 8º ano),0,3,3,Topázio,Rede Decisão,9.2,8.5,0,0,False,True,False
RA-194,2022,3,B,Aluno-194,14,Feminino,2022,Pública,Quartzo,4.265,0.0,6.2,5.0,,3.2,3.7,5.8,0.0,Não,Não,3.75,5.0,Fase 4 (9º ano),-1,3,4,Quartzo,Pública,0.0,3.75,-1,-1,False,False,False
RA-195,2022,3,B,Aluno-195,13,Feminino,2017,Rede Decisão,Ametista,8.017,8.8,9.2,5.0,,6.3,6.8,6.3,5.8,Não,Não,8.25,10.0,Fase 3 (7º e 8º ano),0,3,3,Ametista,Rede Decisão,8.8,8.25,0,0,False,True,False
RA-196,2022,3,B,Aluno-196,12,Masculino,2018,Rede Decisão,Topázio,8.124,9.2,9.1,7.5,,5.1,4.0,6.0,5.3,Não,Sim,8.625,10.0,Fase 3 (7º e 8º ano),0,3,3,Topázio,Rede Decisão,9.2,8.625,0,0,False,True,False
RA-197,2022,3,B,Aluno-197,13,Feminino,2021,Rede Decisão,Topázio,8.218,8.8,9.7,4.4,,7.3,6.0,7.5,8.3,Não,Não,8.292,10.0,Fase 3 (7º e 8º ano),0,3,3,Topázio,Rede Decisão,8.8,8.292,0,0,False,False,False
RA-198,2022,3,B,Aluno-198,13,Masculino,2017,Pública,Quartzo,5.554,0.0,6.2,5.0,,4.6,5.2,5.8,2.8,Não,Não,5.958,10.0,Fase 3 (7º e 8º ano),0,3,3,Quartzo,Pública,0.0,5.958,0,0,False,False,False
RA-199,2022,3,B,Aluno-199,13,Masculino,2022,Pública,Ametista,7.564,8.3,7.1,7.5,,7.5,5.7,7.8,9.0,Não,Não,6.458,10.0,Fase 3 (7º e 8º ano),0,3,3,Ametista,Pública,8.3,6.458,0,0,False,False,False
RA-200,2022,3,B,Aluno-200,15,Masculino,2018,Escola JP II,Quartzo,5.705,7.9,5.6,4.4,,5.5,4.7,5.0,6.8,Não,Não,4.917,5.0,Fase 5 (1º EM),-2,3,5,Quartzo,Escola JP II,7.9,4.917,-2,-2,False,False,False
RA-201,2022,3,B,Aluno-201,15,Feminino,2021,Pública,Ametista,7.078,7.9,7.3,7.5,,6.5,6.0,7.2,6.3,Não,Não,7.542,5.0,Fase 5 (1º EM),-2,3,5,Ametista,Pública,7.9,7.542,-2,-2,False,False,False
RA-202,2022,3,B,Aluno-202,14,Feminino,2017,Pública,Quartzo,5.201,0.0,5.2,4.4,,5.4,6.3,5.8,4.2,Sim,Não,6.917,5.0,Fase 4 (9º ano),-1,3,4,Quartzo,Pública,0.0,6.917,-1,-1,False,True,False
RA-203,2022,3,B,Aluno-203,14,Feminino,2021,Pública,Quartzo,5.669,8.8,4.3,7.5,,2.8,2.3,3.5,2.5,Não,Não,6.875,5.0,Fase 4 (9º ano),-1,3,4,Quartzo,Pública,8.8,6.875,-1,-1,False,False,False
RA-204,2022,3,B,Aluno-204,13,Feminino,2019,Pública,Ágata,6.943,7.9,6.7,4.4,,7.4,5.3,8.5,8.5,Não,Não,5.708,10.0,Fase 3 (7º e 8º ano),0,3,3,Ágata,Pública,7.9,5.708,0,0,False,True,False
RA-205,2022,3,B,Aluno-205,14,Masculino,2020,Pública,Quartzo,5.372,9.6,3.8,7.5,,4.1,5.7,1.7,5.0,Não,Não,4.833,5.0,Fase 4 (9º ano),-1,3,4,Quartzo,Pública,9.6,4.833,-1,-1,False,False,False
RA-206,2022,3,B,Aluno-206,12,Feminino,2022,Pública,Ametista,7.101,8.3,8.8,7.5,,5.0,4.0,6.0,,Não,Não,5.167,10.0,Fase 3 (7º e 8º ano),0,3,3,Ametista,Pública,8.3,5.167,0,0,False,False,False
RA-207,2022,3,C,Aluno-207,16,Masculino,2021,Pública,Quartzo,4.936,0.0,4.8,7.5,,5.8,5.3,4.0,8.0,Não,Não,5.708,2.5,Fase 6 (2º EM),-3,3,6,Quartzo,Pública,0.0,5.708,-3,-3,False,False,False
RA-208,2022,3,C,Aluno-208,14,Masculino,2018,Pública,Ágata,6.667,7.5,7.1,7.5,,6.1,5.0,7.5,5.8,Não,Não,6.417,5.0,Fase 4 (9º ano),-1,3,4,Ágata,Pública,7.5,6.417,-1,-1,False,False,False
RA-209,2022,3,C,Aluno-209,14,Masculino,2019,Pública,Quartzo,4.499,0.0,4.8,5.6,,6.0,5.0,5.2,7.8,Não,Não,3.75,5.0,Fase 4 (9º ano),-1,3,4,Quartzo,Pública,0.0,3.75,-1,-1,False,False,False
RA-210,2022,3,C,Aluno-210,14,Masculino,2022,Pública,Quartzo,4.44,0.0,5.1,7.5,,3.4,2.7,5.3,2.3,Não,Não,4.417,5.0,Fase 4 (9º ano),-1,3,4,Quartzo,Pública,0.0,4.417,-1,-1,False,False,False
RA-211,2022,3,C,Aluno-211,13,Masculino,2021,Pública,Topázio,8.465,9.2,8.8,7.5,,7.6,6.7,7.5,8.5,Sim,Sim,8.458,10.0,Fase 3 (7º e 8º ano),0,3,3,Topázio,Pública,9.2,8.458,0,0,False,False,False
RA-212,2022,3,C,Aluno-212,14,Masculino,2022,Pública,Ametista,7.268,9.6,8.4,7.5,,6.2,4.8,5.8,7.8,Não,Não,6.958,5.0,Fase 4 (9º ano),-1,3,4,Ametista,Pública,9.6,6.958,-1,-1,False,False,False
RA-213,2022,3,C,Aluno-213,13,Masculino,2022,Pública,Ametista,7.209,9.6,8.7,7.5,,3.5,5.0,2.0,,Não,Não,6.833,10.0,Fase 3 (7º e 8º ano),0,3,3,Ametista,Pública,9.6,6.833,0,0,False,False,False
RA-214,2022,3,C,Aluno-214,15,Masculino,2022,Pública,Quartzo,4.87,0.0,6.1,7.5,,4.3,5.0,3.5,,Não,Não,5.125,5.0,Fase 5 (1º EM),-2,3,5,Quartzo,Pública,0.0,5.125,-2,-2,False,False,False
RA-215,2022,3,D,Aluno-215,13,Feminino,2021,Pública,Ametista,7.172,6.7,5.8,7.5,,7.8,5.7,7.7,10.0,Não,Não,6.542,10.0,Fase 3 (7º e 8º ano),0,3,3,Ametista,Pública,6.7,6.542,0,0,False,False,False
RA-216,2022,3,D,Aluno-216,13,Feminino,2018,Pública,Ametista,7.502,7.9,8.5,7.5,,7.0,5.3,6.5,9.2,Não,Não,5.583,10.0,Fase 3 (7º e 8º ano),0,3,3,Ametista,Pública,7.9,5.583,0,0,False,False,False
RA-217,2022,3,D,Aluno-217,15,Feminino,2021,Pública,Ametista,7.397,7.9,8.5,7.5,,7.1,6.3,7.2,7.7,Sim,Não,7.292,5.0,Fase 5 (1º EM),-2,3,5,Ametista,Pública,7.9,7.292,-2,-2,False,False,False
RA-218,2022,3,D,Aluno-218,14,Feminino,2022,Pública,Ágata,6.1,6.3,7.3,7.5,,4.0,5.0,7.0,0.0,Não,Não,6.125,5.0,Fase 4 (9º ano),-1,3,4,Ágata,Pública,6.3,6.125,-1,-1,False,False,False
RA-219,2022,3,D,Aluno-219,16,Masculino,2019,Pública,Quartzo,5.942,8.8,6.9,7.5,,3.5,4.0,4.8,1.7,Não,Não,6.375,2.5,Fase 6 (2º EM),-3,3,6,Quartzo,Pública,8.8,6.375,-3,-3,False,False,False
RA-220,2022,3,D,Aluno-220,13,Feminino,2022,Pública,Ágata,7.028,0.0,8.1,7.5,,6.5,6.8,6.8,5.8,Sim,Não,7.833,10.0,Fase 3 (7º e 8º ano),0,3,3,Ágata,Pública,0.0,7.833,0,0,False,False,False
RA-221,2022,3,D,Aluno-221,14,Masculino,2022,Pública,Ágata,6.892,9.6,8.5,7.5,,5.2,7.0,3.5,5.0,Não,Não,6.0,5.0,Fase 4 (9º ano),-1,3,4,Ágata,Pública,9.6,6.0,-1,-1,False,False,False
RA-222,2022,3,D,Aluno-222,15,Feminino,2019,Pública,Quartzo,5.604,7.1,4.6,7.5,,6.2,5.0,7.5,6.0,Não,Não,4.917,5.0,Fase 5 (1º EM),-2,3,5,Quartzo,Pública,7.1,4.917,-2,-2,False,False,False
RA-223,2022,3,E,Aluno-223,13,Feminino,2022,Pública,Quartzo,4.966,0.0,4.6,7.5,,3.1,4.3,4.7,0.2,Não,Não,5.583,10.0,Fase 3 (7º e 8º ano),0,3,3,Quartzo,Pública,0.0,5.583,0,0,False,False,False
RA-224,2022,3,E,Aluno-224,13,Masculino,2021,Pública,Quartzo,5.671,9.6,4.3,7.5,,2.6,5.0,2.7,0.0,Não,Não,4.875,10.0,Fase 3 (7º e 8º ano),0,3,3,Quartzo,Pública,9.6,4.875,0,0,False,False,False
RA-225,2022,3,E,Aluno-225,14,Masculino,2022,Pública,Quartzo,5.918,8.3,5.3,7.5,,5.0,3.0,7.0,,Não,Não,5.708,5.0,Fase 4 (9º ano),-1,3,4,Quartzo,Pública,8.3,5.708,-1,-1,False,False,False
RA-226,2022,3,E,Aluno-226,14,Feminino,2022,Pública,Ágata,6.549,7.5,6.1,7.5,,6.8,7.0,6.5,,Não,Não,6.208,5.0,Fase 4 (9º ano),-1,3,4,Ágata,Pública,7.5,6.208,-1,-1,False,False,False
RA-227,2022,3,E,Aluno-227,12,Masculino,2022,Pública,Ágata,6.471,9.2,6.4,7.5,,3.3,4.7,4.3,1.0,Não,Não,5.833,10.0,Fase 3 (7º e 8º ano),0,3,3,Ágata,Pública,9.2,5.833,0,0,False,False,False
RA-228,2022,3,E,Aluno-228,15,Feminino,2017,Pública,Ágata,6.196,7.5,6.7,7.5,,4.8,3.0,6.0,5.3,Não,Não,6.417,5.0,Fase 5 (1º EM),-2,3,5,Ágata,Pública,7.5,6.417,-2,-2,False,False,False
RA-229,2022,3,E,Aluno-229,12,Masculino,2022,Pública,Topázio,8.62,10.0,9.4,7.5,,6.9,7.0,6.7,7.2,Sim,Sim,8.5,10.0,Fase 3 (7º e 8º ano),0,3,3,Topázio,Pública,10.0,8.5,0,0,False,False,False
RA-230,2022,3,E,Aluno-230,14,Masculino,2022,Pública,Ágata,6.328,7.9,5.1,7.5,,5.7,3.7,4.3,9.0,Sim,Não,6.75,5.0,Fase 4 (9º ano),-1,3,4,Ágata,Pública,7.9,6.75,-1,-1,False,False,False
RA-231,2022,3,E,Aluno-231,14,Masculino,2022,Pública,Ágata,6.116,8.8,7.4,7.5,,3.8,3.0,4.5,,Não,Não,5.333,5.0,Fase 4 (9º ano),-1,3,4,Ágata,Pública,8.8,5.333,-1,-1,False,False,False
RA-232,2022,3,E,Aluno-232,12,Masculino,2022,Pública,Quartzo,4.245,0.0,4.9,7.5,,0.0,0.0,0.0,,Não,Não,4.542,10.0,Fase 3 (7º e 8º ano),0,3,3,Quartzo,Pública,0.0,4.542,0,0,False,False,False
RA-233,2022,3,E,Aluno-233,14,Masculino,2022,Pública,Ágata,6.051,7.9,7.4,7.5,,3.8,3.0,4.5,,Não,Não,5.5,5.0,Fase 4 (9º ano),-1,3,4,Ágata,Pública,7.9,5.5,-1,-1,False,False,False
RA-234,2022,3,E,Aluno-234,13,Masculino,2022,Pública,Ágata,6.719,10.0,7.6,5.6,,4.3,3.7,6.3,2.8,Não,Não,5.583,10.0,Fase 3 (7º e 8º ano),0,3,3,Ágata,Pública,10.0,5.583,0,0,False,False,False
RA-235,2022,3,E,Aluno-235,14,Feminino,2022,Pública,Ágata,6.79,8.3,7.3,7.5,,6.3,7.0,5.5,,Não,Não,6.417,5.0,Fase 4 (9º ano),-1,3,4,Ágata,Pública,8.3,6.417,-1,-1,False,False,False
RA-236,2022,3,F,Aluno-236,12,Feminino,2022,Pública,Ametista,7.11,9.6,7.5,7.5,,3.7,4.0,4.0,3.0,Não,Não,7.208,10.0,Fase 3 (7º e 8º ano),0,3,3,Ametista,Pública,9.6,7.208,0,0,False,False,False
RA-237,2022,3,F,Aluno-237,14,Feminino,2022,Pública,Topázio,8.084,10.0,9.0,7.5,,7.8,6.8,7.7,8.8,Sim,Sim,8.417,5.0,Fase 4 (9º ano),-1,3,4,Topázio,Pública,10.0,8.417,-1,-1,False,False,False
RA-238,2022,3,F,Aluno-238,14,Feminino,2021,Pública,Ágata,6.331,8.8,6.4,5.0,,5.1,4.3,6.5,4.5,Não,Não,7.208,5.0,Fase 4 (9º ano),-1,3,4,Ágata,Pública,8.8,7.208,-1,-1,False,False,False
RA-239,2022,3,F,Aluno-239,15,Feminino,2021,Pública,Quartzo,4.572,0.0,3.7,7.5,,3.7,2.0,4.7,4.5,Não,Não,5.958,5.0,Fase 5 (1º EM),-2,3,5,Quartzo,Pública,0.0,5.958,-2,-2,False,False,False
RA-240,2022,3,F,Aluno-240,13,Feminino,2017,Rede Decisão,Ágata,6.943,7.1,8.1,5.0,,4.7,6.3,5.0,2.8,Não,Não,7.042,10.0,Fase 3 (7º e 8º ano),0,3,3,Ágata,Rede Decisão,7.1,7.042,0,0,False,False,False
RA-241,2022,3,F,Aluno-241,14,Masculino,2016,Rede Decisão,Topázio,8.468,10.0,10.0,7.5,,7.7,8.2,7.5,7.3,Não,Sim,9.125,5.0,Fase 4 (9º ano),-1,3,4,Topázio,Rede Decisão,10.0,9.125,-1,-1,False,True,False
RA-242,2022,3,F,Aluno-242,13,Masculino,2018,Rede Decisão,Topázio,8.673,9.6,9.7,5.6,,8.2,8.7,7.2,8.7,Não,Sim,8.708,10.0,Fase 3 (7º e 8º ano),0,3,3,Topázio,Rede Decisão,9.6,8.708,0,0,False,True,False
RA-243,2022,3,F,Aluno-243,15,Feminino,2022,Pública,Ágata,6.982,7.1,8.7,5.0,,6.0,5.0,5.3,7.7,Não,Não,7.875,5.0,Fase 5 (1º EM),-2,3,5,Ágata,Pública,7.1,7.875,-2,-2,False,False,False
RA-244,2022,3,F,Aluno-244,12,Feminino,2018,Rede Decisão,Topázio,8.51,7.5,9.4,6.3,,7.8,6.7,8.0,8.7,Não,Sim,9.208,10.0,Fase 3 (7º e 8º ano),0,3,3,Topázio,Rede Decisão,7.5,9.208,0,0,False,True,False
RA-245,2022,3,F,Aluno-245,14,Masculino,2016,Rede Decisão,Topázio,8.656,10.0,9.9,7.5,,8.4,8.3,8.2,8.8,Não,Sim,9.25,5.0,Fase 4 (9º ano),-1,3,4,Topázio,Rede Decisão,10.0,9.25,-1,-1,False,True,False
RA-246,2022,3,F,Aluno-246,13,Masculino,2022,Pública,Topázio,8.639,8.3,9.4,7.5,,7.6,8.0,6.7,8.0,Sim,Sim,9.167,10.0,Fase 3 (7º e 8º ano),0,3,3,Topázio,Pública,8.3,9.167,0,0,False,False,False
RA-247,2022,3,F,Aluno-247,13,Feminino,2021,Pública,Ametista,7.72,8.3,8.2,7.5,,5.8,5.3,5.7,6.3,Sim,Não,7.875,10.0,Fase 3 (7º e 8º ano),0,3,3,Ametista,Pública,8.3,7.875,0,0,False,False,False
RA-248,2022,3,F,Aluno-248,13,Masculino,2022,Pública,Ametista,7.429,9.2,7.6,7.5,,5.2,4.0,5.5,6.0,Não,Não,7.292,10.0,Fase 3 (7º e 8º ano),0,3,3,Ametista,Pública,9.2,7.292,0,0,False,False,False
RA-249,2022,3,G,Aluno-249,14,Masculino,2017,Pública,Quartzo,5.097,6.7,7.4,5.0,,2.9,2.3,4.2,2.2,Não,Não,4.292,5.0,Fase 4 (9º ano),-1,3,4,Quartzo,Pública,6.7,4.292,-1,-1,False,True,False
RA-250,2022,3,G,Aluno-250,12,Feminino,2022,Pública,Ametista,7.958,8.3,8.6,7.5,,6.6,6.7,6.5,6.7,Sim,Não,7.625,10.0,Fase 3 (7º e 8º ano),0,3,3,Ametista,Pública,8.3,7.625,0,0,False,False,False
RA-251,2022,3,G,Aluno-251,15,Masculino,2018,Pública,Ágata,7.022,10.0,8.1,5.6,,6.3,5.3,6.3,7.2,Não,Não,6.625,5.0,Fase 5 (1º EM),-2,3,5,Ágata,Pública,10.0,6.625,-2,-2,False,True,False
RA-252,2022,3,G,Aluno-252,14,Masculino,2018,Pública,Quartzo,4.277,9.2,2.8,7.5,,0.9,1.3,1.2,0.2,Não,Não,3.875,5.0,Fase 4 (9º ano),-1,3,4,Quartzo,Pública,9.2,3.875,-1,-1,False,False,False
RA-253,2022,3,G,Aluno-253,15,Masculino,2019,Pública,Quartzo,4.312,9.2,3.6,5.0,,1.8,1.0,3.7,0.7,Não,Não,3.75,5.0,Fase 5 (1º EM),-2,3,5,Quartzo,Pública,9.2,3.75,-2,-2,False,False,False
RA-254,2022,3,G,Aluno-254,14,Masculino,2019,Pública,Ágata,6.715,10.0,7.4,5.6,,5.3,5.0,6.8,4.0,Não,Não,6.917,5.0,Fase 4 (9º ano),-1,3,4,Ágata,Pública,10.0,6.917,-1,-1,False,False,False
RA-255,2022,3,G,Aluno-255,14,Masculino,2019,Pública,Quartzo,4.563,7.5,3.8,5.0,,1.3,1.0,2.3,0.5,Não,Não,5.542,5.0,Fase 4 (9º ano),-1,3,4,Quartzo,Pública,7.5,5.542,-1,-1,False,False,False
RA-256,2022,3,G,Aluno-256,12,Feminino,2019,Pública,Ametista,7.192,8.8,8.5,5.0,,5.2,5.3,6.7,3.5,Não,Não,6.708,10.0,Fase 3 (7º e 8º ano),0,3,3,Ametista,Pública,8.8,6.708,0,0,False,False,False
RA-257,2022,3,G,Aluno-257,14,Feminino,2018,Pública,Quartzo,5.149,0.0,6.4,5.6,,3.6,4.0,5.2,1.5,Não,Não,6.708,5.0,Fase 4 (9º ano),-1,3,4,Quartzo,Pública,0.0,6.708,-1,-1,False,False,False
RA-258,2022,3,G,Aluno-258,12,Feminino,2018,Pública,Ágata,6.926,10.0,7.3,5.6,,4.8,2.7,6.2,5.5,Não,Não,6.125,10.0,Fase 3 (7º e 8º ano),0,3,3,Ágata,Pública,10.0,6.125,0,0,False,True,False
RA-259,2022,3,G,Aluno-259,16,Masculino,2017,Pública,Quartzo,4.182,8.8,2.9,7.5,,0.9,0.0,2.7,0.2,Não,Não,4.625,2.5,Fase 6 (2º EM),-3,3,6,Quartzo,Pública,8.8,4.625,-3,-3,False,False,False
RA-260,2022,3,G,Aluno-260,13,Feminino,2019,Pública,Ametista,7.44,10.0,8.2,7.5,,5.0,5.7,5.2,4.2,Não,Não,6.458,10.0,Fase 3 (7º e 8º ano),0,3,3,Ametista,Pública,10.0,6.458,0,0,False,True,False
RA-261,2022,3,G,Aluno-261,14,Feminino,2019,Pública,Ágata,6.763,8.8,7.2,5.6,,5.8,6.2,5.8,5.5,Sim,Não,7.042,5.0,Fase 4 (9º ano),-1,3,4,Ágata,Pública,8.8,7.042,-1,-1,False,False,False
RA-262,2022,3,G,Aluno-262,15,Masculino,2021,Pública,Quartzo,4.786,0.0,5.8,5.6,,3.4,1.3,5.5,3.5,Não,Não,5.625,5.0,Fase 5 (1º EM),-2,3,5,Quartzo,Pública,0.0,5.625,-2,-2,False,False,False
RA-263,2022,3,G,Aluno-263,15,Feminino,2019,Pública,Quartzo,5.319,5.8,5.6,7.5,,3.7,3.0,2.8,5.4,Não,Não,4.417,5.0,Fase 5 (1º EM),-2,3,5,Quartzo,Pública,5.8,4.417,-2,-2,False,False,False
RA-264,2022,3,I,Aluno-264,15,Feminino,2022,Pública,Ametista,7.087,10.0,9.2,5.6,,5.8,6.0,5.5,,Não,Não,6.625,5.0,Fase 5 (1º EM),-2,3,5,Ametista,Pública,10.0,6.625,-2,-2,False,False,False
RA-265,2022,3,I,Aluno-265,13,Masculino,2019,Pública,Ametista,7.926,8.3,7.7,7.5,,6.9,5.3,7.0,8.5,Sim,Não,7.917,10.0,Fase 3 (7º e 8º ano),0,3,3,Ametista,Pública,8.3,7.917,0,0,False,False,False
RA-266,2022,3,I,Aluno-266,16,Feminino,2019,Pública,Quartzo,5.987,7.5,5.8,5.6,,6.0,5.0,6.7,6.3,Não,Não,6.583,2.5,Fase 6 (2º EM),-3,3,6,Quartzo,Pública,7.5,6.583,-3,-3,False,False,False
RA-267,2022,3,I,Aluno-267,15,Feminino,2016,Pública,Ágata,6.012,10.0,7.4,5.0,,3.3,2.3,4.8,2.7,Não,Não,6.292,5.0,Fase 5 (1º EM),-2,3,5,Ágata,Pública,10.0,6.292,-2,-2,False,True,False
RA-268,2022,3,K,Aluno-268,14,Feminino,2021,Pública,Ágata,6.695,9.2,6.7,6.3,,5.7,7.0,6.8,3.2,Sim,Não,7.208,5.0,Fase 4 (9º ano),-1,3,4,Ágata,Pública,9.2,7.208,-1,-1,False,False,False
RA-269,2022,3,K,Aluno-269,13,Masculino,2022,Pública,Topázio,8.231,9.2,8.6,6.3,,8.9,8.7,9.5,8.5,Não,Não,7.25,10.0,Fase 3 (7º e 8º ano),0,3,3,Topázio,Pública,9.2,7.25,0,0,False,False,False
RA-270,2022,3,K,Aluno-270,13,Feminino,2019,Rede Decisão,Topázio,8.226,8.3,8.4,6.9,,7.9,8.0,7.2,8.5,Não,Não,8.125,10.0,Fase 3 (7º e 8º ano),0,3,3,Topázio,Rede Decisão,8.3,8.125,0,0,False,True,False
RA-271,2022,3,K,Aluno-271,15,Feminino,2022,Pública,Ametista,7.255,9.2,8.5,5.6,,7.1,6.3,6.5,8.3,Sim,Não,6.958,5.0,Fase 5 (1º EM),-2,3,5,Ametista,Pública,9.2,6.958,-2,-2,False,False,False
RA-272,2022,3,K,Aluno-272,14,Masculino,2021,Pública,Ágata,6.361,9.2,5.7,7.5,,5.1,5.0,6.8,3.5,Não,Não,6.417,5.0,Fase 4 (9º ano),-1,3,4,Ágata,Pública,9.2,6.417,-1,-1,False,False,False
RA-273,2022,3,K,Aluno-273,14,Feminino,2018,Pública,Quartzo,5.679,9.2,5.3,7.5,,3.0,3.8,4.7,0.5,Não,Não,5.833,5.0,Fase 4 (9º ano),-1,3,4,Quartzo,Pública,9.2,5.833,-1,-1,False,True,False
RA-274,2022,3,K,Aluno-274,11,Feminino,2019,Rede Decisão,Ametista,7.946,7.9,8.3,7.5,,8.1,8.1,9.3,7.0,Não,Não,7.0,10.0,Fase 2 (5º e 6º ano),1,3,2,Ametista,Rede Decisão,7.9,7.0,1,1,False,True,False
RA-275,2022,3,K,Aluno-275,15,Masculino,2018,Pública,Ágata,6.665,9.6,6.9,7.5,,4.6,5.0,6.0,2.7,Sim,Não,6.667,5.0,Fase 5 (1º EM),-2,3,5,Ágata,Pública,9.6,6.667,-2,-2,False,False,False
RA-276,2022,3,K,Aluno-276,14,Feminino,2017,Pública,Quartzo,5.527,7.1,5.7,5.6,,4.3,3.7,6.0,3.3,Não,Não,5.125,5.0,Fase 4 (9º ano),-1,3,4,Quartzo,Pública,7.1,5.125,-1,-1,False,False,False
RA-277,2022,3,K,Aluno-277,14,Masculino,2021,Pública,Ametista,7.411,7.1,8.8,7.5,,7.4,7.2,7.0,8.2,Sim,Não,7.208,5.0,Fase 4 (9º ano),-1,3,4,Ametista,Pública,7.1,7.208,-1,-1,False,False,False
RA-278,2022,3,K,Aluno-278,12,Masculino,2018,Rede Decisão,Ametista,7.741,8.8,9.2,5.6,,6.0,5.7,5.8,6.4,Não,Não,7.417,10.0,Fase 3 (7º e 8º ano),0,3,3,Ametista,Rede Decisão,8.8,7.417,0,0,False,True,False
RA-279,2022,3,K,Aluno-279,13,Masculino,2019,Rede Decisão,Topázio,8.815,9.2,9.9,6.3,,9.1,9.7,8.3,9.3,Não,Não,8.208,10.0,Fase 3 (7º e 8º ano),0,3,3,Topázio,Rede Decisão,9.2,8.208,0,0,False,True,False
RA-280,2022,3,K,Aluno-280,13,Feminino,2021,Rede Decisão,Ametista,8.046,7.5,9.2,7.5,,7.1,5.7,7.0,8.7,Não,Não,7.333,10.0,Fase 3 (7º e 8º ano),0,3,3,Ametista,Rede Decisão,7.5,7.333,0,0,False,False,False
RA-281,2022,3,K,Aluno-281,13,Feminino,2019,Pública,Ágata,6.806,6.7,6.9,7.5,,5.9,5.0,6.8,6.0,Não,Não,5.625,10.0,Fase 3 (7º e 8º ano),0,3,3,Ágata,Pública,6.7,5.625,0,0,False,False,False
RA-282,2022,3,K,Aluno-282,13,Feminino,2019,Pública,Ágata,6.618,8.8,6.8,7.5,,4.0,4.7,6.3,1.0,Não,Não,5.625,10.0,Fase 3 (7º e 8º ano),0,3,3,Ágata,Pública,8.8,5.625,0,0,False,False,False
RA-283,2022,3,K,Aluno-283,14,Masculino,2020,Pública,Ametista,7.131,9.6,8.8,7.5,,5.6,4.5,5.8,6.6,Não,Não,6.625,5.0,Fase 4 (9º ano),-1,3,4,Ametista,Pública,9.6,6.625,-1,-1,False,True,False
RA-284,2022,3,L,Aluno-284,13,Masculino,2022,Pública,Quartzo,5.939,6.7,5.1,5.6,,3.8,7.0,4.5,0.0,Não,Não,5.958,10.0,Fase 3 (7º e 8º ano),0,3,3,Quartzo,Pública,6.7,5.958,0,0,False,False,False
RA-285,2022,3,L,Aluno-285,16,Feminino,2020,Pública,Quartzo,5.063,9.2,4.1,7.5,,2.8,4.0,3.2,1.2,Não,Não,5.75,2.5,Fase 6 (2º EM),-3,3,6,Quartzo,Pública,9.2,5.75,-3,-3,False,False,False
RA-286,2022,3,L,Aluno-286,15,Feminino,2022,Pública,Quartzo,5.424,7.1,5.8,6.3,,3.0,4.7,2.3,2.0,Não,Não,5.625,5.0,Fase 5 (1º EM),-2,3,5,Quartzo,Pública,7.1,5.625,-2,-2,False,False,False
RA-287,2022,3,L,Aluno-287,17,Feminino,2022,Pública,Quartzo,3.7,7.9,3.4,5.0,,1.1,0.7,2.5,0.2,Não,Não,4.292,2.5,Fase 7 (3º EM),-4,3,7,Quartzo,Pública,7.9,4.292,-4,-4,False,False,False
RA-288,2022,3,L,Aluno-288,16,Feminino,2022,Pública,Quartzo,4.097,0.0,5.6,6.3,,0.0,,,,Não,Não,6.833,2.5,Fase 6 (2º EM),-3,3,6,Quartzo,Pública,0.0,6.833,-3,-3,False,False,False
RA-289,2022,3,L,Aluno-289,14,Feminino,2020,Pública,Ágata,6.236,0.0,7.8,6.3,,6.8,5.3,7.5,7.5,Não,Não,7.25,5.0,Fase 4 (9º ano),-1,3,4,Ágata,Pública,0.0,7.25,-1,-1,False,False,False
RA-290,2022,3,L,Aluno-290,17,Feminino,2022,Pública,Quartzo,4.929,10.0,3.9,6.3,,1.7,1.0,2.3,1.8,Não,Não,6.042,2.5,Fase 7 (3º EM),-4,3,7,Quartzo,Pública,10.0,6.042,-4,-4,False,False,False
RA-291,2022,3,L,Aluno-291,13,Masculino,2022,Pública,Topázio,8.122,8.3,8.2,6.9,,8.0,8.0,7.5,8.5,Sim,Não,7.792,10.0,Fase 3 (7º e 8º ano),0,3,3,Topázio,Pública,8.3,7.792,0,0,False,False,False
RA-292,2022,3,L,Aluno-292,16,Masculino,2022,Pública,Quartzo,4.837,7.9,3.7,7.5,,1.8,0.0,5.0,0.5,Não,Não,6.292,2.5,Fase 6 (2º EM),-3,3,6,Quartzo,Pública,7.9,6.292,-3,-3,False,False,False
RA-293,2022,3,L,Aluno-293,13,Masculino,2022,Pública,Quartzo,4.875,8.8,2.9,7.5,,2.3,2.0,3.8,1.0,Não,Não,3.333,10.0,Fase 3 (7º e 8º ano),0,3,3,Quartzo,Pública,8.8,3.333,0,0,False,False,False
RA-294,2022,3,L,Aluno-294,18,Feminino,2022,Pública,Quartzo,5.031,9.6,5.8,7.5,,0.0,,,,Não,Não,5.917,2.5,Fase 8 (Universitários),-5,3,8,Quartzo,Pública,9.6,5.917,-5,-5,False,False,False
RA-295,2022,3,M,Aluno-295,14,Feminino,2022,Pública,Ametista,7.305,7.9,8.0,7.5,,6.9,5.3,7.7,7.7,Sim,Não,7.375,5.0,Fase 4 (9º ano),-1,3,4,Ametista,Pública,7.9,7.375,-1,-1,False,False,False
RA-296,2022,3,M,Aluno-296,15,Feminino,2022,Pública,Quartzo,4.665,8.8,3.6,7.5,,2.8,5.7,2.7,0.2,Não,Não,3.833,5.0,Fase 5 (1º EM),-2,3,5,Quartzo,Pública,8.8,3.833,-2,-2,False,False,False
RA-297,2022,3,M,Aluno-297,13,Feminino,2022,Pública,Ametista,7.478,7.1,7.9,6.3,,6.6,6.3,5.3,8.2,Sim,Não,7.417,10.0,Fase 3 (7º e 8º ano),0,3,3,Ametista,Pública,7.1,7.417,0,0,False,False,False
RA-298,2022,3,M,Aluno-298,13,Masculino,2019,Pública,Ágata,6.409,9.2,6.3,5.6,,5.2,5.5,4.8,,Não,Não,5.417,10.0,Fase 3 (7º e 8º ano),0,3,3,Ágata,Pública,9.2,5.417,0,0,False,False,False
RA-299,2022,3,M,Aluno-299,13,Feminino,2019,Rede Decisão,Ametista,7.278,7.1,8.2,5.0,,6.8,6.3,7.3,6.7,Não,Não,6.708,10.0,Fase 3 (7º e 8º ano),0,3,3,Ametista,Rede Decisão,7.1,6.708,0,0,False,True,False
RA-300,2022,3,M,Aluno-300,14,Masculino,2022,Pública,Quartzo,5.557,5.4,6.9,6.3,,3.1,2.7,4.8,1.7,Sim,Não,5.875,5.0,Fase 4 (9º ano),-1,3,4,Quartzo,Pública,5.4,5.875,-1,-1,False,False,False
RA-301,2022,3,M,Aluno-301,13,Feminino,2019,Pública,Ágata,6.802,8.8,5.8,5.6,,6.3,6.5,7.2,5.4,Sim,Não,6.042,10.0,Fase 3 (7º e 8º ano),0,3,3,Ágata,Pública,8.8,6.042,0,0,False,True,False
RA-302,2022,3,M,Aluno-302,16,Masculino,2022,Pública,Ágata,6.334,9.2,7.7,6.9,,4.8,4.3,5.0,5.0,Não,Não,6.208,2.5,Fase 6 (2º EM),-3,3,6,Ágata,Pública,9.2,6.208,-3,-3,False,False,False
RA-303,2022,3,M,Aluno-303,14,Masculino,2019,Pública,Ágata,6.03,7.5,7.2,7.5,,3.9,3.8,4.0,,Não,Não,5.375,5.0,Fase 4 (9º ano),-1,3,4,Ágata,Pública,7.5,5.375,-1,-1,False,True,False
RA-304,2022,3,M,Aluno-304,15,Masculino,2020,Pública,Ágata,6.355,8.8,7.7,7.5,,4.3,3.0,5.5,,Sim,Não,5.542,5.0,Fase 5 (1º EM),-2,3,5,Ágata,Pública,8.8,5.542,-2,-2,False,True,False
RA-305,2022,3,M,Aluno-305,14,Masculino,2019,Pública,Ágata,6.058,7.9,6.6,7.5,,4.8,2.8,6.7,,Não,Não,5.208,5.0,Fase 4 (9º ano),-1,3,4,Ágata,Pública,7.9,5.208,-1,-1,False,True,False
RA-306,2022,3,M,Aluno-306,14,Feminino,2021,Pública,Ágata,6.427,8.3,6.8,7.5,,5.2,4.7,5.8,5.0,Não,Não,5.958,5.0,Fase 4 (9º ano),-1,3,4,Ágata,Pública,8.3,5.958,-1,-1,False,False,False
RA-307,2022,3,M,Aluno-307,14,Masculino,2022,Pública,Quartzo,4.733,5.4,4.5,7.5,,2.5,5.0,0.0,,Não,Não,4.708,5.0,Fase 4 (9º ano),-1,3,4,Quartzo,Pública,5.4,4.708,-1,-1,False,False,False
RA-308,2022,3,M,Aluno-308,13,Masculino,2019,Pública,Ágata,6.93,7.9,7.4,6.9,,5.0,6.7,5.5,2.8,Sim,Não,6.167,10.0,Fase 3 (7º e 8º ano),0,3,3,Ágata,Pública,7.9,6.167,0,0,False,True,False
RA-309,2022,3,M,Aluno-309,14,Feminino,2022,Pública,Ágata,6.151,9.2,5.2,7.5,,6.5,7.0,6.0,,Não,Não,5.083,5.0,Fase 4 (9º ano),-1,3,4,Ágata,Pública,9.2,5.083,-1,-1,False,False,False
RA-310,2022,3,M,Aluno-310,15,Feminino,2022,Pública,Ágata,6.4,7.9,7.5,7.5,,4.5,3.7,3.8,6.0,Sim,Não,6.0,5.0,Fase 5 (1º EM),-2,3,5,Ágata,Pública,7.9,6.0,-2,-2,False,False,False
RA-311,2022,3,N,Aluno-311,16,Feminino,2022,Pública,Quartzo,5.652,7.9,5.6,5.0,,5.2,5.0,6.2,4.3,Não,Não,6.222,2.5,Fase 6 (2º EM),-3,3,6,Quartzo,Pública,7.9,6.222,-3,-3,False,False,False
RA-312,2022,3,N,Aluno-312,13,Feminino,2022,Pública,Ametista,7.339,9.6,8.1,7.5,,5.2,6.0,4.5,5.0,Não,Não,6.167,10.0,Fase 3 (7º e 8º ano),0,3,3,Ametista,Pública,9.6,6.167,0,0,False,False,False
RA-313,2022,3,N,Aluno-313,14,Feminino,2022,Pública,Quartzo,5.8,7.5,7.0,5.0,,4.1,4.7,5.0,2.5,Não,Não,5.889,5.0,Fase 4 (9º ano),-1,3,4,Quartzo,Pública,7.5,5.889,-1,-1,False,False,False
RA-314,2022,3,N,Aluno-314,13,Feminino,2022,Pública,Ágata,6.1,5.4,5.4,5.0,,5.3,4.3,3.3,8.3,Não,Não,6.0,10.0,Fase 3 (7º e 8º ano),0,3,3,Ágata,Pública,5.4,6.0,0,0,False,False,False
RA-315,2022,3,N,Aluno-315,13,Feminino,2022,Pública,Quartzo,5.672,6.7,5.1,7.5,,3.0,3.0,4.2,1.8,Não,Não,5.056,10.0,Fase 3 (7º e 8º ano),0,3,3,Quartzo,Pública,6.7,5.056,0,0,False,False,False
RA-316,2022,3,N,Aluno-316,14,Feminino,2022,Pública,Ametista,7.889,10.0,10.0,6.9,,6.1,7.0,6.5,4.7,Sim,Sim,8.389,5.0,Fase 4 (9º ano),-1,3,4,Ametista,Pública,10.0,8.389,-1,-1,False,False,False
RA-317,2022,3,N,Aluno-317,13,Masculino,2021,Pública,Ametista,7.04,8.8,5.6,7.5,,6.8,4.7,5.7,10.0,Não,Não,5.944,10.0,Fase 3 (7º e 8º ano),0,3,3,Ametista,Pública,8.8,5.944,0,0,False,False,False
RA-318,2022,3,N,Aluno-318,14,Feminino,2019,Pública,Ágata,6.527,8.3,6.9,6.9,,5.8,4.3,5.8,7.3,Não,Não,6.111,5.0,Fase 4 (9º ano),-1,3,4,Ágata,Pública,8.3,6.111,-1,-1,False,True,False
RA-319,2022,3,N,Aluno-319,13,Masculino,2022,Pública,Ametista,7.448,9.2,7.7,7.5,,5.2,6.3,4.3,5.0,Não,Não,7.5,10.0,Fase 3 (7º e 8º ano),0,3,3,Ametista,Pública,9.2,7.5,0,0,False,False,False
RA-320,2022,3,N,Aluno-320,14,Feminino,2022,Pública,Ametista,7.897,8.8,10.0,6.9,,6.4,7.3,6.3,5.7,Sim,Sim,8.667,5.0,Fase 4 (9º ano),-1,3,4,Ametista,Pública,8.8,8.667,-1,-1,False,False,False
RA-321,2022,3,N,Aluno-321,12,Feminino,2022,Pública,Ametista,7.792,9.2,9.1,5.6,,5.2,5.7,6.2,3.7,Sim,Não,8.278,10.0,Fase 3 (7º e 8º ano),0,3,3,Ametista,Pública,9.2,8.278,0,0,False,False,False
RA-322,2022,3,N,Aluno-322,13,Feminino,2022,Pública,Ágata,6.859,7.1,8.1,5.0,,4.7,4.3,5.7,4.0,Não,Não,6.778,10.0,Fase 3 (7º e 8º ano),0,3,3,Ágata,Pública,7.1,6.778,0,0,False,False,False
RA-323,2022,3,N,Aluno-323,13,Masculino,2022,Pública,Ágata,6.86,9.2,7.3,7.5,,3.4,7.3,2.5,0.5,Não,Não,6.611,10.0,Fase 3 (7º e 8º ano),0,3,3,Ágata,Pública,9.2,6.611,0,0,False,False,False
RA-324,2022,2,A,Aluno-324,10,Feminino,2022,Pública,Topázio,8.27,10.0,9.3,6.9,,6.8,6.3,7.2,,Sim,Sim,8.611,10.0,Fase 2 (5º e 6º ano),0,2,2,Topázio,Pública,10.0,8.611,0,0,False,False,False
RA-325,2022,2,A,Aluno-325,10,Masculino,2022,Pública,Ametista,7.619,9.5,6.8,7.5,,6.0,6.0,6.0,,Sim,Sim,8.444,10.0,Fase 2 (5º e 6º ano),0,2,2,Ametista,Pública,9.5,8.444,0,0,False,False,False
RA-326,2022,2,A,Aluno-326,12,Feminino,2022,Pública,Topázio,8.22,10.0,9.7,5.0,,9.0,8.7,9.3,,Sim,Sim,8.944,5.0,Fase 3 (7º e 8º ano),-1,2,3,Topázio,Pública,10.0,8.944,-1,-1,False,False,False
RA-327,2022,2,A,Aluno-327,11,Masculino,2021,Pública,Ágata,6.986,8.5,8.8,7.5,,2.8,2.3,3.2,,Não,Não,7.333,10.0,Fase 2 (5º e 6º ano),0,2,2,Ágata,Pública,8.5,7.333,0,0,False,False,False
RA-328,2022,2,A,Aluno-328,12,Masculino,2020,Pública,Ágata,6.823,10.0,7.0,7.5,,5.3,4.0,6.5,,Não,Não,7.5,5.0,Fase 3 (7º e 8º ano),-1,2,3,Ágata,Pública,10.0,7.5,-1,-1,False,False,False
RA-329,2022,2,A,Aluno-329,11,Masculino,2019,Pública,Ágata,6.313,7.4,6.9,4.4,,5.0,3.0,7.0,,Não,Não,5.778,10.0,Fase 2 (5º e 6º ano),0,2,2,Ágata,Pública,7.4,5.778,0,0,False,False,False
RA-330,2022,2,A,Aluno-330,14,Feminino,2018,Pública,Ágata,6.446,9.5,8.8,7.5,,2.5,2.3,2.7,,Não,Não,7.056,5.0,Fase 4 (9º ano),-2,2,4,Ágata,Pública,9.5,7.056,-2,-2,False,False,False
RA-331,2022,2,A,Aluno-331,12,Feminino,2019,Pública,Ágata,6.636,9.0,8.7,7.5,,3.7,2.3,5.0,,Não,Não,6.944,5.0,Fase 3 (7º e 8º ano),-1,2,3,Ágata,Pública,9.0,6.944,-1,-1,False,True,False
RA-332,2022,2,A,Aluno-332,13,Masculino,2017,Rede Decisão,Ametista,7.883,9.5,9.0,8.1,,7.5,7.5,7.5,,Não,Sim,8.5,5.0,Fase 3 (7º e 8º ano),-1,2,3,Ametista,Rede Decisão,9.5,8.5,-1,-1,False,True,False
RA-333,2022,2,A,Aluno-333,14,Masculino,2018,Escola JP II,Quartzo,5.249,8.0,5.8,3.8,,2.9,0.2,5.7,,Não,Não,6.722,5.0,Fase 4 (9º ano),-2,2,4,Quartzo,Escola JP II,8.0,6.722,-2,-2,False,False,False
RA-334,2022,2,A,Aluno-334,11,Feminino,2019,Rede Decisão,Ametista,7.961,6.9,9.2,4.4,,8.0,7.0,9.0,,Não,Sim,8.722,10.0,Fase 2 (5º e 6º ano),0,2,2,Ametista,Rede Decisão,6.9,8.722,0,0,False,False,False
RA-335,2022,2,A,Aluno-335,10,Masculino,2022,Pública,Ametista,7.902,9.5,9.4,7.5,,7.4,5.8,9.0,,Não,Não,6.833,10.0,Fase 2 (5º e 6º ano),0,2,2,Ametista,Pública,9.5,6.833,0,0,False,False,False
RA-336,2022,2,A,Aluno-336,13,Masculino,2016,Pública,Ágata,6.787,9.5,8.5,4.4,,5.1,4.5,5.7,,Não,Não,7.889,5.0,Fase 3 (7º e 8º ano),-1,2,3,Ágata,Pública,9.5,7.889,-1,-1,False,True,False
RA-337,2022,2,B,Aluno-337,11,Masculino,2022,Pública,Ametista,7.914,10.0,9.3,7.5,,5.8,7.5,4.0,,Não,Não,7.611,10.0,Fase 2 (5º e 6º ano),0,2,2,Ametista,Pública,10.0,7.611,0,0,False,False,False
RA-338,2022,2,B,Aluno-338,12,Masculino,2019,Pública,Ágata,6.837,8.5,7.3,7.5,,5.8,5.3,6.2,,Não,Não,7.611,5.0,Fase 3 (7º e 8º ano),-1,2,3,Ágata,Pública,8.5,7.611,-1,-1,False,True,False
RA-339,2022,2,B,Aluno-339,11,Feminino,2019,Pública,Topázio,8.488,6.9,9.9,7.5,,8.1,7.1,9.2,,Sim,Sim,8.889,10.0,Fase 2 (5º e 6º ano),0,2,2,Topázio,Pública,6.9,8.889,0,0,False,True,False
RA-340,2022,2,B,Aluno-340,11,Masculino,2017,Pública,Ametista,7.721,9.0,8.2,7.5,,6.5,6.0,7.0,,Não,Não,7.667,10.0,Fase 2 (5º e 6º ano),0,2,2,Ametista,Pública,9.0,7.667,0,0,False,True,False
RA-341,2022,2,B,Aluno-341,12,Masculino,2022,Pública,Ágata,6.854,8.0,7.7,7.5,,5.8,5.0,6.5,,Não,Não,7.5,5.0,Fase 3 (7º e 8º ano),-1,2,3,Ágata,Pública,8.0,7.5,-1,-1,False,False,False
RA-342,2022,2,B,Aluno-342,14,Feminino,2021,Pública,Ágata,6.941,9.0,6.7,7.5,,6.6,5.5,7.7,,Não,Não,7.5,5.0,Fase 4 (9º ano),-2,2,4,Ágata,Pública,9.0,7.5,-2,-2,False,False,False
RA-343,2022,2,B,Aluno-343,14,Masculino,2020,Pública,Ágata,6.9,9.5,7.4,7.5,,5.9,4.2,7.7,,Não,Não,7.167,5.0,Fase 4 (9º ano),-2,2,4,Ágata,Pública,9.5,7.167,-2,-2,False,False,False
RA-344,2022,2,B,Aluno-344,11,Masculino,2019,Pública,Ametista,7.263,8.5,8.3,7.5,,4.5,2.3,6.7,,Não,Não,7.5,10.0,Fase 2 (5º e 6º ano),0,2,2,Ametista,Pública,8.5,7.5,0,0,False,False,False
RA-345,2022,2,B,Aluno-345,13,Masculino,2021,Pública,Quartzo,5.75,9.5,5.4,5.6,,3.6,1.3,5.8,,Não,Não,6.667,5.0,Fase 3 (7º e 8º ano),-1,2,3,Quartzo,Pública,9.5,6.667,-1,-1,False,False,False
RA-346,2022,2,B,Aluno-346,10,Masculino,2022,Pública,Topázio,8.143,10.0,9.1,7.5,,7.0,6.0,8.0,,Não,Não,7.889,10.0,Fase 2 (5º e 6º ano),0,2,2,Topázio,Pública,10.0,7.889,0,0,False,False,False
RA-347,2022,2,B,Aluno-347,12,Feminino,2019,Pública,Ametista,7.908,9.0,10.0,5.6,,8.5,8.5,8.5,,Sim,Não,8.0,5.0,Fase 3 (7º e 8º ano),-1,2,3,Ametista,Pública,9.0,8.0,-1,-1,False,True,False
RA-348,2022,2,B,Aluno-348,12,Masculino,2022,Pública,Quartzo,5.864,9.0,8.7,7.5,,1.8,0.5,3.0,,Não,Não,5.833,5.0,Fase 3 (7º e 8º ano),-1,2,3,Quartzo,Pública,9.0,5.833,-1,-1,False,False,False
RA-349,2022,2,B,Aluno-349,12,Masculino,2021,Pública,Quartzo,5.658,9.5,7.7,7.5,,3.7,2.2,5.2,,Não,Não,3.944,5.0,Fase 3 (7º e 8º ano),-1,2,3,Quartzo,Pública,9.5,3.944,-1,-1,False,False,False
RA-350,2022,2,D,Aluno-350,11,Feminino,2022,Pública,Topázio,8.206,10.0,8.8,7.5,,6.5,7.0,6.0,,Não,Sim,8.611,10.0,Fase 2 (5º e 6º ano),0,2,2,Topázio,Pública,10.0,8.611,0,0,False,False,False
RA-351,2022,2,D,Aluno-351,14,Masculino,2022,Pública,Ágata,6.622,9.0,7.2,7.5,,4.0,3.2,4.8,,Não,Não,8.111,5.0,Fase 4 (9º ano),-2,2,4,Ágata,Pública,9.0,8.111,-2,-2,False,False,False
RA-352,2022,2,D,Aluno-352,11,Masculino,2019,Pública,Ametista,7.834,9.0,8.1,5.6,,7.0,7.3,6.7,,Não,Sim,8.389,10.0,Fase 2 (5º e 6º ano),0,2,2,Ametista,Pública,9.0,8.389,0,0,False,True,False
RA-353,2022,2,D,Aluno-353,11,Feminino,2022,Pública,Topázio,8.264,7.0,10.0,7.5,,7.5,8.0,7.0,,Não,Sim,8.444,10.0,Fase 2 (5º e 6º ano),0,2,2,Topázio,Pública,7.0,8.444,0,0,False,False,False
RA-354,2022,2,D,Aluno-354,13,Feminino,2018,Pública,Quartzo,5.858,8.5,4.3,7.5,,4.5,2.8,6.2,,Não,Não,7.333,5.0,Fase 3 (7º e 8º ano),-1,2,3,Quartzo,Pública,8.5,7.333,-1,-1,False,False,False
RA-355,2022,2,D,Aluno-355,12,Feminino,2018,Pública,Quartzo,5.379,5.8,5.0,7.5,,4.5,5.5,3.5,,Não,Não,6.056,5.0,Fase 3 (7º e 8º ano),-1,2,3,Quartzo,Pública,5.8,6.056,-1,-1,False,False,False
RA-356,2022,2,D,Aluno-356,12,Masculino,2019,Pública,Ágata,6.69,10.0,8.4,5.0,,4.6,5.3,3.8,,Não,Não,8.278,5.0,Fase 3 (7º e 8º ano),-1,2,3,Ágata,Pública,10.0,8.278,-1,-1,False,True,False
RA-357,2022,2,D,Aluno-357,12,Masculino,2022,Pública,Ametista,7.836,8.0,9.6,7.5,,8.5,10.0,7.0,,Não,Não,7.778,5.0,Fase 3 (7º e 8º ano),-1,2,3,Ametista,Pública,8.0,7.778,-1,-1,False,False,False
RA-358,2022,2,D,Aluno-358,13,Masculino,2022,Pública,Quartzo,5.412,7.5,6.5,7.5,,0.0,0.0,0.0,,Não,Não,7.556,5.0,Fase 3 (7º e 8º ano),-1,2,3,Quartzo,Pública,7.5,7.556,-1,-1,False,False,False
RA-359,2022,2,D,Aluno-359,12,Feminino,2019,Pública,Ágata,6.606,9.0,7.0,7.5,,4.6,3.3,5.8,,Não,Não,7.5,5.0,Fase 3 (7º e 8º ano),-1,2,3,Ágata,Pública,9.0,7.5,-1,-1,False,True,False
RA-360,2022,2,D,Aluno-360,12,Feminino,2019,Pública,Ametista,7.075,9.5,8.5,7.5,,5.2,4.7,5.7,,Não,Não,7.5,5.0,Fase 3 (7º e 8º ano),-1,2,3,Ametista,Pública,9.5,7.5,-1,-1,False,True,False
RA-361,2022,2,F,Aluno-361,13,Feminino,2022,Pública,Ágata,6.731,7.9,9.2,6.3,,5.0,4.0,6.0,,Não,Não,6.778,5.0,Fase 3 (7º e 8º ano),-1,2,3,Ágata,Pública,7.9,6.778,-1,-1,False,False,False
RA-362,2022,2,F,Aluno-362,12,Feminino,2018,Pública,Ametista,7.413,8.5,7.9,7.5,,7.9,6.5,9.3,,Não,Não,7.5,5.0,Fase 3 (7º e 8º ano),-1,2,3,Ametista,Pública,8.5,7.5,-1,-1,False,False,False
RA-363,2022,2,F,Aluno-363,12,Masculino,2022,Pública,Ágata,6.644,10.0,10.0,6.9,,2.0,1.0,3.0,,Não,Não,7.056,5.0,Fase 3 (7º e 8º ano),-1,2,3,Ágata,Pública,10.0,7.056,-1,-1,False,False,False
RA-364,2022,2,F,Aluno-364,11,Masculino,2019,Pública,Topázio,8.75,9.5,10.0,7.5,,8.8,9.5,8.0,,Não,Não,8.167,10.0,Fase 2 (5º e 6º ano),0,2,2,Topázio,Pública,9.5,8.167,0,0,False,True,False
RA-365,2022,2,F,Aluno-365,10,Feminino,2022,Pública,Topázio,8.063,8.0,10.0,5.0,,7.8,6.0,9.5,,Não,Não,7.833,10.0,Fase 2 (5º e 6º ano),0,2,2,Topázio,Pública,8.0,7.833,0,0,False,False,False
RA-366,2022,2,F,Aluno-366,12,Masculino,2022,Pública,Ametista,7.181,9.5,9.4,7.5,,5.5,6.0,5.0,,Não,Não,6.833,5.0,Fase 3 (7º e 8º ano),-1,2,3,Ametista,Pública,9.5,6.833,-1,-1,False,False,False
RA-367,2022,2,F,Aluno-367,12,Feminino,2018,Pública,Ágata,6.95,8.5,7.4,6.3,,6.7,5.2,8.2,,Não,Não,7.5,5.0,Fase 3 (7º e 8º ano),-1,2,3,Ágata,Pública,8.5,7.5,-1,-1,False,True,False
RA-368,2022,2,F,Aluno-368,13,Masculino,2018,Rede Decisão,Ágata,6.969,8.0,7.9,5.0,,7.3,5.5,9.0,,Não,Não,7.5,5.0,Fase 3 (7º e 8º ano),-1,2,3,Ágata,Rede Decisão,8.0,7.5,-1,-1,False,True,False
RA-369,2022,2,F,Aluno-369,11,Masculino,2022,Pública,Ágata,6.973,9.0,6.9,7.5,,4.8,4.0,5.5,,Não,Não,6.889,10.0,Fase 2 (5º e 6º ano),0,2,2,Ágata,Pública,9.0,6.889,0,0,False,False,False
RA-370,2022,2,F,Aluno-370,12,Feminino,2018,Rede Decisão,Ametista,7.066,8.5,8.2,5.0,,7.2,5.2,9.2,,Não,Não,7.611,5.0,Fase 3 (7º e 8º ano),-1,2,3,Ametista,Rede Decisão,8.5,7.611,-1,-1,False,False,False
RA-371,2022,2,F,Aluno-371,10,Feminino,2022,Pública,Topázio,8.112,9.5,8.0,6.9,,8.4,7.8,9.0,,Não,Não,7.667,10.0,Fase 2 (5º e 6º ano),0,2,2,Topázio,Pública,9.5,7.667,0,0,False,False,False
RA-372,2022,2,F,Aluno-372,10,Masculino,2021,Pública,Ametista,7.304,8.5,5.5,6.9,,7.8,8.3,7.2,,Não,Não,7.389,10.0,Fase 2 (5º e 6º ano),0,2,2,Ametista,Pública,8.5,7.389,0,0,False,False,False
RA-373,2022,2,F,Aluno-373,11,Masculino,2022,Pública,Ametista,7.503,6.4,9.5,5.0,,7.3,6.5,8.0,,Não,Não,6.944,10.0,Fase 2 (5º e 6º ano),0,2,2,Ametista,Pública,6.4,6.944,0,0,False,False,False
RA-374,2022,2,F,Aluno-374,12,Feminino,2021,Pública,Ametista,7.747,9.0,9.8,7.5,,6.9,5.3,8.5,,Não,Não,7.944,5.0,Fase 3 (7º e 8º ano),-1,2,3,Ametista,Pública,9.0,7.944,-1,-1,False,False,False
RA-375,2022,2,F,Aluno-375,11,Masculino,2019,Pública,Ametista,7.831,9.0,9.5,7.5,,5.4,3.3,7.5,,Não,Não,7.667,10.0,Fase 2 (5º e 6º ano),0,2,2,Ametista,Pública,9.0,7.667,0,0,False,True,False
RA-376,2022,2,F,Aluno-376,12,Feminino,2019,Pública,Ágata,6.957,9.0,9.0,7.5,,4.3,2.0,6.7,,Não,Não,7.5,5.0,Fase 3 (7º e 8º ano),-1,2,3,Ágata,Pública,9.0,7.5,-1,-1,False,True,False
RA-377,2022,2,F,Aluno-377,12,Feminino,2021,Pública,Ágata,6.743,9.0,7.7,5.6,,6.2,4.3,8.0,,Não,Não,6.833,5.0,Fase 3 (7º e 8º ano),-1,2,3,Ágata,Pública,9.0,6.833,-1,-1,False,False,False
RA-378,2022,2,I,Aluno-378,12,Masculino,2021,Pública,Ametista,7.203,9.0,6.8,5.6,,8.1,8.7,7.5,,Sim,Não,7.889,5.0,Fase 3 (7º e 8º ano),-1,2,3,Ametista,Pública,9.0,7.889,-1,-1,False,False,False
RA-379,2022,2,I,Aluno-379,13,Feminino,2022,Pública,Ágata,6.722,8.5,8.1,7.5,,5.0,5.0,5.0,,Não,Não,6.778,5.0,Fase 3 (7º e 8º ano),-1,2,3,Ágata,Pública,8.5,6.778,-1,-1,False,False,False
RA-380,2022,2,I,Aluno-380,13,Masculino,2017,Pública,Quartzo,4.556,7.9,4.4,5.0,,2.5,2.3,2.7,,Não,Não,4.833,5.0,Fase 3 (7º e 8º ano),-1,2,3,Quartzo,Pública,7.9,4.833,-1,-1,False,False,False
RA-381,2022,2,I,Aluno-381,13,Masculino,2018,Pública,Ágata,6.454,9.0,8.3,6.9,,3.3,1.5,5.2,,Não,Não,6.944,5.0,Fase 3 (7º e 8º ano),-1,2,3,Ágata,Pública,9.0,6.944,-1,-1,False,True,False
RA-382,2022,2,I,Aluno-382,14,Masculino,2017,Pública,Ágata,6.777,9.0,7.7,6.3,,5.4,4.0,6.8,,Não,Não,7.333,5.0,Fase 4 (9º ano),-2,2,4,Ágata,Pública,9.0,7.333,-2,-2,False,True,False
RA-383,2022,2,I,Aluno-383,11,Masculino,2019,Pública,Topázio,8.4,9.0,9.6,7.5,,8.1,8.0,8.2,,Não,Não,7.778,10.0,Fase 2 (5º e 6º ano),0,2,2,Topázio,Pública,9.0,7.778,0,0,False,True,False
RA-384,2022,2,I,Aluno-384,12,Feminino,2017,Pública,Ametista,7.558,9.0,8.4,6.3,,8.1,8.0,8.2,,Não,Não,8.0,5.0,Fase 3 (7º e 8º ano),-1,2,3,Ametista,Pública,9.0,8.0,-1,-1,False,True,False
RA-385,2022,2,I,Aluno-385,12,Feminino,2022,Pública,Ágata,6.083,7.4,7.5,5.0,,4.9,2.7,7.2,,Não,Não,6.5,5.0,Fase 3 (7º e 8º ano),-1,2,3,Ágata,Pública,7.4,6.5,-1,-1,False,False,False
RA-386,2022,2,I,Aluno-386,13,Masculino,2019,Pública,Ágata,6.104,10.0,5.9,5.6,,4.0,3.7,4.3,,Não,Não,7.222,5.0,Fase 3 (7º e 8º ano),-1,2,3,Ágata,Pública,10.0,7.222,-1,-1,False,False,False
RA-387,2022,2,I,Aluno-387,13,Masculino,2019,Pública,Ágata,6.323,7.0,8.2,7.5,,3.7,1.3,6.0,,Não,Não,6.833,5.0,Fase 3 (7º e 8º ano),-1,2,3,Ágata,Pública,7.0,6.833,-1,-1,False,True,False
RA-388,2022,2,I,Aluno-388,14,Feminino,2019,Pública,Ágata,6.654,7.9,8.5,5.6,,4.5,3.5,5.5,,Não,Não,7.722,5.0,Fase 4 (9º ano),-2,2,4,Ágata,Pública,7.9,7.722,-2,-2,False,True,False
RA-389,2022,2,I,Aluno-389,11,Masculino,2019,Pública,Ametista,7.184,8.0,8.9,7.5,,3.5,2.0,5.0,,Não,Não,7.556,10.0,Fase 2 (5º e 6º ano),0,2,2,Ametista,Pública,8.0,7.556,0,0,False,True,False
RA-390,2022,2,I,Aluno-390,12,Feminino,2022,Pública,Ágata,6.776,7.4,8.8,6.3,,4.7,4.0,5.3,,Não,Não,7.722,5.0,Fase 3 (7º e 8º ano),-1,2,3,Ágata,Pública,7.4,7.722,-1,-1,False,False,False
RA-391,2022,2,J,Aluno-391,12,Feminino,2022,Pública,Ametista,7.117,10.0,8.1,7.5,,5.1,5.0,5.2,,Não,Não,8.056,5.0,Fase 3 (7º e 8º ano),-1,2,3,Ametista,Pública,10.0,8.056,-1,-1,False,False,False
RA-392,2022,2,J,Aluno-392,14,Masculino,2022,Pública,Ágata,6.418,9.5,8.8,5.6,,4.8,3.7,5.8,,Não,Não,6.778,5.0,Fase 4 (9º ano),-2,2,4,Ágata,Pública,9.5,6.778,-2,-2,False,False,False
RA-393,2022,2,J,Aluno-393,16,Feminino,2018,Pública,Quartzo,5.518,10.0,5.4,5.0,,4.6,4.7,4.5,,Não,Não,6.778,2.5,Fase 6 (2º EM),-4,2,6,Quartzo,Pública,10.0,6.778,-4,-4,False,False,False
RA-394,2022,2,J,Aluno-394,11,Feminino,2022,Pública,Ametista,7.897,9.5,8.6,7.5,,5.9,4.3,7.5,,Não,Sim,8.444,10.0,Fase 2 (5º e 6º ano),0,2,2,Ametista,Pública,9.5,8.444,0,0,False,False,False
RA-395,2022,2,J,Aluno-395,11,Feminino,2018,Pública,Ametista,7.683,9.0,8.9,7.5,,4.9,4.2,5.7,,Não,Não,8.333,10.0,Fase 2 (5º e 6º ano),0,2,2,Ametista,Pública,9.0,8.333,0,0,False,True,False
RA-396,2022,2,J,Aluno-396,12,Masculino,2022,Pública,Ágata,6.556,9.0,8.0,6.3,,5.6,4.7,6.5,,Não,Não,6.556,5.0,Fase 3 (7º e 8º ano),-1,2,3,Ágata,Pública,9.0,6.556,-1,-1,False,False,False
RA-397,2022,2,J,Aluno-397,14,Feminino,2017,Pública,Quartzo,5.852,9.0,5.7,6.9,,2.8,3.3,2.3,,Não,Não,7.167,5.0,Fase 4 (9º ano),-2,2,4,Quartzo,Pública,9.0,7.167,-2,-2,False,True,False
RA-398,2022,2,K,Aluno-398,10,Feminino,2022,Pública,Ametista,7.742,9.0,9.3,7.5,,5.5,3.0,8.0,,Não,Não,7.5,10.0,Fase 2 (5º e 6º ano),0,2,2,Ametista,Pública,9.0,7.5,0,0,False,False,False
RA-399,2022,2,K,Aluno-399,12,Feminino,2022,Pública,Ágata,6.58,6.8,9.3,5.6,,4.3,3.0,5.5,,Não,Não,7.5,5.0,Fase 3 (7º e 8º ano),-1,2,3,Ágata,Pública,6.8,7.5,-1,-1,False,False,False
RA-400,2022,2,K,Aluno-400,14,Masculino,2018,Pública,Ágata,6.042,9.0,8.5,5.0,,1.7,1.2,2.2,,Não,Não,7.444,5.0,Fase 4 (9º ano),-2,2,4,Ágata,Pública,9.0,7.444,-2,-2,False,False,False
RA-401,2022,2,K,Aluno-401,12,Feminino,2021,Pública,Ágata,6.645,6.9,9.6,7.5,,4.3,3.7,5.0,,Não,Não,6.722,5.0,Fase 3 (7º e 8º ano),-1,2,3,Ágata,Pública,6.9,6.722,-1,-1,False,False,False
RA-402,2022,2,K,Aluno-402,12,Feminino,2019,Pública,Quartzo,5.261,9.0,3.7,5.0,,3.0,4.3,1.7,,Não,Não,7.222,5.0,Fase 3 (7º e 8º ano),-1,2,3,Quartzo,Pública,9.0,7.222,-1,-1,False,True,False
RA-403,2022,2,K,Aluno-403,12,Masculino,2020,Pública,Ametista,7.455,9.5,9.3,7.5,,6.3,6.5,6.2,,Não,Não,7.5,5.0,Fase 3 (7º e 8º ano),-1,2,3,Ametista,Pública,9.5,7.5,-1,-1,False,True,False
RA-404,2022,2,K,Aluno-404,12,Feminino,2020,Pública,Ágata,6.658,9.0,7.3,7.5,,5.3,4.0,6.5,,Não,Não,6.944,5.0,Fase 3 (7º e 8º ano),-1,2,3,Ágata,Pública,9.0,6.944,-1,-1,False,True,False
RA-405,2022,2,K,Aluno-405,13,Masculino,2016,Pública,Quartzo,5.661,9.5,6.2,5.0,,3.3,2.7,3.8,,Não,Não,6.0,5.0,Fase 3 (7º e 8º ano),-1,2,3,Quartzo,Pública,9.5,6.0,-1,-1,False,False,False
RA-406,2022,2,K,Aluno-406,13,Feminino,2019,Pública,Ametista,7.496,9.5,9.5,7.5,,6.6,5.4,7.8,,Não,Não,7.333,5.0,Fase 3 (7º e 8º ano),-1,2,3,Ametista,Pública,9.5,7.333,-1,-1,False,False,False
RA-407,2022,2,K,Aluno-407,13,Masculino,2022,Pública,Ametista,7.195,8.5,9.3,7.5,,6.0,4.0,8.0,,Não,Não,7.056,5.0,Fase 3 (7º e 8º ano),-1,2,3,Ametista,Pública,8.5,7.056,-1,-1,False,False,False
RA-408,2022,2,K,Aluno-408,12,Feminino,2022,Pública,Ágata,6.725,8.0,9.7,7.5,,3.3,1.0,5.5,,Não,Não,7.333,5.0,Fase 3 (7º e 8º ano),-1,2,3,Ágata,Pública,8.0,7.333,-1,-1,False,False,False
RA-409,2022,2,K,Aluno-409,11,Feminino,2022,Pública,Topázio,8.15,7.9,9.7,7.5,,7.8,6.0,9.5,,Não,Não,7.5,10.0,Fase 2 (5º e 6º ano),0,2,2,Topázio,Pública,7.9,7.5,0,0,False,False,False
RA-410,2022,2,K,Aluno-410,14,Masculino,2018,Pública,Quartzo,5.675,7.4,6.5,6.3,,2.0,2.0,2.0,,Não,Não,7.444,5.0,Fase 4 (9º ano),-2,2,4,Quartzo,Pública,7.4,7.444,-2,-2,False,False,False
RA-411,2022,2,L,Aluno-411,12,Feminino,2019,Pública,Ametista,7.232,6.4,8.6,7.5,,7.1,6.7,7.5,,Não,Não,7.833,5.0,Fase 3 (7º e 8º ano),-1,2,3,Ametista,Pública,6.4,7.833,-1,-1,False,True,False
RA-412,2022,2,L,Aluno-412,12,Feminino,2018,Pública,Ametista,7.556,8.5,9.0,7.5,,7.3,6.5,8.2,,Não,Não,7.778,5.0,Fase 3 (7º e 8º ano),-1,2,3,Ametista,Pública,8.5,7.778,-1,-1,False,True,False
RA-413,2022,2,L,Aluno-413,12,Feminino,2022,Pública,Ágata,6.408,6.4,8.7,5.6,,4.7,4.2,5.2,,Não,Não,7.056,5.0,Fase 3 (7º e 8º ano),-1,2,3,Ágata,Pública,6.4,7.056,-1,-1,False,False,False
RA-414,2022,2,L,Aluno-414,12,Feminino,2021,Pública,Ametista,7.284,8.0,9.3,7.5,,5.9,5.7,6.2,,Não,Não,7.667,5.0,Fase 3 (7º e 8º ano),-1,2,3,Ametista,Pública,8.0,7.667,-1,-1,False,False,False
RA-415,2022,2,L,Aluno-415,11,Feminino,2019,Pública,Ametista,7.695,8.0,8.3,7.5,,6.2,4.8,7.5,,Não,Não,8.056,10.0,Fase 2 (5º e 6º ano),0,2,2,Ametista,Pública,8.0,8.056,0,0,False,False,False
RA-416,2022,2,L,Aluno-416,12,Masculino,2018,Rede Decisão,Ametista,7.913,9.5,9.3,8.8,,7.2,6.7,7.7,,Não,Não,8.222,5.0,Fase 3 (7º e 8º ano),-1,2,3,Ametista,Rede Decisão,9.5,8.222,-1,-1,False,True,False
RA-417,2022,2,L,Aluno-417,13,Feminino,2022,Pública,Topázio,8.428,10.0,10.0,7.5,,8.0,6.0,10.0,,Não,Sim,9.556,5.0,Fase 3 (7º e 8º ano),-1,2,3,Topázio,Pública,10.0,9.556,-1,-1,False,False,False
RA-418,2022,2,L,Aluno-418,10,Feminino,2020,Rede Decisão,Topázio,8.175,8.0,9.4,7.5,,7.5,6.5,8.5,,Não,Não,8.222,10.0,Fase 2 (5º e 6º ano),0,2,2,Topázio,Rede Decisão,8.0,8.222,0,0,False,True,False
RA-419,2022,2,L,Aluno-419,12,Feminino,2019,Rede Decisão,Ametista,7.359,7.5,9.2,5.6,,6.9,5.3,8.5,,Não,Sim,8.389,5.0,Fase 3 (7º e 8º ano),-1,2,3,Ametista,Rede Decisão,7.5,8.389,-1,-1,False,True,False
RA-420,2022,2,L,Aluno-420,11,Feminino,2019,Rede Decisão,Ametista,7.461,9.5,9.0,5.6,,4.5,1.3,7.7,,Não,Não,8.0,10.0,Fase 2 (5º e 6º ano),0,2,2,Ametista,Rede Decisão,9.5,8.0,0,0,False,True,False
RA-421,2022,2,L,Aluno-421,11,Masculino,2021,Pública,Topázio,8.717,8.5,9.3,7.5,,8.8,9.2,8.5,,Sim,Sim,9.111,10.0,Fase 2 (5º e 6º ano),0,2,2,Topázio,Pública,8.5,9.111,0,0,False,False,False
RA-422,2022,2,L,Aluno-422,12,Masculino,2022,Pública,Ágata,6.746,8.5,10.0,7.5,,2.5,1.0,4.0,,Não,Não,7.5,5.0,Fase 3 (7º e 8º ano),-1,2,3,Ágata,Pública,8.5,7.5,-1,-1,False,False,False
RA-423,2022,2,L,Aluno-423,12,Feminino,2022,Pública,Ágata,6.647,8.4,9.6,7.5,,2.3,0.5,4.0,,Não,Não,7.667,5.0,Fase 3 (7º e 8º ano),-1,2,3,Ágata,Pública,8.4,7.667,-1,-1,False,False,False
RA-424,2022,2,L,Aluno-424,12,Feminino,2022,Pública,Ametista,7.94,9.0,10.0,7.5,,7.5,10.0,5.0,,Não,Não,8.222,5.0,Fase 3 (7º e 8º ano),-1,2,3,Ametista,Pública,9.0,8.222,-1,-1,False,False,False
RA-425,2022,2,L,Aluno-425,12,Masculino,2022,Pública,Topázio,8.117,9.0,10.0,7.5,,9.0,9.0,9.0,,Não,Não,7.5,5.0,Fase 3 (7º e 8º ano),-1,2,3,Topázio,Pública,9.0,7.5,-1,-1,False,False,False
RA-426,2022,2,M,Aluno-426,14,Feminino,2022,Pública,Ágata,6.35,9.0,6.5,7.5,,4.6,2.3,6.8,,Não,Não,7.111,5.0,Fase 4 (9º ano),-2,2,4,Ágata,Pública,9.0,7.111,-2,-2,False,False,False
RA-427,2022,2,M,Aluno-427,13,Masculino,2022,Pública,Ágata,6.245,8.0,8.5,7.5,,2.5,3.0,2.0,,Não,Não,6.778,5.0,Fase 3 (7º e 8º ano),-1,2,3,Ágata,Pública,8.0,6.778,-1,-1,False,False,False
RA-428,2022,2,M,Aluno-428,13,Masculino,2022,Pública,Ametista,7.683,6.8,8.7,7.5,,9.5,10.0,9.0,,Não,Não,7.111,5.0,Fase 3 (7º e 8º ano),-1,2,3,Ametista,Pública,6.8,7.111,-1,-1,False,False,False
RA-429,2022,2,M,Aluno-429,13,Masculino,2019,Pública,Quartzo,5.811,10.0,5.3,7.5,,2.7,2.8,2.5,,Não,Não,6.611,5.0,Fase 3 (7º e 8º ano),-1,2,3,Quartzo,Pública,10.0,6.611,-1,-1,False,False,False
RA-430,2022,2,M,Aluno-430,13,Masculino,2022,Pública,Ametista,7.585,9.5,8.6,7.5,,8.5,7.5,9.5,,Não,Não,6.611,5.0,Fase 3 (7º e 8º ano),-1,2,3,Ametista,Pública,9.5,6.611,-1,-1,False,False,False
RA-431,2022,2,M,Aluno-431,11,Masculino,2022,Pública,Ametista,7.175,9.0,8.1,7.5,,4.5,5.0,4.0,,Não,Não,6.778,10.0,Fase 2 (5º e 6º ano),0,2,2,Ametista,Pública,9.0,6.778,0,0,False,False,False
RA-432,2022,2,M,Aluno-432,14,Feminino,2019,Pública,Ágata,6.34,10.0,6.8,5.0,,5.1,5.7,4.5,,Não,Não,6.611,5.0,Fase 4 (9º ano),-2,2,4,Ágata,Pública,10.0,6.611,-2,-2,False,True,False
RA-433,2022,2,M,Aluno-433,12,Masculino,2022,Pública,Quartzo,5.557,8.5,7.3,5.0,,2.6,2.2,3.0,,Não,Não,5.778,5.0,Fase 3 (7º e 8º ano),-1,2,3,Quartzo,Pública,8.5,5.778,-1,-1,False,False,False
RA-434,2022,2,M,Aluno-434,11,Masculino,2022,Pública,Ametista,7.403,9.0,8.1,7.5,,5.7,4.8,6.5,,Não,Não,6.778,10.0,Fase 2 (5º e 6º ano),0,2,2,Ametista,Pública,9.0,6.778,0,0,False,False,False
RA-435,2022,2,M,Aluno-435,10,Feminino,2022,Pública,Ágata,6.599,7.9,6.2,7.5,,4.7,3.7,5.7,,Não,Não,6.444,10.0,Fase 2 (5º e 6º ano),0,2,2,Ágata,Pública,7.9,6.444,0,0,False,False,False
RA-436,2022,2,M,Aluno-436,11,Masculino,2022,Pública,Ágata,6.687,9.5,8.1,7.5,,2.0,4.0,0.0,,Não,Não,6.611,10.0,Fase 2 (5º e 6º ano),0,2,2,Ágata,Pública,9.5,6.611,0,0,False,False,False
RA-437,2022,2,M,Aluno-437,13,Masculino,2022,Pública,Ágata,6.875,8.5,8.3,7.5,,5.8,6.0,5.5,,Não,Não,6.611,5.0,Fase 3 (7º e 8º ano),-1,2,3,Ágata,Pública,8.5,6.611,-1,-1,False,False,False
RA-438,2022,2,M,Aluno-438,10,Masculino,2022,Pública,Ametista,7.764,8.0,8.7,7.5,,7.3,6.5,8.0,,Não,Não,6.889,10.0,Fase 2 (5º e 6º ano),0,2,2,Ametista,Pública,8.0,6.889,0,0,False,False,False
RA-439,2022,2,M,Aluno-439,12,Masculino,2022,Pública,Quartzo,5.519,9.0,4.9,7.5,,2.3,3.2,1.3,,Não,Não,6.5,5.0,Fase 3 (7º e 8º ano),-1,2,3,Quartzo,Pública,9.0,6.5,-1,-1,False,False,False
RA-440,2022,2,P,Aluno-440,11,Masculino,2022,Pública,Ametista,7.329,9.5,9.0,6.9,,5.5,6.0,5.0,,Não,Não,5.833,10.0,Fase 2 (5º e 6º ano),0,2,2,Ametista,Pública,9.5,5.833,0,0,False,False,False
RA-441,2022,2,P,Aluno-441,11,Feminino,2019,Pública,Topázio,8.188,9.0,7.9,7.5,,8.0,8.0,8.0,,Não,Não,8.333,10.0,Fase 2 (5º e 6º ano),0,2,2,Topázio,Pública,9.0,8.333,0,0,False,False,False
RA-442,2022,2,P,Aluno-442,11,Feminino,2022,Pública,Topázio,8.226,10.0,8.2,7.5,,7.5,9.0,6.0,,Não,Não,8.222,10.0,Fase 2 (5º e 6º ano),0,2,2,Topázio,Pública,10.0,8.222,0,0,False,False,False
RA-443,2022,2,P,Aluno-443,13,Feminino,2019,Pública,Ametista,7.482,9.0,9.1,7.5,,5.6,8.0,3.2,,Sim,Sim,8.5,5.0,Fase 3 (7º e 8º ano),-1,2,3,Ametista,Pública,9.0,8.5,-1,-1,False,False,False
RA-444,2022,2,P,Aluno-444,11,Masculino,2018,Pública,Ágata,6.665,9.0,7.2,5.0,,3.1,1.5,4.7,,Não,Não,7.778,10.0,Fase 2 (5º e 6º ano),0,2,2,Ágata,Pública,9.0,7.778,0,0,False,True,True
RA-445,2022,2,P,Aluno-445,12,Masculino,2022,Pública,Ágata,6.924,9.0,9.4,7.5,,3.8,0.0,7.5,,Não,Não,7.5,5.0,Fase 3 (7º e 8º ano),-1,2,3,Ágata,Pública,9.0,7.5,-1,-1,False,False,False
RA-446,2022,2,P,Aluno-446,13,Feminino,2018,Pública,Ametista,7.367,9.5,8.9,5.0,,6.9,6.3,7.5,,Não,Não,7.889,5.0,Fase 3 (7º e 8º ano),-1,2,3,Ametista,Pública,9.5,7.889,-1,-1,False,False,False
RA-447,2022,2,P,Aluno-447,10,Feminino,2022,Pública,Quartzo,5.607,0.0,7.0,7.5,,3.5,7.0,0.0,,Não,Não,5.556,10.0,Fase 2 (5º e 6º ano),0,2,2,Quartzo,Pública,0.0,5.556,0,0,False,False,False
RA-448,2022,2,P,Aluno-448,11,Feminino,2022,Pública,Ametista,7.972,9.0,9.7,7.5,,5.5,5.0,6.0,,Não,Não,8.111,10.0,Fase 2 (5º e 6º ano),0,2,2,Ametista,Pública,9.0,8.111,0,0,False,False,False
RA-449,2022,2,P,Aluno-449,12,Feminino,2022,Pública,Ágata,6.143,0.0,6.0,7.5,,7.0,6.0,8.0,,Não,Não,8.111,5.0,Fase 3 (7º e 8º ano),-1,2,3,Ágata,Pública,0.0,8.111,-1,-1,False,False,False
RA-450,2022,2,Q,Aluno-450,13,Masculino,2021,Pública,Ametista,7.843,10.0,9.1,7.5,,7.5,6.8,8.2,,Não,Não,8.111,5.0,Fase 3 (7º e 8º ano),-1,2,3,Ametista,Pública,10.0,8.111,-1,-1,False,False,False
RA-451,2022,2,Q,Aluno-451,13,Feminino,2019,Pública,Ágata,6.434,9.0,6.0,6.3,,6.1,3.1,9.2,,Não,Não,6.889,5.0,Fase 3 (7º e 8º ano),-1,2,3,Ágata,Pública,9.0,6.889,-1,-1,False,False,False
RA-452,2022,2,Q,Aluno-452,13,Feminino,2021,Pública,Ágata,6.287,9.0,5.6,7.5,,4.8,5.0,4.5,,Não,Não,7.167,5.0,Fase 3 (7º e 8º ano),-1,2,3,Ágata,Pública,9.0,7.167,-1,-1,False,False,False
RA-453,2022,2,Q,Aluno-453,13,Feminino,2022,Pública,Ametista,7.845,9.0,8.7,7.5,,8.8,8.0,9.5,,Não,Não,7.778,5.0,Fase 3 (7º e 8º ano),-1,2,3,Ametista,Pública,9.0,7.778,-1,-1,False,False,False
RA-454,2022,2,Q,Aluno-454,14,Masculino,2018,Pública,Quartzo,5.561,9.5,8.6,5.0,,2.3,0.0,4.7,,Não,Não,5.444,5.0,Fase 4 (9º ano),-2,2,4,Quartzo,Pública,9.5,5.444,-2,-2,False,True,False
RA-455,2022,2,Q,Aluno-455,12,Feminino,2022,Pública,Ágata,6.876,7.0,7.9,7.5,,6.3,6.0,6.5,,Não,Não,7.278,5.0,Fase 3 (7º e 8º ano),-1,2,3,Ágata,Pública,7.0,7.278,-1,-1,False,False,False
RA-456,2022,2,Q,Aluno-456,12,Feminino,2022,Pública,Ametista,7.193,6.4,8.2,6.3,,7.3,6.0,8.7,,Não,Sim,8.389,5.0,Fase 3 (7º e 8º ano),-1,2,3,Ametista,Pública,6.4,8.389,-1,-1,False,False,False
RA-457,2022,2,Q,Aluno-457,12,Feminino,2022,Pública,Ametista,7.68,8.0,8.8,7.5,,8.5,7.0,10.0,,Não,Não,7.667,5.0,Fase 3 (7º e 8º ano),-1,2,3,Ametista,Pública,8.0,7.667,-1,-1,False,False,False
RA-458,2022,2,Q,Aluno-458,13,Masculino,2019,Pública,Ágata,6.512,8.0,7.7,7.5,,5.6,4.7,6.5,,Não,Não,5.833,5.0,Fase 3 (7º e 8º ano),-1,2,3,Ágata,Pública,8.0,5.833,-1,-1,False,True,False
RA-459,2022,2,Q,Aluno-459,12,Masculino,2019,Pública,Ametista,7.28,7.0,9.1,8.1,,7.3,5.3,9.2,,Não,Não,7.222,5.0,Fase 3 (7º e 8º ano),-1,2,3,Ametista,Pública,7.0,7.222,-1,-1,False,True,False
RA-460,2022,2,Q,Aluno-460,12,Masculino,2022,Pública,Quartzo,5.711,6.8,8.1,7.5,,3.3,0.5,6.0,,Não,Não,5.056,5.0,Fase 3 (7º e 8º ano),-1,2,3,Quartzo,Pública,6.8,5.056,-1,-1,False,False,False
RA-461,2022,2,Q,Aluno-461,12,Feminino,2018,Pública,Quartzo,5.451,0.0,6.7,7.5,,3.8,1.5,6.2,,Não,Não,7.222,5.0,Fase 3 (7º e 8º ano),-1,2,3,Quartzo,Pública,0.0,7.222,-1,-1,False,True,False
RA-462,2022,2,Q,Aluno-462,14,Masculino,2022,Pública,Ágata,6.626,10.0,8.5,7.5,,3.6,2.0,5.2,,Não,Não,6.778,5.0,Fase 4 (9º ano),-2,2,4,Ágata,Pública,10.0,6.778,-2,-2,True,False,False
RA-463,2022,2,U,Aluno-463,12,Feminino,2020,Pública,Ágata,6.41,10.0,7.8,7.5,,2.5,2.0,3.0,,Não,Não,7.389,5.0,Fase 3 (7º e 8º ano),-1,2,3,Ágata,Pública,10.0,7.389,-1,-1,False,False,False
RA-464,2022,2,U,Aluno-464,13,Feminino,2022,Pública,Ágata,6.745,7.5,8.0,7.5,,4.8,2.7,7.0,,Não,Não,7.722,5.0,Fase 3 (7º e 8º ano),-1,2,3,Ágata,Pública,7.5,7.722,-1,-1,False,False,False
RA-465,2022,2,U,Aluno-465,11,Masculino,2019,Pública,Ametista,8.012,8.0,7.9,7.5,,7.8,9.3,6.3,,Não,Sim,8.444,10.0,Fase 2 (5º e 6º ano),0,2,2,Ametista,Pública,8.0,8.444,0,0,False,False,False
RA-466,2022,2,U,Aluno-466,13,Masculino,2022,Pública,Ágata,6.826,8.5,9.7,7.5,,3.3,0.5,6.0,,Não,Não,7.556,5.0,Fase 3 (7º e 8º ano),-1,2,3,Ágata,Pública,8.5,7.556,-1,-1,False,False,False
RA-467,2022,2,U,Aluno-467,13,Feminino,2022,Pública,Ágata,6.38,5.8,8.4,5.0,,5.5,5.0,6.0,,Não,Não,7.111,5.0,Fase 3 (7º e 8º ano),-1,2,3,Ágata,Pública,5.8,7.111,-1,-1,False,False,False
RA-468,2022,2,U,Aluno-468,13,Masculino,2022,Pública,Ágata,6.313,9.5,6.7,7.5,,4.1,4.5,3.7,,Não,Não,6.722,5.0,Fase 3 (7º e 8º ano),-1,2,3,Ágata,Pública,9.5,6.722,-1,-1,False,False,False
RA-469,2022,2,U,Aluno-469,11,Feminino,2022,Pública,Ametista,7.624,9.0,9.6,5.0,,5.7,6.2,5.2,,Não,Não,7.833,10.0,Fase 2 (5º e 6º ano),0,2,2,Ametista,Pública,9.0,7.833,0,0,False,False,False
RA-470,2022,2,U,Aluno-470,13,Feminino,2019,Pública,Ametista,7.378,8.0,9.7,7.5,,6.3,5.3,7.3,,Não,Não,7.5,5.0,Fase 3 (7º e 8º ano),-1,2,3,Ametista,Pública,8.0,7.5,-1,-1,False,True,False
RA-471,2022,2,U,Aluno-471,13,Feminino,2020,Pública,Ágata,6.535,3.5,8.5,5.0,,6.3,5.7,6.8,,Não,Não,8.056,5.0,Fase 3 (7º e 8º ano),-1,2,3,Ágata,Pública,3.5,8.056,-1,-1,False,True,False
RA-472,2022,2,U,Aluno-472,12,Feminino,2022,Pública,Quartzo,5.93,9.0,7.0,7.5,,2.0,1.8,2.2,,Não,Não,7.056,5.0,Fase 3 (7º e 8º ano),-1,2,3,Quartzo,Pública,9.0,7.056,-1,-1,False,False,False
RA-473,2022,2,U,Aluno-473,12,Masculino,2019,Pública,Quartzo,5.915,8.0,6.1,7.5,,4.3,4.5,4.0,,Não,Não,5.889,5.0,Fase 3 (7º e 8º ano),-1,2,3,Quartzo,Pública,8.0,5.889,-1,-1,False,False,False
RA-474,2022,2,U,Aluno-474,13,Masculino,2019,Pública,Ágata,6.446,9.5,9.1,7.5,,3.0,1.3,4.7,,Não,Não,6.0,5.0,Fase 3 (7º e 8º ano),-1,2,3,Ágata,Pública,9.5,6.0,-1,-1,False,True,False
RA-475,2022,2,U,Aluno-475,12,Feminino,2022,Pública,Ametista,7.199,8.5,9.2,7.5,,5.8,3.3,8.3,,Não,Não,7.667,5.0,Fase 3 (7º e 8º ano),-1,2,3,Ametista,Pública,8.5,7.667,-1,-1,False,False,False
RA-476,2022,2,U,Aluno-476,12,Feminino,2019,Pública,Ágata,6.931,9.0,9.3,4.4,,5.5,5.0,6.0,,Não,Não,7.556,5.0,Fase 3 (7º e 8º ano),-1,2,3,Ágata,Pública,9.0,7.556,-1,-1,False,True,False
RA-477,2022,2,U,Aluno-477,13,Masculino,2022,Pública,Quartzo,3.633,0.0,5.0,5.6,,0.7,0.3,1.0,,Não,Não,4.5,5.0,Fase 3 (7º e 8º ano),-1,2,3,Quartzo,Pública,0.0,4.5,-1,-1,False,False,False
RA-478,2022,2,U,Aluno-478,12,Feminino,2019,Pública,Ágata,6.709,8.5,9.1,5.6,,4.9,3.8,6.0,,Não,Não,7.056,5.0,Fase 3 (7º e 8º ano),-1,2,3,Ágata,Pública,8.5,7.056,-1,-1,False,False,False
RA-479,2022,1,A,Aluno-479,10,Masculino,2020,Rede Decisão,Topázio,8.465,8.0,9.2,7.5,,9.8,10.0,9.7,,Não,Sim,9.5,5.0,Fase 2 (5º e 6º ano),-1,1,2,Topázio,Rede Decisão,8.0,9.5,-1,-1,False,True,False
RA-480,2022,1,A,Aluno-480,10,Feminino,2021,Pública,Ametista,7.502,9.0,8.8,7.5,,6.3,6.8,5.7,,Sim,Sim,8.444,5.0,Fase 2 (5º e 6º ano),-1,1,2,Ametista,Pública,9.0,8.444,-1,-1,False,False,False
RA-481,2022,1,A,Aluno-481,9,Masculino,2021,Pública,Ametista,7.21,9.0,8.0,7.5,,5.2,5.7,4.7,,Não,Não,6.889,10.0,Fase 1 (4º ano),0,1,1,Ametista,Pública,9.0,6.889,0,0,False,False,False
RA-482,2022,1,A,Aluno-482,11,Masculino,2021,Pública,Ágata,6.866,10.0,7.9,7.5,,5.5,4.3,6.7,,Não,Não,6.833,5.0,Fase 2 (5º e 6º ano),-1,1,2,Ágata,Pública,10.0,6.833,-1,-1,False,False,False
RA-483,2022,1,A,Aluno-483,11,Feminino,2019,Pública,Quartzo,5.263,9.0,4.8,5.0,,2.4,2.0,2.8,,Não,Não,6.833,5.0,Fase 2 (5º e 6º ano),-1,1,2,Quartzo,Pública,9.0,6.833,-1,-1,False,True,False
RA-484,2022,1,A,Aluno-484,11,Masculino,2022,Pública,Ágata,6.71,9.5,8.7,5.0,,6.5,8.0,5.0,,Não,Não,6.389,5.0,Fase 2 (5º e 6º ano),-1,1,2,Ágata,Pública,9.5,6.389,-1,-1,False,False,False
RA-485,2022,1,A,Aluno-485,10,Masculino,2020,Pública,Quartzo,4.742,9.5,4.0,7.5,,1.2,1.0,1.3,,Não,Não,5.444,5.0,Fase 2 (5º e 6º ano),-1,1,2,Quartzo,Pública,9.5,5.444,-1,-1,False,False,False
RA-486,2022,1,A,Aluno-486,10,Feminino,2020,Pública,Ametista,7.621,10.0,9.9,7.5,,7.3,6.7,7.8,,Não,Não,7.222,5.0,Fase 2 (5º e 6º ano),-1,1,2,Ametista,Pública,10.0,7.222,-1,-1,False,False,False
RA-487,2022,1,A,Aluno-487,10,Feminino,2019,Rede Decisão,Topázio,8.417,7.5,9.7,7.5,,9.6,9.7,9.5,,Não,Sim,9.333,5.0,Fase 2 (5º e 6º ano),-1,1,2,Topázio,Rede Decisão,7.5,9.333,-1,-1,False,True,False
RA-488,2022,1,A,Aluno-488,10,Feminino,2022,Pública,Ametista,7.413,8.5,8.8,7.5,,7.3,6.0,8.5,,Não,Não,7.722,5.0,Fase 2 (5º e 6º ano),-1,1,2,Ametista,Pública,8.5,7.722,-1,-1,False,False,False
RA-489,2022,1,A,Aluno-489,9,Feminino,2022,Pública,Quartzo,5.853,9.0,7.2,7.5,,0.0,0.0,0.0,,Não,Não,6.5,10.0,Fase 1 (4º ano),0,1,1,Quartzo,Pública,9.0,6.5,0,0,False,False,False
RA-490,2022,1,A,Aluno-490,10,Feminino,2022,Pública,Ametista,7.576,7.9,8.2,7.5,,7.7,6.0,9.3,,Não,Sim,8.722,5.0,Fase 2 (5º e 6º ano),-1,1,2,Ametista,Pública,7.9,8.722,-1,-1,False,False,False
RA-491,2022,1,A,Aluno-491,11,Masculino,2022,Pública,Ametista,7.461,7.5,9.7,7.5,,7.0,6.0,8.0,,Não,Não,7.722,5.0,Fase 2 (5º e 6º ano),-1,1,2,Ametista,Pública,7.5,7.722,-1,-1,False,False,False
RA-492,2022,1,A,Aluno-492,11,Feminino,2022,Pública,Ametista,7.678,10.0,8.8,7.5,,7.1,8.2,6.0,,Não,Não,8.278,5.0,Fase 2 (5º e 6º ano),-1,1,2,Ametista,Pública,10.0,8.278,-1,-1,False,False,False
RA-493,2022,1,B,Aluno-493,9,Feminino,2020,Pública,Topázio,8.306,10.0,9.4,7.5,,7.2,7.3,7.0,,Não,Não,8.278,10.0,Fase 1 (4º ano),0,1,1,Topázio,Pública,10.0,8.278,0,0,False,True,False
RA-494,2022,1,B,Aluno-494,11,Feminino,2022,Pública,Ágata,6.407,6.4,8.3,5.0,,5.8,6.3,5.2,,Não,Não,6.944,5.0,Fase 2 (5º e 6º ano),-1,1,2,Ágata,Pública,6.4,6.944,-1,-1,False,False,False
RA-495,2022,1,B,Aluno-495,11,Masculino,2022,Pública,Ametista,7.857,9.0,8.9,7.5,,8.4,8.0,8.8,,Não,Não,8.056,5.0,Fase 2 (5º e 6º ano),-1,1,2,Ametista,Pública,9.0,8.056,-1,-1,False,False,False
RA-496,2022,1,B,Aluno-496,11,Masculino,2018,Pública,Ágata,6.683,8.5,6.8,7.5,,5.7,5.8,5.5,,Não,Não,7.556,5.0,Fase 2 (5º e 6º ano),-1,1,2,Ágata,Pública,8.5,7.556,-1,-1,False,True,False
RA-497,2022,1,B,Aluno-497,13,Feminino,2016,Rede Decisão,Ágata,6.323,6.9,9.2,5.0,,5.1,4.2,6.0,,Não,Não,5.833,5.0,Fase 3 (7º e 8º ano),-2,1,3,Ágata,Rede Decisão,6.9,5.833,-2,-2,False,True,False
RA-498,2022,1,B,Aluno-498,11,Feminino,2018,Pública,Ametista,7.7,8.5,8.8,7.5,,8.8,8.0,9.5,,Não,Não,7.556,5.0,Fase 2 (5º e 6º ano),-1,1,2,Ametista,Pública,8.5,7.556,-1,-1,False,False,False
RA-499,2022,1,B,Aluno-499,10,Masculino,2020,Pública,Ametista,7.826,8.5,10.0,7.5,,8.2,8.2,8.2,,Não,Não,7.444,5.0,Fase 2 (5º e 6º ano),-1,1,2,Ametista,Pública,8.5,7.444,-1,-1,False,True,False
RA-500,2022,1,B,Aluno-500,10,Feminino,2020,Pública,Topázio,8.232,9.0,10.0,7.5,,9.5,9.5,9.5,,Sim,Não,7.889,5.0,Fase 2 (5º e 6º ano),-1,1,2,Topázio,Pública,9.0,7.889,-1,-1,False,True,False
RA-501,2022,1,B,Aluno-501,9,Masculino,2021,Pública,Ametista,7.794,8.5,8.8,7.5,,6.8,8.0,5.7,,Não,Não,7.333,10.0,Fase 1 (4º ano),0,1,1,Ametista,Pública,8.5,7.333,0,0,False,False,False
RA-502,2022,1,B,Aluno-502,8,Feminino,2021,Rede Decisão,Topázio,8.287,9.5,9.7,7.5,,7.4,6.7,8.2,,Não,Não,7.778,10.0,ALFA  (2º e 3º ano),1,1,0,Topázio,Rede Decisão,9.5,7.778,1,1,False,False,False
RA-503,2022,1,B,Aluno-503,10,Masculino,2020,Pública,Ametista,7.95,8.5,10.0,7.5,,8.8,8.7,9.0,,Não,Não,7.5,5.0,Fase 2 (5º e 6º ano),-1,1,2,Ametista,Pública,8.5,7.5,-1,-1,False,True,False
RA-504,2022,1,B,Aluno-504,9,Feminino,2021,Pública,Topázio,8.072,8.5,8.9,7.5,,8.0,7.8,8.2,,Não,Não,7.556,10.0,Fase 1 (4º ano),0,1,1,Topázio,Pública,8.5,7.556,0,0,False,False,False
RA-505,2022,1,B,Aluno-505,11,Feminino,2019,Pública,Ametista,7.591,9.5,8.0,7.5,,8.4,8.2,8.7,,Não,Não,7.556,5.0,Fase 2 (5º e 6º ano),-1,1,2,Ametista,Pública,9.5,7.556,-1,-1,False,False,False
RA-506,2022,1,B,Aluno-506,12,Masculino,2020,Pública,Ametista,7.132,9.5,7.3,7.5,,7.2,8.3,6.0,,Não,Não,7.278,5.0,Fase 3 (7º e 8º ano),-2,1,3,Ametista,Pública,9.5,7.278,-2,-2,False,False,False
RA-507,2022,1,C,Aluno-507,11,Feminino,2021,Pública,Ametista,7.653,8.5,10.0,7.5,,7.4,7.3,7.5,,Não,Não,7.222,5.0,Fase 2 (5º e 6º ano),-1,1,2,Ametista,Pública,8.5,7.222,-1,-1,False,False,False
RA-508,2022,1,C,Aluno-508,10,Masculino,2022,Pública,Ágata,6.575,8.0,7.4,7.5,,4.5,0.0,9.0,,Não,Não,7.556,5.0,Fase 2 (5º e 6º ano),-1,1,2,Ágata,Pública,8.0,7.556,-1,-1,False,False,False
RA-509,2022,1,C,Aluno-509,12,Feminino,2018,Pública,Ametista,7.808,9.0,8.2,7.5,,9.2,9.3,9.0,,Sim,Não,7.833,5.0,Fase 3 (7º e 8º ano),-2,1,3,Ametista,Pública,9.0,7.833,-2,-2,False,True,False
RA-510,2022,1,C,Aluno-510,12,Masculino,2022,Pública,Ametista,7.336,8.0,9.3,7.5,,7.1,5.8,8.3,,Não,Não,7.056,5.0,Fase 3 (7º e 8º ano),-2,1,3,Ametista,Pública,8.0,7.056,-2,-2,False,False,False
RA-511,2022,1,C,Aluno-511,10,Feminino,2022,Pública,Ametista,7.094,8.0,10.0,7.5,,5.3,2.0,8.5,,Não,Não,7.056,5.0,Fase 2 (5º e 6º ano),-1,1,2,Ametista,Pública,8.0,7.056,-1,-1,False,False,False
RA-512,2022,1,C,Aluno-512,10,Feminino,2022,Pública,Ametista,7.365,9.0,9.3,7.5,,6.2,5.3,7.0,,Não,Não,7.722,5.0,Fase 2 (5º e 6º ano),-1,1,2,Ametista,Pública,9.0,7.722,-1,-1,False,False,False
RA-513,2022,1,C,Aluno-513,9,Masculino,2021,Pública,Topázio,8.229,9.0,9.6,5.6,,8.3,8.2,8.5,,Não,Não,7.778,10.0,Fase 1 (4º ano),0,1,1,Topázio,Pública,9.0,7.778,0,0,False,False,False
RA-514,2022,1,C,Aluno-514,9,Feminino,2022,Pública,Ametista,7.039,8.0,9.7,7.5,,4.8,2.0,7.5,,Não,Não,5.889,10.0,Fase 1 (4º ano),0,1,1,Ametista,Pública,8.0,5.889,0,0,False,False,False
RA-515,2022,1,C,Aluno-515,12,Masculino,2022,Pública,Ágata,6.582,8.0,6.3,7.5,,5.8,8.5,3.2,,Não,Não,7.556,5.0,Fase 3 (7º e 8º ano),-2,1,3,Ágata,Pública,8.0,7.556,-2,-2,False,False,False
RA-516,2022,1,C,Aluno-516,9,Masculino,2019,Rede Decisão,Topázio,8.903,10.0,9.7,7.5,,9.9,10.0,9.8,,Não,Não,8.056,10.0,Fase 1 (4º ano),0,1,1,Topázio,Rede Decisão,10.0,8.056,0,0,False,True,False
RA-517,2022,1,D,Aluno-517,12,Feminino,2017,Pública,Ametista,7.604,6.9,9.5,7.5,,7.7,7.8,7.5,,Não,Não,7.833,5.0,Fase 3 (7º e 8º ano),-2,1,3,Ametista,Pública,6.9,7.833,-2,-2,False,True,False
RA-518,2022,1,D,Aluno-518,10,Masculino,2022,Pública,Ametista,7.661,9.0,9.4,7.5,,7.5,6.0,9.0,,Não,Não,7.5,5.0,Fase 2 (5º e 6º ano),-1,1,2,Ametista,Pública,9.0,7.5,-1,-1,False,False,False
RA-519,2022,1,D,Aluno-519,9,Masculino,2022,Pública,Ametista,8.0,7.4,9.6,7.5,,7.5,7.0,8.0,,Não,Não,7.333,10.0,Fase 1 (4º ano),0,1,1,Ametista,Pública,7.4,7.333,0,0,False,False,False
RA-520,2022,1,D,Aluno-520,11,Feminino,2022,Pública,Ametista,7.035,10.0,6.8,7.5,,6.8,5.0,8.5,,Não,Não,7.278,5.0,Fase 2 (5º e 6º ano),-1,1,2,Ametista,Pública,10.0,7.278,-1,-1,False,False,False
RA-521,2022,1,D,Aluno-521,9,Masculino,2022,Pública,Ametista,7.725,9.0,10.0,5.0,,6.0,5.0,7.0,,Não,Não,7.5,10.0,Fase 1 (4º ano),0,1,1,Ametista,Pública,9.0,7.5,0,0,False,False,False
RA-522,2022,1,D,Aluno-522,9,Masculino,2021,Pública,Topázio,8.306,9.5,9.1,7.5,,7.5,7.0,8.0,,Não,Não,8.167,10.0,Fase 1 (4º ano),0,1,1,Topázio,Pública,9.5,8.167,0,0,False,False,False
RA-523,2022,1,D,Aluno-523,11,Feminino,2022,Pública,Ametista,7.591,10.0,9.5,7.5,,6.5,5.0,8.0,,Não,Não,7.556,5.0,Fase 2 (5º e 6º ano),-1,1,2,Ametista,Pública,10.0,7.556,-1,-1,False,False,False
RA-524,2022,1,D,Aluno-524,11,Masculino,2019,Pública,Ágata,6.947,0.0,9.4,5.0,,9.1,9.0,9.2,,Sim,Não,8.056,5.0,Fase 2 (5º e 6º ano),-1,1,2,Ágata,Pública,0.0,8.056,-1,-1,False,True,False
RA-525,2022,1,D,Aluno-525,11,Feminino,2021,Pública,Ametista,8.013,9.0,9.3,7.5,,8.6,8.3,8.8,,Não,Não,8.167,5.0,Fase 2 (5º e 6º ano),-1,1,2,Ametista,Pública,9.0,8.167,-1,-1,False,False,False
RA-526,2022,1,D,Aluno-526,12,Masculino,2022,Pública,Topázio,8.079,10.0,9.9,7.5,,8.0,7.7,8.3,,Não,Não,8.167,5.0,Fase 3 (7º e 8º ano),-2,1,3,Topázio,Pública,10.0,8.167,-2,-2,False,False,False
RA-527,2022,1,D,Aluno-527,9,Feminino,2022,Pública,Ametista,8.025,8.5,10.0,7.5,,6.5,5.0,8.0,,Não,Não,7.5,10.0,Fase 1 (4º ano),0,1,1,Ametista,Pública,8.5,7.5,0,0,False,False,False
RA-528,2022,1,D,Aluno-528,11,Masculino,2021,Pública,Quartzo,5.335,0.0,6.2,7.5,,4.0,5.3,2.7,,Não,Não,6.944,5.0,Fase 2 (5º e 6º ano),-1,1,2,Quartzo,Pública,0.0,6.944,-1,-1,False,False,False
RA-529,2022,1,D,Aluno-529,12,Masculino,2020,Pública,Ágata,6.51,8.5,8.9,5.0,,5.2,3.3,7.0,,Não,Não,6.556,5.0,Fase 3 (7º e 8º ano),-2,1,3,Ágata,Pública,8.5,6.556,-2,-2,False,True,False
RA-530,2022,1,E,Aluno-530,10,Masculino,2019,Pública,Topázio,8.338,10.0,9.0,7.5,,8.9,9.0,8.8,,Sim,Sim,9.056,5.0,Fase 2 (5º e 6º ano),-1,1,2,Topázio,Pública,10.0,9.056,-1,-1,False,True,False
RA-531,2022,1,E,Aluno-531,10,Masculino,2022,Pública,Ametista,8.057,9.5,9.8,7.5,,7.8,8.7,7.0,,Sim,Não,8.167,5.0,Fase 2 (5º e 6º ano),-1,1,2,Ametista,Pública,9.5,8.167,-1,-1,False,False,False
RA-532,2022,1,E,Aluno-532,9,Feminino,2022,Pública,Ametista,7.792,9.5,9.7,7.5,,5.5,4.0,7.0,,Não,Não,7.167,10.0,Fase 1 (4º ano),0,1,1,Ametista,Pública,9.5,7.167,0,0,False,False,False
RA-533,2022,1,E,Aluno-533,10,Masculino,2022,Pública,Ágata,6.962,8.5,8.8,5.6,,6.0,5.0,7.0,,Não,Não,7.333,5.0,Fase 2 (5º e 6º ano),-1,1,2,Ágata,Pública,8.5,7.333,-1,-1,False,False,False
RA-534,2022,1,E,Aluno-534,12,Feminino,2021,Pública,Ametista,7.131,9.0,7.4,7.5,,7.1,6.5,7.7,,Não,Não,7.333,5.0,Fase 3 (7º e 8º ano),-2,1,3,Ametista,Pública,9.0,7.333,-2,-2,True,False,False
RA-535,2022,1,F,Aluno-535,10,Feminino,2019,Pública,Ágata,6.953,9.0,9.2,7.5,,5.1,4.7,5.5,,Não,Não,6.917,5.0,Fase 2 (5º e 6º ano),-1,1,2,Ágata,Pública,9.0,6.917,-1,-1,False,True,False
RA-536,2022,1,F,Aluno-536,10,Feminino,2020,Pública,Ametista,7.106,9.5,8.9,5.6,,6.0,6.3,5.7,,Não,Não,7.75,5.0,Fase 2 (5º e 6º ano),-1,1,2,Ametista,Pública,9.5,7.75,-1,-1,False,True,False
RA-537,2022,1,F,Aluno-537,10,Masculino,2022,Pública,Ágata,6.641,9.5,9.0,4.4,,4.8,2.5,7.0,,Não,Não,7.167,5.0,Fase 2 (5º e 6º ano),-1,1,2,Ágata,Pública,9.5,7.167,-1,-1,False,False,False
RA-538,2022,1,F,Aluno-538,13,Masculino,2022,Pública,Ágata,6.309,8.5,7.5,5.6,,6.8,4.5,9.0,,Não,Não,5.583,5.0,Fase 3 (7º e 8º ano),-2,1,3,Ágata,Pública,8.5,5.583,-2,-2,False,False,False
RA-539,2022,1,F,Aluno-539,11,Feminino,2022,Pública,Ametista,7.665,8.5,9.3,6.9,,7.5,6.8,8.2,,Não,Sim,8.417,5.0,Fase 2 (5º e 6º ano),-1,1,2,Ametista,Pública,8.5,8.417,-1,-1,False,False,False
RA-540,2022,1,F,Aluno-540,10,Feminino,2019,Pública,Ametista,7.303,8.5,9.5,5.6,,7.0,6.8,7.2,,Não,Não,7.5,5.0,Fase 2 (5º e 6º ano),-1,1,2,Ametista,Pública,8.5,7.5,-1,-1,False,False,False
RA-541,2022,1,F,Aluno-541,14,Masculino,2022,Pública,Quartzo,5.427,10.0,7.8,6.9,,2.5,0.0,5.0,,Não,Não,5.0,2.5,Fase 4 (9º ano),-3,1,4,Quartzo,Pública,10.0,5.0,-3,-3,False,False,False
RA-542,2022,1,F,Aluno-542,11,Feminino,2019,Pública,Ametista,7.221,8.0,9.8,6.3,,6.5,5.3,7.7,,Não,Não,7.417,5.0,Fase 2 (5º e 6º ano),-1,1,2,Ametista,Pública,8.0,7.417,-1,-1,False,True,False
RA-543,2022,1,F,Aluno-543,10,Feminino,2022,Pública,Ametista,7.05,8.5,9.8,4.4,,6.5,5.0,8.0,,Não,Não,7.167,5.0,Fase 2 (5º e 6º ano),-1,1,2,Ametista,Pública,8.5,7.167,-1,-1,False,False,False
RA-544,2022,1,F,Aluno-544,10,Masculino,2022,Pública,Ágata,6.307,9.5,9.7,5.6,,3.3,1.0,5.5,,Não,Não,6.0,5.0,Fase 2 (5º e 6º ano),-1,1,2,Ágata,Pública,9.5,6.0,-1,-1,False,False,False
RA-545,2022,1,G,Aluno-545,13,Masculino,2018,Pública,Ágata,6.723,9.5,6.6,7.5,,5.5,4.3,6.7,,Não,Não,7.5,5.0,Fase 3 (7º e 8º ano),-2,1,3,Ágata,Pública,9.5,7.5,-2,-2,False,False,False
RA-546,2022,1,G,Aluno-546,11,Feminino,2021,Pública,Ágata,6.77,9.0,7.9,5.0,,5.6,3.3,7.8,,Não,Não,7.917,5.0,Fase 2 (5º e 6º ano),-1,1,2,Ágata,Pública,9.0,7.917,-1,-1,False,False,False
RA-547,2022,1,G,Aluno-547,11,Feminino,2019,Pública,Ametista,7.745,9.5,9.7,5.0,,7.6,7.3,7.8,,Não,Sim,8.833,5.0,Fase 2 (5º e 6º ano),-1,1,2,Ametista,Pública,9.5,8.833,-1,-1,False,True,False
RA-548,2022,1,G,Aluno-548,12,Masculino,2019,Pública,Ametista,7.292,8.0,9.1,6.9,,7.2,5.7,8.7,,Não,Não,7.583,5.0,Fase 3 (7º e 8º ano),-2,1,3,Ametista,Pública,8.0,7.583,-2,-2,False,True,False
RA-549,2022,1,G,Aluno-549,10,Masculino,2021,Pública,Ágata,6.301,10.0,7.9,6.9,,4.2,2.2,6.2,,Não,Não,6.167,5.0,Fase 2 (5º e 6º ano),-1,1,2,Ágata,Pública,10.0,6.167,-1,-1,False,False,False
RA-550,2022,1,G,Aluno-550,12,Feminino,2022,Pública,Ágata,6.026,9.0,9.0,6.9,,1.9,2.0,1.8,,Não,Não,6.25,5.0,Fase 3 (7º e 8º ano),-2,1,3,Ágata,Pública,9.0,6.25,-2,-2,False,False,False
RA-551,2022,1,G,Aluno-551,12,Feminino,2018,Pública,Ágata,6.853,8.5,7.3,6.9,,6.6,5.0,8.2,,Não,Não,7.333,5.0,Fase 3 (7º e 8º ano),-2,1,3,Ágata,Pública,8.5,7.333,-2,-2,False,False,False
RA-552,2022,1,G,Aluno-552,11,Masculino,2022,Pública,Ágata,6.625,9.5,8.8,5.0,,5.5,6.0,5.0,,Não,Não,7.167,5.0,Fase 2 (5º e 6º ano),-1,1,2,Ágata,Pública,9.5,7.167,-1,-1,False,False,False
RA-553,2022,1,G,Aluno-553,11,Feminino,2019,Pública,Ágata,6.39,9.5,6.9,6.9,,3.3,1.0,5.7,,Não,Não,8.167,5.0,Fase 2 (5º e 6º ano),-1,1,2,Ágata,Pública,9.5,8.167,-1,-1,False,False,False
RA-554,2022,1,G,Aluno-554,12,Masculino,2017,Pública,Quartzo,5.588,7.9,6.0,6.9,,4.0,1.7,6.3,,Não,Não,5.75,5.0,Fase 3 (7º e 8º ano),-2,1,3,Quartzo,Pública,7.9,5.75,-2,-2,False,False,False
RA-555,2022,1,G,Aluno-555,12,Masculino,2019,Pública,Quartzo,5.949,9.5,8.1,5.0,,4.4,1.8,7.0,,Não,Não,5.167,5.0,Fase 3 (7º e 8º ano),-2,1,3,Quartzo,Pública,9.5,5.167,-2,-2,False,True,False
RA-556,2022,1,G,Aluno-556,11,Feminino,2018,Pública,Ametista,7.181,9.0,8.8,5.0,,6.4,4.8,8.0,,Não,Não,8.25,5.0,Fase 2 (5º e 6º ano),-1,1,2,Ametista,Pública,9.0,8.25,-1,-1,False,True,False
RA-557,2022,1,H,Aluno-557,10,Masculino,2019,Pública,Topázio,8.334,10.0,8.4,7.5,,9.4,10.0,8.8,,Sim,Sim,9.333,5.0,Fase 2 (5º e 6º ano),-1,1,2,Topázio,Pública,10.0,9.333,-1,-1,False,True,False
RA-558,2022,1,H,Aluno-558,14,Masculino,2022,Pública,Quartzo,5.539,9.0,8.5,5.0,,4.3,0.5,8.0,,Não,Não,4.5,2.5,Fase 4 (9º ano),-3,1,4,Quartzo,Pública,9.0,4.5,-3,-3,False,False,False
RA-559,2022,1,H,Aluno-559,11,Masculino,2021,Pública,Ametista,7.634,9.5,9.2,7.5,,7.1,7.2,7.0,,Não,Não,8.083,5.0,Fase 2 (5º e 6º ano),-1,1,2,Ametista,Pública,9.5,8.083,-1,-1,False,False,False
RA-560,2022,1,H,Aluno-560,11,Masculino,2020,Pública,Quartzo,4.949,6.9,7.2,5.0,,3.8,3.2,4.3,,Não,Não,3.75,5.0,Fase 2 (5º e 6º ano),-1,1,2,Quartzo,Pública,6.9,3.75,-1,-1,False,False,False
RA-561,2022,1,H,Aluno-561,11,Masculino,2022,Pública,Ametista,7.856,9.0,9.0,7.5,,7.4,9.5,5.3,,Sim,Sim,8.833,5.0,Fase 2 (5º e 6º ano),-1,1,2,Ametista,Pública,9.0,8.833,-1,-1,False,False,False
RA-562,2022,1,H,Aluno-562,11,Feminino,2021,Pública,Ametista,7.855,8.0,9.0,7.5,,8.0,8.3,7.7,,Não,Sim,8.75,5.0,Fase 2 (5º e 6º ano),-1,1,2,Ametista,Pública,8.0,8.75,-1,-1,False,False,False
RA-563,2022,1,H,Aluno-563,11,Feminino,2020,Pública,Topázio,8.22,10.0,9.2,7.5,,8.5,9.0,8.0,,Sim,Sim,8.833,5.0,Fase 2 (5º e 6º ano),-1,1,2,Topázio,Pública,10.0,8.833,-1,-1,False,True,False
RA-564,2022,1,H,Aluno-564,13,Masculino,2019,Pública,Quartzo,4.972,9.5,3.8,5.0,,2.3,2.5,2.0,,Não,Não,6.833,5.0,Fase 3 (7º e 8º ano),-2,1,3,Quartzo,Pública,9.5,6.833,-2,-2,False,False,False
RA-565,2022,1,H,Aluno-565,13,Masculino,2022,Pública,Quartzo,5.233,9.0,4.1,7.5,,2.9,4.0,1.8,,Não,Não,5.917,5.0,Fase 3 (7º e 8º ano),-2,1,3,Quartzo,Pública,9.0,5.917,-2,-2,False,False,False
RA-566,2022,1,H,Aluno-566,12,Feminino,2022,Pública,Ametista,7.729,9.5,8.4,7.5,,8.5,9.5,7.5,,Não,Não,7.917,5.0,Fase 3 (7º e 8º ano),-2,1,3,Ametista,Pública,9.5,7.917,-2,-2,False,False,False
RA-567,2022,1,H,Aluno-567,11,Masculino,2019,Pública,Ágata,6.281,9.5,6.0,7.5,,4.8,4.3,5.2,,Não,Não,6.833,5.0,Fase 2 (5º e 6º ano),-1,1,2,Ágata,Pública,9.5,6.833,-1,-1,False,False,False
RA-568,2022,1,J,Aluno-568,14,Masculino,2018,Pública,Ametista,7.306,8.0,8.6,6.9,,8.3,8.0,8.5,,Não,Não,7.944,2.5,Fase 4 (9º ano),-3,1,4,Ametista,Pública,8.0,7.944,-3,-3,False,True,False
RA-569,2022,1,J,Aluno-569,12,Feminino,2020,Pública,Ametista,7.074,9.5,8.7,5.0,,6.8,6.3,7.3,,Não,Não,7.333,5.0,Fase 3 (7º e 8º ano),-2,1,3,Ametista,Pública,9.5,7.333,-2,-2,False,False,False
RA-570,2022,1,J,Aluno-570,10,Feminino,2019,Pública,Quartzo,5.722,9.0,7.0,7.5,,1.3,0.7,2.0,,Não,Não,6.778,5.0,Fase 2 (5º e 6º ano),-1,1,2,Quartzo,Pública,9.0,6.778,-1,-1,False,True,False
RA-571,2022,1,J,Aluno-571,11,Feminino,2019,Pública,Ágata,6.589,8.5,8.8,7.5,,3.7,3.3,4.0,,Não,Não,6.944,5.0,Fase 2 (5º e 6º ano),-1,1,2,Ágata,Pública,8.5,6.944,-1,-1,False,True,False
RA-572,2022,1,J,Aluno-572,9,Masculino,2022,Pública,Ametista,7.48,8.5,8.0,7.5,,6.8,4.5,9.0,,Não,Não,6.833,10.0,Fase 1 (4º ano),0,1,1,Ametista,Pública,8.5,6.833,0,0,False,False,False
RA-573,2022,1,J,Aluno-573,11,Masculino,2020,Pública,Topázio,8.261,9.5,9.9,7.5,,8.2,8.3,8.0,,Sim,Sim,8.944,5.0,Fase 2 (5º e 6º ano),-1,1,2,Topázio,Pública,9.5,8.944,-1,-1,False,True,False
RA-574,2022,1,J,Aluno-574,10,Masculino,2022,Pública,Ágata,6.86,9.5,7.2,5.0,,7.5,5.5,9.5,,Não,Não,6.944,5.0,Fase 2 (5º e 6º ano),-1,1,2,Ágata,Pública,9.5,6.944,-1,-1,False,False,False
RA-575,2022,1,J,Aluno-575,12,Masculino,2019,Pública,Quartzo,5.889,8.0,6.1,7.5,,2.8,2.7,3.0,,Não,Não,7.0,5.0,Fase 3 (7º e 8º ano),-2,1,3,Quartzo,Pública,8.0,7.0,-2,-2,False,False,False
RA-576,2022,1,J,Aluno-576,10,Feminino,2022,Pública,Ametista,7.59,9.5,9.1,7.5,,7.8,7.5,8.0,,Não,Não,7.111,5.0,Fase 2 (5º e 6º ano),-1,1,2,Ametista,Pública,9.5,7.111,-1,-1,False,False,False
RA-577,2022,1,J,Aluno-577,10,Feminino,2022,Pública,Ametista,7.862,9.5,9.3,7.5,,9.0,8.3,9.7,,Não,Não,7.111,5.0,Fase 2 (5º e 6º ano),-1,1,2,Ametista,Pública,9.5,7.111,-1,-1,False,False,False
RA-578,2022,1,J,Aluno-578,10,Masculino,2019,Pública,Topázio,8.814,9.5,10.0,8.8,,9.5,9.3,9.7,,Sim,Sim,9.611,5.0,Fase 2 (5º e 6º ano),-1,1,2,Topázio,Pública,9.5,9.611,-1,-1,False,True,False
RA-579,2022,1,J,Aluno-579,10,Feminino,2022,Pública,Ágata,6.067,8.5,5.8,7.5,,3.8,0.0,7.5,,Não,Não,7.222,5.0,Fase 2 (5º e 6º ano),-1,1,2,Ágata,Pública,8.5,7.222,-1,-1,False,False,False
RA-580,2022,1,J,Aluno-580,10,Feminino,2020,Pública,Ametista,7.525,8.0,9.6,7.5,,7.6,6.3,8.8,,Não,Não,7.167,5.0,Fase 2 (5º e 6º ano),-1,1,2,Ametista,Pública,8.0,7.167,-1,-1,False,True,False
RA-581,2022,1,J,Aluno-581,10,Masculino,2019,Pública,Ágata,6.464,7.5,8.9,7.5,,5.0,5.3,4.7,,Não,Não,5.889,5.0,Fase 2 (5º e 6º ano),-1,1,2,Ágata,Pública,7.5,5.889,-1,-1,False,True,False
RA-582,2022,1,J,Aluno-582,10,Feminino,2022,Pública,Ametista,7.064,10.0,9.0,7.5,,4.9,4.3,5.5,,Não,Não,7.222,5.0,Fase 2 (5º e 6º ano),-1,1,2,Ametista,Pública,10.0,7.222,-1,-1,False,False,False
RA-583,2022,1,J,Aluno-583,12,Feminino,2019,Pública,Ametista,7.456,8.5,9.4,7.5,,7.1,6.2,8.0,,Não,Não,7.333,5.0,Fase 3 (7º e 8º ano),-2,1,3,Ametista,Pública,8.5,7.333,-2,-2,False,True,False
RA-584,2022,1,J,Aluno-584,10,Feminino,2019,Pública,Ágata,6.714,8.0,8.5,7.5,,4.6,4.5,4.7,,Não,Não,7.333,5.0,Fase 2 (5º e 6º ano),-1,1,2,Ágata,Pública,8.0,7.333,-1,-1,False,True,False
RA-585,2022,1,K,Aluno-585,9,Feminino,2020,Pública,Ametista,7.398,8.5,9.1,7.5,,5.0,3.7,6.3,,Não,Não,6.889,10.0,Fase 1 (4º ano),0,1,1,Ametista,Pública,8.5,6.889,0,0,False,False,False
RA-586,2022,1,K,Aluno-586,10,Feminino,2021,Rede Decisão,Ametista,7.988,10.0,9.6,5.6,,8.2,8.2,8.2,,Não,Sim,8.778,5.0,Fase 2 (5º e 6º ano),-1,1,2,Ametista,Rede Decisão,10.0,8.778,-1,-1,False,False,False
RA-587,2022,1,K,Aluno-587,10,Masculino,2022,Pública,Ágata,6.632,9.5,9.3,7.5,,3.8,1.0,6.5,,Não,Não,6.167,5.0,Fase 2 (5º e 6º ano),-1,1,2,Ágata,Pública,9.5,6.167,-1,-1,False,False,False
RA-588,2022,1,K,Aluno-588,9,Feminino,2021,Rede Decisão,Topázio,8.622,9.5,10.0,5.6,,9.3,9.3,9.2,,Não,Não,8.278,10.0,Fase 1 (4º ano),0,1,1,Topázio,Rede Decisão,9.5,8.278,0,0,False,False,False
RA-589,2022,1,K,Aluno-589,9,Feminino,2022,Pública,Ametista,7.744,9.5,9.4,7.5,,5.8,3.0,8.5,,Não,Não,7.056,10.0,Fase 1 (4º ano),0,1,1,Ametista,Pública,9.5,7.056,0,0,False,False,False
RA-590,2022,1,K,Aluno-590,10,Feminino,2020,Pública,Ametista,7.435,8.5,8.6,7.5,,7.4,5.7,9.2,,Não,Não,7.611,5.0,Fase 2 (5º e 6º ano),-1,1,2,Ametista,Pública,8.5,7.611,-1,-1,False,True,False
RA-591,2022,1,K,Aluno-591,11,Masculino,2021,Pública,Ametista,7.507,9.5,9.3,7.5,,7.1,7.8,6.3,,Não,Não,7.389,5.0,Fase 2 (5º e 6º ano),-1,1,2,Ametista,Pública,9.5,7.389,-1,-1,False,False,False
RA-592,2022,1,K,Aluno-592,10,Feminino,2020,Pública,Ametista,7.381,8.0,8.5,5.6,,8.4,7.2,9.7,,Não,Não,7.778,5.0,Fase 2 (5º e 6º ano),-1,1,2,Ametista,Pública,8.0,7.778,-1,-1,False,True,False
RA-593,2022,1,K,Aluno-593,10,Feminino,2021,Pública,Ágata,6.254,7.5,7.4,7.5,,4.6,3.0,6.2,,Não,Não,6.278,5.0,Fase 2 (5º e 6º ano),-1,1,2,Ágata,Pública,7.5,6.278,-1,-1,False,False,False
RA-594,2022,1,K,Aluno-594,10,Masculino,2022,Pública,Ametista,7.392,8.0,9.4,7.5,,7.8,6.0,9.5,,Não,Não,6.889,5.0,Fase 2 (5º e 6º ano),-1,1,2,Ametista,Pública,8.0,6.889,-1,-1,False,False,False
RA-595,2022,1,K,Aluno-595,12,Masculino,2018,Pública,Quartzo,5.18,8.5,5.5,7.5,,1.0,2.0,0.0,,Não,Não,6.0,5.0,Fase 3 (7º e 8º ano),-2,1,3,Quartzo,Pública,8.5,6.0,-2,-2,False,False,False
RA-596,2022,1,K,Aluno-596,9,Feminino,2021,Pública,Topázio,8.971,9.5,10.0,7.5,,9.3,8.8,9.8,,Sim,Sim,9.0,10.0,Fase 1 (4º ano),0,1,1,Topázio,Pública,9.5,9.0,0,0,False,False,False
RA-597,2022,1,L,Aluno-597,9,Masculino,2022,Pública,Topázio,8.265,9.0,10.0,7.5,,8.0,6.5,9.5,,Não,Não,7.056,10.0,Fase 1 (4º ano),0,1,1,Topázio,Pública,9.0,7.056,0,0,False,False,False
RA-598,2022,1,L,Aluno-598,11,Feminino,2022,Pública,Ágata,6.35,9.5,7.2,7.5,,3.7,4.7,2.7,,Não,Não,6.944,5.0,Fase 2 (5º e 6º ano),-1,1,2,Ágata,Pública,9.5,6.944,-1,-1,False,False,False
RA-599,2022,1,L,Aluno-599,10,Masculino,2022,Pública,Topázio,8.2,9.5,9.2,7.5,,9.1,8.3,9.8,,Sim,Sim,8.556,5.0,Fase 2 (5º e 6º ano),-1,1,2,Topázio,Pública,9.5,8.556,-1,-1,False,False,False
RA-600,2022,1,L,Aluno-600,9,Feminino,2021,Pública,Ágata,7.011,8.5,8.4,7.5,,3.9,2.8,5.0,,Não,Não,6.833,10.0,Fase 1 (4º ano),0,1,1,Ágata,Pública,8.5,6.833,0,0,False,False,False
RA-601,2022,1,L,Aluno-601,8,Masculino,2021,Pública,Ametista,7.713,9.0,9.7,7.5,,5.7,5.3,6.0,,Não,Não,7.167,10.0,ALFA  (2º e 3º ano),1,1,0,Ametista,Pública,9.0,7.167,1,1,False,False,False
RA-602,2022,1,L,Aluno-602,11,Masculino,2019,Pública,Ametista,8.041,10.0,9.7,7.5,,8.6,8.3,8.8,,Sim,Não,7.667,5.0,Fase 2 (5º e 6º ano),-1,1,2,Ametista,Pública,10.0,7.667,-1,-1,False,True,False
RA-603,2022,1,L,Aluno-603,11,Feminino,2022,Pública,Ametista,7.78,9.0,9.5,7.5,,7.5,6.7,8.3,,Não,Não,8.0,5.0,Fase 2 (5º e 6º ano),-1,1,2,Ametista,Pública,9.0,8.0,-1,-1,True,False,False
RA-604,2022,1,L,Aluno-604,10,Feminino,2021,Pública,Ametista,8.018,9.0,9.0,7.5,,8.8,8.0,9.7,,Sim,Não,8.333,5.0,Fase 2 (5º e 6º ano),-1,1,2,Ametista,Pública,9.0,8.333,-1,-1,False,False,False
RA-605,2022,1,L,Aluno-605,12,Feminino,2021,Pública,Ametista,7.276,6.9,9.3,6.9,,7.1,6.2,8.0,,Não,Não,7.556,5.0,Fase 3 (7º e 8º ano),-2,1,3,Ametista,Pública,6.9,7.556,-2,-2,False,False,False
RA-606,2022,1,L,Aluno-606,10,Masculino,2022,Pública,Ágata,6.127,9.5,9.0,7.5,,1.8,2.0,1.5,,Não,Não,6.111,5.0,Fase 2 (5º e 6º ano),-1,1,2,Ágata,Pública,9.5,6.111,-1,-1,False,False,False
RA-607,2022,1,L,Aluno-607,10,Masculino,2022,Pública,Ágata,6.44,6.8,8.1,7.5,,4.0,3.0,5.0,,Não,Não,7.444,5.0,Fase 2 (5º e 6º ano),-1,1,2,Ágata,Pública,6.8,7.444,-1,-1,False,False,False
RA-608,2022,1,L,Aluno-608,10,Masculino,2022,Pública,Ametista,7.216,7.8,9.6,7.5,,6.3,3.0,9.5,,Não,Não,7.222,5.0,Fase 2 (5º e 6º ano),-1,1,2,Ametista,Pública,7.8,7.222,-1,-1,False,False,False
RA-609,2022,1,L,Aluno-609,11,Masculino,2019,Pública,Ágata,6.794,8.5,7.6,7.5,,6.0,6.5,5.5,,Não,Não,7.056,5.0,Fase 2 (5º e 6º ano),-1,1,2,Ágata,Pública,8.5,7.056,-1,-1,False,False,False
RA-610,2022,1,L,Aluno-610,9,Feminino,2022,Pública,Topázio,8.18,9.0,9.6,7.5,,6.5,6.0,7.0,,Não,Sim,8.5,10.0,Fase 1 (4º ano),0,1,1,Topázio,Pública,9.0,8.5,0,0,False,False,False
RA-611,2022,1,M,Aluno-611,12,Masculino,2021,Pública,Ametista,7.756,9.5,7.6,7.5,,9.5,10.0,9.0,,Sim,Não,7.556,5.0,Fase 3 (7º e 8º ano),-2,1,3,Ametista,Pública,9.5,7.556,-2,-2,False,False,False
RA-612,2022,1,M,Aluno-612,10,Feminino,2021,Pública,Ametista,7.594,9.0,9.2,7.5,,7.9,9.7,6.2,,Não,Não,7.167,5.0,Fase 2 (5º e 6º ano),-1,1,2,Ametista,Pública,9.0,7.167,-1,-1,False,False,False
RA-613,2022,1,M,Aluno-613,13,Masculino,2020,Pública,Topázio,8.121,9.0,9.2,7.5,,9.2,9.2,9.2,,Sim,Sim,8.556,5.0,Fase 3 (7º e 8º ano),-2,1,3,Topázio,Pública,9.0,8.556,-2,-2,False,True,False
RA-614,2022,1,M,Aluno-614,12,Masculino,2021,Pública,Topázio,8.339,9.5,9.7,7.5,,9.6,9.8,9.3,,Sim,Não,8.278,5.0,Fase 3 (7º e 8º ano),-2,1,3,Topázio,Pública,9.5,8.278,-2,-2,False,False,False
RA-615,2022,1,M,Aluno-615,9,Feminino,2020,Pública,Topázio,8.086,9.5,9.7,7.5,,7.3,7.8,6.7,,Não,Não,6.889,10.0,Fase 1 (4º ano),0,1,1,Topázio,Pública,9.5,6.889,0,0,False,False,False
RA-616,2022,1,M,Aluno-616,12,Masculino,2019,Pública,Ametista,7.303,7.4,7.4,7.5,,8.8,9.2,8.5,,Não,Não,7.278,5.0,Fase 3 (7º e 8º ano),-2,1,3,Ametista,Pública,7.4,7.278,-2,-2,False,True,False
RA-617,2022,1,M,Aluno-617,11,Feminino,2021,Pública,Ametista,7.107,8.5,8.9,7.5,,6.3,4.5,8.0,,Não,Não,6.778,5.0,Fase 2 (5º e 6º ano),-1,1,2,Ametista,Pública,8.5,6.778,-1,-1,False,False,False
RA-618,2022,1,M,Aluno-618,13,Masculino,2020,Pública,Ametista,7.18,8.9,8.3,7.5,,6.7,6.8,6.5,,Não,Não,7.333,5.0,Fase 3 (7º e 8º ano),-2,1,3,Ametista,Pública,8.9,7.333,-2,-2,False,True,False
RA-619,2022,1,M,Aluno-619,11,Feminino,2021,Pública,Ametista,7.693,9.5,8.0,7.5,,9.0,9.2,8.8,,Não,Não,7.333,5.0,Fase 2 (5º e 6º ano),-1,1,2,Ametista,Pública,9.5,7.333,-1,-1,False,False,False
RA-620,2022,1,M,Aluno-620,12,Masculino,2021,Pública,Ágata,6.018,0.0,7.5,7.5,,6.8,8.5,5.0,,Não,Não,6.833,5.0,Fase 3 (7º e 8º ano),-2,1,3,Ágata,Pública,0.0,6.833,-2,-2,False,False,False
RA-621,2022,1,M,Aluno-621,10,Masculino,2020,Pública,Ametista,7.448,9.5,7.7,7.5,,7.5,6.8,8.2,,Não,Não,8.222,5.0,Fase 2 (5º e 6º ano),-1,1,2,Ametista,Pública,9.5,8.222,-1,-1,False,False,False
RA-622,2022,1,N,Aluno-622,12,Feminino,2019,Pública,Quartzo,4.934,3.5,3.8,7.5,,3.8,4.8,2.7,,Não,Não,6.0,5.0,Fase 3 (7º e 8º ano),-2,1,3,Quartzo,Pública,3.5,6.0,-2,-2,False,False,False
RA-623,2022,1,N,Aluno-623,13,Masculino,2022,Pública,Ametista,7.524,7.5,9.0,7.5,,8.3,9.3,7.2,,Não,Não,7.389,5.0,Fase 3 (7º e 8º ano),-2,1,3,Ametista,Pública,7.5,7.389,-2,-2,False,False,False
RA-624,2022,1,N,Aluno-624,10,Masculino,2022,Pública,Ametista,7.425,9.0,8.9,7.5,,6.8,8.0,5.5,,Não,Não,7.722,5.0,Fase 2 (5º e 6º ano),-1,1,2,Ametista,Pública,9.0,7.722,-1,-1,False,False,False
RA-625,2022,1,N,Aluno-625,11,Masculino,2022,Pública,Ametista,7.483,8.0,9.2,7.5,,7.8,8.5,7.0,,Não,Não,7.333,5.0,Fase 2 (5º e 6º ano),-1,1,2,Ametista,Pública,8.0,7.333,-1,-1,False,False,False
RA-626,2022,1,N,Aluno-626,11,Masculino,2021,Pública,Quartzo,5.818,7.4,7.6,7.5,,1.3,2.5,0.0,,Não,Não,7.278,5.0,Fase 2 (5º e 6º ano),-1,1,2,Quartzo,Pública,7.4,7.278,-1,-1,False,False,False
RA-627,2022,1,N,Aluno-627,10,Feminino,2022,Pública,Ágata,6.621,7.0,6.7,7.5,,6.5,6.2,6.8,,Não,Não,7.0,5.0,Fase 2 (5º e 6º ano),-1,1,2,Ágata,Pública,7.0,7.0,-1,-1,False,False,False
RA-628,2022,1,N,Aluno-628,11,Masculino,2022,Pública,Ametista,7.577,9.5,7.6,7.5,,9.2,9.3,9.0,,Não,Não,7.333,5.0,Fase 2 (5º e 6º ano),-1,1,2,Ametista,Pública,9.5,7.333,-1,-1,False,False,False
RA-629,2022,1,N,Aluno-629,9,Masculino,2022,Pública,Topázio,8.11,9.0,10.0,7.5,,7.0,5.0,9.0,,Não,Não,7.278,10.0,Fase 1 (4º ano),0,1,1,Topázio,Pública,9.0,7.278,0,0,True,False,False
RA-630,2022,1,N,Aluno-630,9,Masculino,2022,Pública,Topázio,8.064,9.5,9.2,7.5,,7.3,6.5,8.0,,Não,Não,7.278,10.0,Fase 1 (4º ano),0,1,1,Topázio,Pública,9.5,7.278,0,0,False,False,False
RA-631,2022,1,N,Aluno-631,12,Masculino,2022,Pública,Ágata,6.928,8.5,6.8,7.5,,7.0,7.3,6.7,,Não,Não,7.222,5.0,Fase 3 (7º e 8º ano),-2,1,3,Ágata,Pública,8.5,7.222,-2,-2,False,False,False
RA-632,2022,1,P,Aluno-632,10,Feminino,2022,Pública,Ágata,6.996,8.5,9.3,6.9,,6.3,5.5,7.2,,Não,Não,6.722,5.0,Fase 2 (5º e 6º ano),-1,1,2,Ágata,Pública,8.5,6.722,-1,-1,False,False,False
RA-633,2022,1,P,Aluno-633,11,Feminino,2020,Pública,Ametista,7.476,7.3,8.9,7.5,,7.7,6.8,8.5,,Não,Não,7.833,5.0,Fase 2 (5º e 6º ano),-1,1,2,Ametista,Pública,7.3,7.833,-1,-1,False,True,False
RA-634,2022,1,P,Aluno-634,11,Feminino,2022,Pública,Ametista,7.619,9.5,9.4,7.5,,6.5,8.0,5.0,,Não,Não,8.222,5.0,Fase 2 (5º e 6º ano),-1,1,2,Ametista,Pública,9.5,8.222,-1,-1,False,False,False
RA-635,2022,1,P,Aluno-635,10,Masculino,2022,Pública,Quartzo,5.313,10.0,4.9,6.9,,1.5,0.5,2.5,,Não,Não,6.444,5.0,Fase 2 (5º e 6º ano),-1,1,2,Quartzo,Pública,10.0,6.444,-1,-1,False,False,False
RA-636,2022,1,P,Aluno-636,10,Masculino,2022,Pública,Ametista,7.189,8.5,8.0,6.9,,7.3,7.3,7.3,,Sim,Não,7.389,5.0,Fase 2 (5º e 6º ano),-1,1,2,Ametista,Pública,8.5,7.389,-1,-1,False,False,False
RA-637,2022,1,P,Aluno-637,10,Feminino,2021,Pública,Ametista,7.039,8.5,9.0,7.5,,5.8,4.8,6.8,,Não,Não,7.0,5.0,Fase 2 (5º e 6º ano),-1,1,2,Ametista,Pública,8.5,7.0,-1,-1,False,False,False
RA-638,2022,1,P,Aluno-638,9,Feminino,2020,Pública,Ametista,7.059,8.5,9.3,7.5,,3.9,2.0,5.8,,Não,Não,6.278,10.0,Fase 1 (4º ano),0,1,1,Ametista,Pública,8.5,6.278,0,0,False,True,False
RA-639,2022,1,P,Aluno-639,10,Feminino,2021,Pública,Ágata,6.613,8.5,7.4,7.5,,5.5,3.2,7.8,,Não,Não,6.611,5.0,Fase 2 (5º e 6º ano),-1,1,2,Ágata,Pública,8.5,6.611,-1,-1,False,False,False
RA-640,2022,1,P,Aluno-640,11,Feminino,2022,Pública,Ágata,6.73,9.0,8.4,7.5,,4.8,2.5,7.0,,Não,Não,6.778,5.0,Fase 2 (5º e 6º ano),-1,1,2,Ágata,Pública,9.0,6.778,-1,-1,False,False,False
RA-641,2022,1,P,Aluno-641,9,Feminino,2022,Pública,Ametista,7.776,9.0,9.3,7.5,,6.5,4.5,8.5,,Não,Não,6.778,10.0,Fase 1 (4º ano),0,1,1,Ametista,Pública,9.0,6.778,0,0,False,False,False
RA-642,2022,1,P,Aluno-642,10,Feminino,2021,Pública,Ametista,7.75,10.0,9.7,6.9,,7.3,7.0,7.7,,Não,Não,7.778,5.0,Fase 2 (5º e 6º ano),-1,1,2,Ametista,Pública,10.0,7.778,-1,-1,False,False,False
RA-643,2022,1,P,Aluno-643,10,Masculino,2022,Pública,Ágata,6.763,9.0,8.0,7.5,,6.2,6.3,6.0,,Não,Não,6.722,5.0,Fase 2 (5º e 6º ano),-1,1,2,Ágata,Pública,9.0,6.722,-1,-1,False,False,False
RA-644,2022,1,P,Aluno-644,11,Feminino,2021,Pública,Ametista,7.83,9.5,8.0,7.5,,8.8,9.7,8.0,,Sim,Não,8.278,5.0,Fase 2 (5º e 6º ano),-1,1,2,Ametista,Pública,9.5,8.278,-1,-1,False,False,False
RA-645,2022,1,P,Aluno-645,10,Feminino,2022,Pública,Ágata,6.086,8.5,8.1,7.5,,2.0,4.0,0.0,,Não,Não,6.833,5.0,Fase 2 (5º e 6º ano),-1,1,2,Ágata,Pública,8.5,6.833,-1,-1,False,False,False
RA-646,2022,1,R,Aluno-646,13,Masculino,2019,Pública,Topázio,8.181,8.5,9.8,8.1,,8.4,8.8,8.0,,Sim,Sim,8.389,5.0,Fase 3 (7º e 8º ano),-2,1,3,Topázio,Pública,8.5,8.389,-2,-2,False,True,False
RA-647,2022,1,R,Aluno-647,10,Masculino,2022,Pública,Ágata,6.606,9.5,8.6,7.5,,3.3,1.5,5.2,,Não,Não,7.278,5.0,Fase 2 (5º e 6º ano),-1,1,2,Ágata,Pública,9.5,7.278,-1,-1,True,False,False
RA-648,2022,1,R,Aluno-648,12,Masculino,2019,Pública,Ágata,6.736,9.0,7.5,6.9,,5.3,5.0,5.5,,Não,Não,7.5,5.0,Fase 3 (7º e 8º ano),-2,1,3,Ágata,Pública,9.0,7.5,-2,-2,False,False,False
RA-649,2022,1,R,Aluno-649,12,Feminino,2019,Pública,Ametista,7.302,8.5,8.9,5.6,,7.4,6.3,8.5,,Não,Não,7.611,5.0,Fase 3 (7º e 8º ano),-2,1,3,Ametista,Pública,8.5,7.611,-2,-2,False,True,False
RA-650,2022,1,R,Aluno-650,11,Feminino,2021,Pública,Ágata,7.004,6.9,8.7,5.6,,6.9,5.5,8.3,,Não,Não,7.5,5.0,Fase 2 (5º e 6º ano),-1,1,2,Ágata,Pública,6.9,7.5,-1,-1,False,False,False
RA-651,2022,1,R,Aluno-651,10,Feminino,2022,Pública,Ametista,7.866,8.5,9.3,7.5,,7.8,7.7,7.8,,Sim,Não,8.333,5.0,Fase 2 (5º e 6º ano),-1,1,2,Ametista,Pública,8.5,8.333,-1,-1,False,False,False
RA-652,2022,1,R,Aluno-652,9,Feminino,2022,Pública,Topázio,8.151,8.0,9.6,7.5,,7.8,7.0,8.5,,Não,Não,7.5,10.0,Fase 1 (4º ano),0,1,1,Topázio,Pública,8.0,7.5,0,0,False,False,False
RA-653,2022,1,R,Aluno-653,11,Feminino,2022,Pública,Topázio,8.101,9.5,9.6,7.5,,9.3,9.5,9.0,,Não,Não,7.5,5.0,Fase 2 (5º e 6º ano),-1,1,2,Topázio,Pública,9.5,7.5,-1,-1,False,False,False
RA-654,2022,1,R,Aluno-654,12,Feminino,2022,Pública,Ametista,7.308,8.5,8.6,7.5,,6.8,5.5,8.0,,Não,Não,7.556,5.0,Fase 3 (7º e 8º ano),-2,1,3,Ametista,Pública,8.5,7.556,-2,-2,False,False,False
RA-655,2022,1,R,Aluno-655,12,Feminino,2019,Pública,Ametista,7.785,7.5,9.2,7.5,,8.3,8.3,8.2,,Sim,Sim,8.389,5.0,Fase 3 (7º e 8º ano),-2,1,3,Ametista,Pública,7.5,8.389,-2,-2,False,True,False
RA-656,2022,1,R,Aluno-656,11,Feminino,2020,Pública,Ágata,6.652,7.4,7.5,5.6,,6.3,5.0,7.5,,Não,Não,7.5,5.0,Fase 2 (5º e 6º ano),-1,1,2,Ágata,Pública,7.4,7.5,-1,-1,False,True,False
RA-657,2022,1,R,Aluno-657,12,Feminino,2021,Pública,Topázio,8.093,9.5,9.8,7.5,,9.0,9.0,9.0,,Não,Não,7.5,5.0,Fase 3 (7º e 8º ano),-2,1,3,Topázio,Pública,9.5,7.5,-2,-2,False,False,False
RA-658,2022,1,U,Aluno-658,10,Feminino,2022,Pública,Ametista,7.407,10.0,9.3,7.5,,5.6,4.7,6.5,,Não,Não,7.917,5.0,Fase 2 (5º e 6º ano),-1,1,2,Ametista,Pública,10.0,7.917,-1,-1,False,False,False
RA-659,2022,1,U,Aluno-659,10,Feminino,2022,Pública,Ametista,7.783,8.0,7.8,7.5,,9.3,9.5,9.0,,Não,Não,8.333,5.0,Fase 2 (5º e 6º ano),-1,1,2,Ametista,Pública,8.0,8.333,-1,-1,False,False,False
RA-660,2022,1,U,Aluno-660,9,Feminino,2021,Pública,Topázio,8.363,9.5,9.0,7.5,,6.9,5.8,8.0,,Não,Sim,9.083,10.0,Fase 1 (4º ano),0,1,1,Topázio,Pública,9.5,9.083,0,0,False,False,False
RA-661,2022,1,U,Aluno-661,11,Masculino,2022,Pública,Ametista,7.593,9.0,8.3,7.5,,7.8,8.3,7.3,,Não,Não,7.917,5.0,Fase 2 (5º e 6º ano),-1,1,2,Ametista,Pública,9.0,7.917,-1,-1,False,False,False
RA-662,2022,1,U,Aluno-662,11,Feminino,2022,Pública,Ametista,7.044,9.0,8.8,7.5,,6.8,5.7,7.8,,Não,Não,6.083,5.0,Fase 2 (5º e 6º ano),-1,1,2,Ametista,Pública,9.0,6.083,-1,-1,False,False,False
RA-663,2022,1,U,Aluno-663,10,Masculino,2022,Pública,Ágata,6.376,6.9,8.7,7.5,,5.8,5.0,6.5,,Não,Não,5.25,5.0,Fase 2 (5º e 6º ano),-1,1,2,Ágata,Pública,6.9,5.25,-1,-1,False,False,False
RA-664,2022,1,U,Aluno-664,10,Feminino,2022,Pública,Ametista,7.277,9.5,8.8,7.5,,6.3,5.0,7.5,,Não,Não,7.167,5.0,Fase 2 (5º e 6º ano),-1,1,2,Ametista,Pública,9.5,7.167,-1,-1,False,False,False
RA-665,2022,1,U,Aluno-665,11,Feminino,2022,Pública,Ágata,6.996,9.0,7.4,7.5,,6.8,6.5,7.0,,Não,Não,7.25,5.0,Fase 2 (5º e 6º ano),-1,1,2,Ágata,Pública,9.0,7.25,-1,-1,False,False,False
RA-666,2022,1,U,Aluno-666,10,Masculino,2022,Pública,Ametista,7.929,9.5,9.1,7.5,,7.8,8.0,7.5,,Não,Sim,8.833,5.0,Fase 2 (5º e 6º ano),-1,1,2,Ametista,Pública,9.5,8.833,-1,-1,False,False,False
RA-667,2022,1,U,Aluno-667,11,Masculino,2021,Pública,Quartzo,5.844,8.5,5.6,7.5,,4.5,3.7,5.3,,Não,Não,5.833,5.0,Fase 2 (5º e 6º ano),-1,1,2,Quartzo,Pública,8.5,5.833,-1,-1,False,False,False
RA-668,2022,1,U,Aluno-668,11,Masculino,2022,Pública,Quartzo,4.365,6.9,3.3,7.5,,2.8,2.8,2.8,,Não,Não,3.75,5.0,Fase 2 (5º e 6º ano),-1,1,2,Quartzo,Pública,6.9,3.75,-1,-1,False,False,False
RA-669,2022,1,U,Aluno-669,11,Masculino,2022,Pública,Ametista,7.475,9.0,9.7,7.5,,6.0,5.0,7.0,,Não,Não,7.833,5.0,Fase 2 (5º e 6º ano),-1,1,2,Ametista,Pública,9.0,7.833,-1,-1,False,False,False
RA-670,2022,1,U,Aluno-670,10,Feminino,2022,Pública,Ametista,7.451,8.0,8.8,7.5,,6.9,6.5,7.3,,Não,Não,8.167,5.0,Fase 2 (5º e 6º ano),-1,1,2,Ametista,Pública,8.0,8.167,-1,-1,False,False,False
RA-671,2022,0,A,Aluno-671,9,Masculino,2021,Pública,Ametista,7.617,8.5,8.2,8.1,,8.8,8.8,8.8,,Não,Não,7.417,5.0,Fase 1 (4º ano),-1,0,1,Ametista,Pública,8.5,7.417,-1,-1,False,False,False
RA-672,2022,0,A,Aluno-672,9,Feminino,2021,Pública,Ametista,7.48,8.5,8.5,8.1,,8.8,8.5,9.1,,Não,Não,6.75,5.0,Fase 1 (4º ano),-1,0,1,Ametista,Pública,8.5,6.75,-1,-1,False,False,False
RA-673,2022,0,A,Aluno-673,8,Feminino,2022,Pública,Topázio,8.65,8.5,9.2,8.1,,9.2,9.4,8.9,,Sim,Sim,8.583,10.0,ALFA  (2º e 3º ano),0,0,0,Topázio,Pública,8.5,8.583,0,0,False,False,False
RA-674,2022,0,A,Aluno-674,8,Masculino,2022,Pública,Ametista,7.862,9.5,8.7,8.1,,8.0,8.9,7.0,,Não,Não,6.333,10.0,ALFA  (2º e 3º ano),0,0,0,Ametista,Pública,9.5,6.333,0,0,False,False,False
RA-675,2022,0,A,Aluno-675,8,Masculino,2022,Pública,Ametista,7.576,10.0,6.6,8.1,,7.4,8.8,5.9,,Sim,Não,7.083,10.0,ALFA  (2º e 3º ano),0,0,0,Ametista,Pública,10.0,7.083,0,0,False,False,False
RA-676,2022,0,A,Aluno-676,9,Masculino,2021,Pública,Ametista,7.911,8.5,8.6,8.1,,9.3,9.5,9.1,,Sim,Não,8.167,5.0,Fase 1 (4º ano),-1,0,1,Ametista,Pública,8.5,8.167,-1,-1,False,False,False
RA-677,2022,0,B,Aluno-677,8,Feminino,2021,Pública,Topázio,8.358,10.0,9.4,7.5,,7.3,7.7,6.8,,Não,Sim,8.583,10.0,ALFA  (2º e 3º ano),0,0,0,Topázio,Pública,10.0,8.583,0,0,False,False,False
RA-678,2022,0,B,Aluno-678,9,Masculino,2022,Pública,Ametista,8.0,9.0,10.0,6.9,,7.3,7.5,7.0,,Não,Sim,9.5,5.0,Fase 1 (4º ano),-1,0,1,Ametista,Pública,9.0,9.5,-1,-1,False,False,False
RA-679,2022,0,B,Aluno-679,10,Masculino,2020,Pública,Ametista,7.172,9.0,8.2,7.5,,6.3,6.7,5.8,,Não,Não,7.833,5.0,Fase 2 (5º e 6º ano),-2,0,2,Ametista,Pública,9.0,7.833,-2,-2,False,False,False
RA-680,2022,0,B,Aluno-680,10,Feminino,2019,Pública,Ametista,7.518,9.5,8.8,7.5,,7.4,8.0,6.8,,Não,Não,7.75,5.0,Fase 2 (5º e 6º ano),-2,0,2,Ametista,Pública,9.5,7.75,-2,-2,False,True,False
RA-681,2022,0,B,Aluno-681,10,Masculino,2022,Pública,Ametista,7.204,8.5,8.5,6.9,,6.5,6.5,6.5,,Não,Não,8.0,5.0,Fase 2 (5º e 6º ano),-2,0,2,Ametista,Pública,8.5,8.0,-2,-2,False,False,False
RA-682,2022,0,B,Aluno-682,11,Masculino,2022,Pública,Ametista,7.625,9.5,9.1,7.5,,7.0,7.0,7.0,,Não,Não,8.083,5.0,Fase 2 (5º e 6º ano),-2,0,2,Ametista,Pública,9.5,8.083,-2,-2,False,False,False
RA-683,2022,0,C,Aluno-683,10,Masculino,2022,Pública,Ágata,6.011,7.9,5.0,7.5,,4.0,8.0,0.0,,Não,Não,8.083,5.0,Fase 2 (5º e 6º ano),-2,0,2,Ágata,Pública,7.9,8.083,-2,-2,False,False,False
RA-684,2022,0,C,Aluno-684,7,Masculino,2022,Pública,Topázio,8.26,9.5,7.5,8.1,,9.3,9.0,9.6,,Não,Não,7.917,10.0,ALFA  (2º e 3º ano),0,0,0,Topázio,Pública,9.5,7.917,0,0,False,False,False
RA-685,2022,0,C,Aluno-685,9,Masculino,2022,Pública,Ágata,6.864,9.0,6.2,5.0,,8.0,8.0,8.0,,Não,Não,7.833,5.0,Fase 1 (4º ano),-1,0,1,Ágata,Pública,9.0,7.833,-1,-1,False,False,False
RA-686,2022,0,D,Aluno-686,9,Feminino,2022,Pública,Ametista,7.729,7.5,8.6,8.1,,8.8,9.2,8.5,,Não,Não,8.083,5.0,Fase 1 (4º ano),-1,0,1,Ametista,Pública,7.5,8.083,-1,-1,False,False,False
RA-687,2022,0,D,Aluno-687,9,Masculino,2022,Pública,Ametista,7.703,8.5,9.0,8.1,,8.3,9.0,7.5,,Não,Não,8.0,5.0,Fase 1 (4º ano),-1,0,1,Ametista,Pública,8.5,8.0,-1,-1,False,False,False
RA-688,2022,0,D,Aluno-688,9,Masculino,2022,Pública,Ametista,7.771,8.5,9.7,7.5,,7.9,8.0,7.8,,Não,Não,7.917,5.0,Fase 1 (4º ano),-1,0,1,Ametista,Pública,8.5,7.917,-1,-1,False,False,False
RA-689,2022,0,D,Aluno-689,9,Feminino,2022,Pública,Ágata,6.433,7.4,7.9,5.6,,5.8,6.0,5.5,,Não,Não,6.667,5.0,Fase 1 (4º ano),-1,0,1,Ágata,Pública,7.4,6.667,-1,-1,False,False,False
RA-690,2022,0,D,Aluno-690,9,Feminino,2022,Pública,Ametista,7.541,9.5,9.5,7.5,,7.0,7.2,6.8,,Não,Não,7.417,5.0,Fase 1 (4º ano),-1,0,1,Ametista,Pública,9.5,7.417,-1,-1,False,False,False
RA-691,2022,0,D,Aluno-691,8,Feminino,2022,Pública,Topázio,8.68,10.0,9.2,8.1,,9.4,9.6,9.3,,Não,Não,7.917,10.0,ALFA  (2º e 3º ano),0,0,0,Topázio,Pública,10.0,7.917,0,0,False,False,False
RA-692,2022,0,D,Aluno-692,9,Feminino,2021,Pública,Ametista,7.569,9.5,8.9,8.1,,6.9,7.0,6.8,,Não,Não,7.917,5.0,Fase 1 (4º ano),-1,0,1,Ametista,Pública,9.5,7.917,-1,-1,False,False,False
RA-693,2022,0,D,Aluno-693,7,Feminino,2022,Pública,Ametista,7.944,9.5,9.8,8.1,,5.7,5.0,6.3,,Não,Não,7.667,10.0,ALFA  (2º e 3º ano),0,0,0,Ametista,Pública,9.5,7.667,0,0,False,False,False
RA-694,2022,0,D,Aluno-694,8,Masculino,2022,Pública,Topázio,8.378,10.0,9.0,8.1,,8.1,8.2,8.0,,Não,Não,7.917,10.0,ALFA  (2º e 3º ano),0,0,0,Topázio,Pública,10.0,7.917,0,0,False,False,False
RA-695,2022,0,E,Aluno-695,8,Feminino,2021,Pública,Quartzo,4.28,9.0,3.1,7.5,,2.5,2.2,2.8,,Não,Não,2.5,10.0,ALFA  (2º e 3º ano),0,0,0,Quartzo,Pública,9.0,2.5,0,0,False,False,False
RA-696,2022,0,E,Aluno-696,9,Feminino,2021,Pública,Ametista,7.441,8.5,9.0,7.5,,6.6,6.5,6.7,,Não,Não,8.167,5.0,Fase 1 (4º ano),-1,0,1,Ametista,Pública,8.5,8.167,-1,-1,False,False,False
RA-697,2022,0,E,Aluno-697,11,Masculino,2021,Pública,Ametista,7.675,7.0,9.3,7.5,,8.4,8.8,8.0,,Não,Não,8.083,5.0,Fase 2 (5º e 6º ano),-2,0,2,Ametista,Pública,7.0,8.083,-2,-2,False,False,False
RA-698,2022,0,E,Aluno-698,9,Masculino,2021,Pública,Ametista,7.44,9.0,9.8,2.5,,8.1,8.0,8.2,,Não,Não,8.083,5.0,Fase 1 (4º ano),-1,0,1,Ametista,Pública,9.0,8.083,-1,-1,False,False,False
RA-699,2022,0,E,Aluno-699,9,Masculino,2022,Pública,Ágata,6.658,5.2,9.2,7.5,,7.1,7.5,6.7,,Não,Não,6.0,5.0,Fase 1 (4º ano),-1,0,1,Ágata,Pública,5.2,6.0,-1,-1,False,False,False
RA-700,2022,0,F,Aluno-700,9,Feminino,2022,Pública,Ametista,7.738,9.0,8.7,7.5,,9.2,9.2,9.2,,Não,Não,7.083,5.0,Fase 1 (4º ano),-1,0,1,Ametista,Pública,9.0,7.083,-1,-1,False,False,False
RA-701,2022,0,F,Aluno-701,10,Masculino,2021,Pública,Ametista,7.755,9.0,9.3,7.5,,8.7,8.7,8.7,,Não,Não,7.417,5.0,Fase 2 (5º e 6º ano),-2,0,2,Ametista,Pública,9.0,7.417,-2,-2,False,False,False
RA-702,2022,0,F,Aluno-702,8,Feminino,2022,Pública,Ametista,7.387,10.0,8.6,5.0,,6.8,7.0,6.7,,Não,Não,7.0,10.0,ALFA  (2º e 3º ano),0,0,0,Ametista,Pública,10.0,7.0,0,0,False,False,False
RA-703,2022,0,F,Aluno-703,10,Masculino,2021,Pública,Ágata,6.099,7.5,7.4,5.0,,5.1,5.3,4.8,,Não,Não,6.833,5.0,Fase 2 (5º e 6º ano),-2,0,2,Ágata,Pública,7.5,6.833,-2,-2,False,False,False
RA-704,2022,0,F,Aluno-704,10,Masculino,2022,Pública,Ágata,6.741,9.0,8.6,5.0,,7.2,7.7,6.6,,Não,Não,6.583,5.0,Fase 2 (5º e 6º ano),-2,0,2,Ágata,Pública,9.0,6.583,-2,-2,False,False,False
RA-705,2022,0,F,Aluno-705,10,Masculino,2022,Pública,Ágata,6.634,9.5,6.2,7.5,,7.1,7.0,7.2,,Não,Não,6.333,5.0,Fase 2 (5º e 6º ano),-2,0,2,Ágata,Pública,9.5,6.333,-2,-2,False,False,False
RA-706,2022,0,F,Aluno-706,10,Feminino,2021,Pública,Ametista,7.659,9.5,6.7,7.5,,9.1,9.1,9.1,,Não,Sim,8.417,5.0,Fase 2 (5º e 6º ano),-2,0,2,Ametista,Pública,9.5,8.417,-2,-2,False,False,False
RA-707,2022,0,F,Aluno-707,10,Feminino,2020,Pública,Ametista,7.679,10.0,8.1,6.9,,8.5,8.8,8.2,,Não,Não,8.083,5.0,Fase 2 (5º e 6º ano),-2,0,2,Ametista,Pública,10.0,8.083,-2,-2,False,True,False
RA-708,2022,0,F,Aluno-708,9,Masculino,2022,Pública,Ametista,7.282,8.0,8.4,7.5,,7.3,7.1,7.6,,Não,Não,7.583,5.0,Fase 1 (4º ano),-1,0,1,Ametista,Pública,8.0,7.583,-1,-1,False,False,False
RA-709,2022,0,F,Aluno-709,10,Feminino,2022,Pública,Quartzo,5.313,9.5,3.5,7.5,,2.3,2.3,2.3,,Não,Não,7.083,5.0,Fase 2 (5º e 6º ano),-2,0,2,Quartzo,Pública,9.5,7.083,-2,-2,False,False,False
RA-710,2022,0,G,Aluno-710,10,Masculino,2020,Pública,Ametista,7.285,9.5,8.9,5.0,,6.9,7.0,6.8,,Não,Não,8.0,5.0,Fase 2 (5º e 6º ano),-2,0,2,Ametista,Pública,9.5,8.0,-2,-2,False,True,False
RA-711,2022,0,G,Aluno-711,9,Masculino,2022,Pública,Ágata,6.04,9.0,7.9,6.3,,3.5,4.0,3.0,,Não,Não,6.0,5.0,Fase 1 (4º ano),-1,0,1,Ágata,Pública,9.0,6.0,-1,-1,False,False,False
RA-712,2022,0,G,Aluno-712,11,Masculino,2019,Pública,Ágata,6.026,8.0,5.1,5.0,,8.0,8.7,7.3,,Não,Não,5.833,5.0,Fase 2 (5º e 6º ano),-2,0,2,Ágata,Pública,8.0,5.833,-2,-2,False,True,False
RA-713,2022,0,G,Aluno-713,9,Masculino,2021,Pública,Ametista,7.42,10.0,8.7,7.5,,7.8,8.0,7.7,,Não,Não,7.25,5.0,Fase 1 (4º ano),-1,0,1,Ametista,Pública,10.0,7.25,-1,-1,False,False,False
RA-714,2022,0,G,Aluno-714,11,Masculino,2019,Pública,Ágata,6.953,9.0,6.9,5.6,,8.0,8.5,7.5,,Não,Não,7.25,5.0,Fase 2 (5º e 6º ano),-2,0,2,Ágata,Pública,9.0,7.25,-2,-2,False,True,False
RA-715,2022,0,G,Aluno-715,9,Feminino,2022,Pública,Ágata,6.656,8.5,8.7,4.4,,4.9,4.8,5.0,,Não,Não,7.917,5.0,Fase 1 (4º ano),-1,0,1,Ágata,Pública,8.5,7.917,-1,-1,False,False,False
RA-716,2022,0,G,Aluno-716,9,Masculino,2022,Pública,Ágata,6.525,8.9,8.1,7.5,,6.7,7.3,6.0,,Não,Não,5.417,5.0,Fase 1 (4º ano),-1,0,1,Ágata,Pública,8.9,5.417,-1,-1,False,False,False
RA-717,2022,0,G,Aluno-717,10,Feminino,2021,Pública,Ágata,6.832,9.0,7.3,7.5,,5.4,5.0,5.8,,Não,Não,7.917,5.0,Fase 2 (5º e 6º ano),-2,0,2,Ágata,Pública,9.0,7.917,-2,-2,False,False,False
RA-718,2022,0,G,Aluno-718,8,Feminino,2022,Pública,Topázio,8.093,8.0,8.9,6.3,,9.2,9.2,9.2,,Não,Não,7.417,10.0,ALFA  (2º e 3º ano),0,0,0,Topázio,Pública,8.0,7.417,0,0,False,False,False
RA-719,2022,0,G,Aluno-719,10,Feminino,2021,Pública,Quartzo,5.552,9.0,4.6,7.5,,4.2,5.0,3.3,,Não,Não,6.083,5.0,Fase 2 (5º e 6º ano),-2,0,2,Quartzo,Pública,9.0,6.083,-2,-2,True,False,False
RA-720,2022,0,G,Aluno-720,9,Feminino,2021,Pública,Ágata,6.731,8.0,5.9,7.5,,7.6,7.3,7.8,,Não,Não,7.083,5.0,Fase 1 (4º ano),-1,0,1,Ágata,Pública,8.0,7.083,-1,-1,False,False,False
RA-721,2022,0,G,Aluno-721,8,Feminino,2021,Pública,Ametista,7.973,9.5,8.1,7.5,,7.6,8.2,7.0,,Não,Não,7.917,10.0,ALFA  (2º e 3º ano),0,0,0,Ametista,Pública,9.5,7.917,0,0,False,False,False
RA-722,2022,0,G,Aluno-722,9,Feminino,2021,Pública,Ametista,7.41,10.0,8.1,4.4,,8.1,7.8,8.3,,Não,Não,8.333,5.0,Fase 1 (4º ano),-1,0,1,Ametista,Pública,10.0,8.333,-1,-1,False,False,False
RA-723,2022,0,H,Aluno-723,8,Feminino,2022,Pública,Ametista,7.426,10.0,6.6,8.1,,5.5,5.3,5.7,,Não,Não,8.167,10.0,ALFA  (2º e 3º ano),0,0,0,Ametista,Pública,10.0,8.167,0,0,False,False,False
RA-724,2022,0,H,Aluno-724,8,Feminino,2022,Pública,Ágata,6.931,9.5,5.9,5.6,,5.6,2.9,8.3,,Não,Não,8.0,10.0,ALFA  (2º e 3º ano),0,0,0,Ágata,Pública,9.5,8.0,0,0,False,False,False
RA-725,2022,0,H,Aluno-725,8,Masculino,2022,Pública,Ágata,6.33,8.0,5.9,8.1,,5.0,4.0,6.0,,Não,Não,5.5,10.0,ALFA  (2º e 3º ano),0,0,0,Ágata,Pública,8.0,5.5,0,0,False,False,False
RA-726,2022,0,H,Aluno-726,7,Feminino,2022,Pública,Ágata,6.985,10.0,7.5,7.5,,4.4,5.8,3.0,,Não,Não,6.583,10.0,ALFA  (2º e 3º ano),0,0,0,Ágata,Pública,10.0,6.583,0,0,False,False,False
RA-727,2022,0,H,Aluno-727,8,Masculino,2022,Pública,Ametista,7.736,9.0,7.7,8.1,,8.4,9.3,7.4,,Não,Não,6.75,10.0,ALFA  (2º e 3º ano),0,0,0,Ametista,Pública,9.0,6.75,0,0,False,False,False
RA-728,2022,0,H,Aluno-728,8,Feminino,2022,Pública,Topázio,8.244,9.5,7.3,8.1,,9.1,9.3,8.9,,Não,Não,8.167,10.0,ALFA  (2º e 3º ano),0,0,0,Topázio,Pública,9.5,8.167,0,0,False,False,False
RA-729,2022,0,H,Aluno-729,8,Feminino,2022,Pública,Topázio,8.155,10.0,8.7,8.1,,8.1,8.5,7.8,,Não,Não,7.25,10.0,ALFA  (2º e 3º ano),0,0,0,Topázio,Pública,10.0,7.25,0,0,False,False,False
RA-730,2022,0,I,Aluno-730,10,Feminino,2021,Pública,Ametista,7.902,10.0,8.2,8.8,,8.3,8.7,8.0,,Não,Não,8.25,5.0,Fase 2 (5º e 6º ano),-2,0,2,Ametista,Pública,10.0,8.25,-2,-2,False,False,False
RA-731,2022,0,I,Aluno-731,10,Feminino,2019,Pública,Ametista,7.151,9.0,8.5,6.9,,7.3,7.3,7.2,,Não,Não,7.083,5.0,Fase 2 (5º e 6º ano),-2,0,2,Ametista,Pública,9.0,7.083,-2,-2,False,True,False
RA-732,2022,0,I,Aluno-732,9,Masculino,2022,Pública,Ametista,7.347,9.0,7.9,8.8,,7.2,7.5,6.8,,Não,Não,7.5,5.0,Fase 1 (4º ano),-1,0,1,Ametista,Pública,9.0,7.5,-1,-1,False,False,False
RA-733,2022,0,J,Aluno-733,9,Feminino,2022,Pública,Ágata,6.684,9.5,8.5,5.6,,5.1,6.0,4.2,,Não,Não,6.917,5.0,Fase 1 (4º ano),-1,0,1,Ágata,Pública,9.5,6.917,-1,-1,False,False,False
RA-734,2022,0,J,Aluno-734,10,Feminino,2022,Pública,Ágata,6.952,9.5,7.2,5.6,,7.3,8.0,6.5,,Não,Não,7.417,5.0,Fase 2 (5º e 6º ano),-2,0,2,Ágata,Pública,9.5,7.417,-2,-2,False,False,False
RA-735,2022,0,J,Aluno-735,10,Feminino,2021,Pública,Ametista,7.485,9.0,9.0,5.6,,7.3,7.8,6.7,,Não,Sim,8.583,5.0,Fase 2 (5º e 6º ano),-2,0,2,Ametista,Pública,9.0,8.583,-2,-2,False,False,False
RA-736,2022,0,J,Aluno-736,10,Masculino,2022,Pública,Ágata,6.707,9.0,8.5,5.6,,5.4,4.7,6.2,,Não,Não,7.0,5.0,Fase 2 (5º e 6º ano),-2,0,2,Ágata,Pública,9.0,7.0,-2,-2,False,False,False
RA-737,2022,0,J,Aluno-737,9,Feminino,2022,Pública,Ametista,8.058,9.5,9.2,5.6,,9.0,8.5,9.5,,Não,Sim,9.167,5.0,Fase 1 (4º ano),-1,0,1,Ametista,Pública,9.5,9.167,-1,-1,False,False,False
RA-738,2022,0,J,Aluno-738,8,Feminino,2022,Pública,Ametista,7.227,8.5,8.1,5.6,,5.7,7.7,3.7,,Não,Não,7.5,10.0,ALFA  (2º e 3º ano),0,0,0,Ametista,Pública,8.5,7.5,0,0,False,False,False
RA-739,2022,0,J,Aluno-739,8,Masculino,2022,Pública,Ágata,6.82,6.4,7.3,5.6,,5.9,6.0,5.8,,Não,Não,7.083,10.0,ALFA  (2º e 3º ano),0,0,0,Ágata,Pública,6.4,7.083,0,0,False,False,False
RA-740,2022,0,J,Aluno-740,9,Feminino,2022,Pública,Ametista,7.218,8.5,9.0,5.6,,7.2,7.3,7.0,,Não,Não,7.5,5.0,Fase 1 (4º ano),-1,0,1,Ametista,Pública,8.5,7.5,-1,-1,False,False,False
RA-741,2022,0,J,Aluno-741,10,Feminino,2022,Pública,Ágata,6.896,9.5,8.4,5.6,,6.3,7.3,5.2,,Não,Não,7.417,5.0,Fase 2 (5º e 6º ano),-2,0,2,Ágata,Pública,9.5,7.417,-2,-2,False,False,False
RA-742,2022,0,J,Aluno-742,9,Feminino,2022,Pública,Ametista,7.097,8.5,8.7,5.0,,7.3,8.3,6.2,,Não,Não,7.5,5.0,Fase 1 (4º ano),-1,0,1,Ametista,Pública,8.5,7.5,-1,-1,False,False,False
RA-743,2022,0,J,Aluno-743,9,Feminino,2022,Pública,Ágata,6.672,10.0,7.9,5.6,,4.8,4.8,4.8,,Não,Não,7.5,5.0,Fase 1 (4º ano),-1,0,1,Ágata,Pública,10.0,7.5,-1,-1,False,False,False
RA-744,2022,0,J,Aluno-744,8,Feminino,2022,Pública,Ametista,7.742,9.5,9.7,5.6,,6.2,6.0,6.3,,Não,Não,7.5,10.0,ALFA  (2º e 3º ano),0,0,0,Ametista,Pública,9.5,7.5,0,0,False,False,False
RA-745,2022,0,J,Aluno-745,9,Masculino,2021,Rede Decisão,Ametista,7.382,9.0,8.5,5.6,,8.1,8.5,7.7,,Não,Não,7.75,5.0,Fase 1 (4º ano),-1,0,1,Ametista,Rede Decisão,9.0,7.75,-1,-1,False,False,False
RA-746,2022,0,J,Aluno-746,8,Masculino,2022,Pública,Ametista,7.656,8.0,9.1,5.6,,7.2,7.7,6.7,,Não,Não,7.417,10.0,ALFA  (2º e 3º ano),0,0,0,Ametista,Pública,8.0,7.417,0,0,False,False,False
RA-747,2022,0,K,Aluno-747,11,Feminino,2022,Pública,Ametista,7.676,10.0,7.6,7.5,,8.8,8.2,9.4,,Sim,Não,7.917,5.0,Fase 2 (5º e 6º ano),-2,0,2,Ametista,Pública,10.0,7.917,-2,-2,False,False,False
RA-748,2022,0,K,Aluno-748,9,Masculino,2022,Pública,Topázio,8.084,10.0,9.0,7.5,,9.1,9.6,8.6,,Sim,Não,8.25,5.0,Fase 1 (4º ano),-1,0,1,Topázio,Pública,10.0,8.25,-1,-1,False,True,False
RA-749,2022,0,K,Aluno-749,9,Masculino,2022,Pública,Ametista,7.484,9.5,7.7,7.5,,8.8,9.5,8.1,,Não,Não,7.25,5.0,Fase 1 (4º ano),-1,0,1,Ametista,Pública,9.5,7.25,-1,-1,False,False,False
RA-750,2022,0,K,Aluno-750,10,Masculino,2019,Pública,Ágata,6.344,9.5,8.9,4.4,,6.8,7.1,6.4,,Não,Não,5.167,5.0,Fase 2 (5º e 6º ano),-2,0,2,Ágata,Pública,9.5,5.167,-2,-2,False,True,False
RA-751,2022,0,K,Aluno-751,11,Masculino,2022,Pública,Quartzo,5.246,8.5,5.8,7.5,,3.8,2.7,4.9,,Não,Não,6.167,5.0,Fase 2 (5º e 6º ano),-2,0,2,Quartzo,Pública,8.5,6.167,-2,-2,False,False,False
RA-752,2022,0,K,Aluno-752,11,Feminino,2022,Pública,Topázio,8.197,10.0,9.0,7.5,,9.5,9.6,9.4,,Sim,Sim,8.417,5.0,Fase 2 (5º e 6º ano),-2,0,2,Topázio,Pública,10.0,8.417,-2,-2,False,False,False
RA-753,2022,0,K,Aluno-753,8,Feminino,2022,Pública,Topázio,8.481,9.5,8.6,7.5,,9.1,9.4,8.8,,Sim,Sim,8.417,10.0,ALFA  (2º e 3º ano),0,0,0,Topázio,Pública,9.5,8.417,0,0,False,False,False
RA-754,2022,0,K,Aluno-754,9,Masculino,2022,Pública,Ágata,6.602,10.0,5.8,4.4,,7.9,7.8,8.1,,Não,Não,6.917,5.0,Fase 1 (4º ano),-1,0,1,Ágata,Pública,10.0,6.917,-1,-1,False,False,False
RA-755,2022,0,K,Aluno-755,8,Masculino,2022,Pública,Topázio,8.566,9.5,9.2,6.9,,9.5,9.8,9.3,,Sim,Não,8.083,10.0,ALFA  (2º e 3º ano),0,0,0,Topázio,Pública,9.5,8.083,0,0,False,False,False
RA-756,2022,0,K,Aluno-756,9,Masculino,2022,Pública,Ágata,6.976,10.0,7.9,7.5,,5.7,5.6,5.8,,Não,Não,7.25,5.0,Fase 1 (4º ano),-1,0,1,Ágata,Pública,10.0,7.25,-1,-1,False,False,False
RA-757,2022,0,K,Aluno-757,9,Feminino,2022,Pública,Topázio,8.26,9.5,9.3,7.5,,9.7,9.9,9.6,,Sim,Sim,8.5,5.0,Fase 1 (4º ano),-1,0,1,Topázio,Pública,9.5,8.5,-1,-1,False,False,False
RA-758,2022,0,L,Aluno-758,9,Masculino,2022,Pública,Ametista,7.911,9.0,9.1,7.5,,8.1,8.0,8.2,,Não,Não,8.333,5.0,Fase 1 (4º ano),-1,0,1,Ametista,Pública,9.0,8.333,-1,-1,False,False,False
RA-759,2022,0,L,Aluno-759,10,Feminino,2021,Pública,Ametista,7.563,9.0,8.6,7.5,,7.5,8.3,6.7,,Não,Não,7.833,5.0,Fase 2 (5º e 6º ano),-2,0,2,Ametista,Pública,9.0,7.833,-2,-2,False,False,False
RA-760,2022,0,L,Aluno-760,11,Masculino,2021,Pública,Topázio,8.172,9.0,9.2,7.5,,8.8,9.3,8.2,,Não,Sim,8.917,5.0,Fase 2 (5º e 6º ano),-2,0,2,Topázio,Pública,9.0,8.917,-2,-2,False,False,False
RA-761,2022,0,L,Aluno-761,9,Masculino,2022,Pública,Topázio,8.06,10.0,9.4,7.5,,8.2,8.8,7.5,,Não,Não,8.25,5.0,Fase 1 (4º ano),-1,0,1,Topázio,Pública,10.0,8.25,-1,-1,False,False,False
RA-762,2022,0,L,Aluno-762,12,Masculino,2022,Pública,Ametista,7.28,10.0,9.7,7.5,,6.7,7.3,6.0,,Não,Não,7.083,2.5,Fase 3 (7º e 8º ano),-3,0,3,Ametista,Pública,10.0,7.083,-3,-3,False,False,False
RA-763,2022,0,L,Aluno-763,10,Feminino,2021,Pública,Ametista,7.402,9.5,9.7,7.5,,6.5,6.3,6.7,,Não,Não,7.167,5.0,Fase 2 (5º e 6º ano),-2,0,2,Ametista,Pública,9.5,7.167,-2,-2,False,False,False
RA-764,2022,0,L,Aluno-764,8,Masculino,2022,Pública,Ametista,8.004,9.0,8.8,7.5,,7.5,7.2,7.8,,Não,Não,7.667,10.0,ALFA  (2º e 3º ano),0,0,0,Ametista,Pública,9.0,7.667,0,0,False,False,False
RA-765,2022,0,L,Aluno-765,9,Masculino,2022,Pública,Ágata,6.902,8.5,9.3,7.5,,4.3,5.0,3.7,,Não,Não,7.417,5.0,Fase 1 (4º ano),-1,0,1,Ágata,Pública,8.5,7.417,-1,-1,False,False,False
RA-766,2022,0,L,Aluno-766,11,Feminino,2020,Pública,Topázio,8.185,10.0,9.5,7.5,,8.7,8.5,8.8,,Não,Não,8.333,5.0,Fase 2 (5º e 6º ano),-2,0,2,Topázio,Pública,10.0,8.333,-2,-2,False,False,False
RA-767,2022,0,L,Aluno-767,10,Masculino,2021,Pública,Ametista,7.511,9.5,9.0,7.5,,7.0,7.3,6.7,,Não,Não,7.583,5.0,Fase 2 (5º e 6º ano),-2,0,2,Ametista,Pública,9.5,7.583,-2,-2,False,False,False
RA-768,2022,0,L,Aluno-768,10,Feminino,2021,Pública,Ametista,7.646,9.0,10.0,7.5,,7.1,7.0,7.2,,Não,Não,7.583,5.0,Fase 2 (5º e 6º ano),-2,0,2,Ametista,Pública,9.0,7.583,-2,-2,False,False,False
RA-769,2022,0,M,Aluno-769,9,Feminino,2022,Pública,Ametista,7.598,10.0,7.5,7.5,,7.9,9.6,6.2,,Sim,Sim,8.5,5.0,Fase 1 (4º ano),-1,0,1,Ametista,Pública,10.0,8.5,-1,-1,False,False,False
RA-770,2022,0,M,Aluno-770,7,Masculino,2022,Pública,Topázio,8.143,9.5,8.9,7.5,,8.3,8.5,8.1,,Não,Não,7.333,10.0,ALFA  (2º e 3º ano),0,0,0,Topázio,Pública,9.5,7.333,0,0,False,False,False
RA-771,2022,0,M,Aluno-771,7,Feminino,2022,Pública,Ametista,7.873,10.0,8.3,7.5,,7.0,7.2,6.9,,Não,Não,7.5,10.0,ALFA  (2º e 3º ano),0,0,0,Ametista,Pública,10.0,7.5,0,0,False,False,False
RA-772,2022,0,M,Aluno-772,11,Masculino,2021,Pública,Ágata,6.994,9.0,5.4,7.5,,9.2,9.3,9.2,,Não,Não,7.25,5.0,Fase 2 (5º e 6º ano),-2,0,2,Ágata,Pública,9.0,7.25,-2,-2,False,False,False
RA-773,2022,0,M,Aluno-773,9,Feminino,2022,Pública,Ágata,6.922,10.0,6.8,5.0,,8.1,9.3,6.8,,Não,Não,7.083,5.0,Fase 1 (4º ano),-1,0,1,Ágata,Pública,10.0,7.083,-1,-1,False,False,False
RA-774,2022,0,M,Aluno-774,8,Feminino,2022,Pública,Ametista,7.587,10.0,7.8,7.5,,6.1,7.8,4.4,,Não,Não,7.417,10.0,ALFA  (2º e 3º ano),0,0,0,Ametista,Pública,10.0,7.417,0,0,False,False,False
RA-775,2022,0,N,Aluno-775,10,Masculino,2021,Pública,Quartzo,5.79,7.9,5.7,4.4,,5.7,5.5,5.8,,Não,Não,6.417,5.0,Fase 2 (5º e 6º ano),-2,0,2,Quartzo,Pública,7.9,6.417,-2,-2,False,False,False
RA-776,2022,0,N,Aluno-776,9,Feminino,2022,Pública,Quartzo,3.898,0.0,4.3,4.4,,1.7,0.0,3.3,,Não,Não,6.333,5.0,Fase 1 (4º ano),-1,0,1,Quartzo,Pública,0.0,6.333,-1,-1,False,False,False
RA-777,2022,0,N,Aluno-777,8,Masculino,2022,Pública,Ametista,7.096,8.0,7.7,7.5,,5.3,6.5,4.0,,Não,Não,7.0,10.0,ALFA  (2º e 3º ano),0,0,0,Ametista,Pública,8.0,7.0,0,0,True,False,False
RA-778,2022,0,N,Aluno-778,9,Feminino,2021,Pública,Ametista,7.432,10.0,6.7,7.5,,7.1,6.0,8.2,,Não,Sim,8.833,5.0,Fase 1 (4º ano),-1,0,1,Ametista,Pública,10.0,8.833,-1,-1,False,False,False
RA-779,2022,0,N,Aluno-779,10,Masculino,2022,Pública,Quartzo,5.702,9.5,5.0,7.5,,2.6,2.2,3.0,,Não,Não,7.083,5.0,Fase 2 (5º e 6º ano),-2,0,2,Quartzo,Pública,9.5,7.083,-2,-2,False,False,False
RA-780,2022,0,N,Aluno-780,9,Feminino,2022,Pública,Ágata,6.955,8.0,7.6,7.5,,6.9,6.3,7.5,,Não,Não,7.167,5.0,Fase 1 (4º ano),-1,0,1,Ágata,Pública,8.0,7.167,-1,-1,False,False,False
RA-781,2022,0,N,Aluno-781,9,Feminino,2021,Pública,Ametista,7.786,10.0,8.9,7.5,,8.3,8.0,8.5,,Não,Não,7.75,5.0,Fase 1 (4º ano),-1,0,1,Ametista,Pública,10.0,7.75,-1,-1,False,False,False
RA-782,2022,0,N,Aluno-782,8,Masculino,2022,Pública,Ametista,7.485,9.5,8.4,7.5,,6.0,5.7,6.3,,Não,Não,7.0,10.0,ALFA  (2º e 3º ano),0,0,0,Ametista,Pública,9.5,7.0,0,0,False,False,False
RA-783,2022,0,N,Aluno-783,8,Masculino,2021,Pública,Ágata,6.996,9.5,5.8,7.5,,6.0,4.7,7.3,,Não,Não,6.917,10.0,ALFA  (2º e 3º ano),0,0,0,Ágata,Pública,9.5,6.917,0,0,False,False,False
RA-784,2022,0,O,Aluno-784,9,Masculino,2022,Pública,Topázio,8.34,9.5,10.0,7.5,,8.2,7.8,8.5,,Não,Sim,9.25,5.0,Fase 1 (4º ano),-1,0,1,Topázio,Pública,9.5,9.25,-1,-1,True,False,False
RA-785,2022,0,O,Aluno-785,9,Feminino,2022,Pública,Ametista,7.642,9.0,8.6,7.5,,8.4,8.8,8.0,,Não,Não,7.667,5.0,Fase 1 (4º ano),-1,0,1,Ametista,Pública,9.0,7.667,-1,-1,False,False,False
RA-786,2022,0,O,Aluno-786,11,Masculino,2019,Pública,Ágata,7.004,9.0,9.5,5.6,,6.1,6.3,5.8,,Não,Não,7.167,5.0,Fase 2 (5º e 6º ano),-2,0,2,Ágata,Pública,9.0,7.167,-2,-2,False,False,False
RA-787,2022,0,O,Aluno-787,8,Masculino,2022,Pública,Ametista,7.205,8.5,9.5,7.5,,3.4,4.2,2.7,,Não,Não,7.25,10.0,ALFA  (2º e 3º ano),0,0,0,Ametista,Pública,8.5,7.25,0,0,False,False,False
RA-788,2022,0,O,Aluno-788,8,Masculino,2021,Rede Decisão,Topázio,8.264,10.0,9.3,5.6,,8.0,7.8,8.2,,Não,Sim,8.667,10.0,ALFA  (2º e 3º ano),0,0,0,Topázio,Rede Decisão,10.0,8.667,0,0,False,False,False
RA-789,2022,0,O,Aluno-789,7,Feminino,2022,Pública,Ametista,7.405,9.0,9.4,7.5,,4.2,3.7,4.7,,Não,Não,7.417,10.0,ALFA  (2º e 3º ano),0,0,0,Ametista,Pública,9.0,7.417,0,0,False,False,False
RA-790,2022,0,O,Aluno-790,11,Feminino,2022,Pública,Ametista,7.504,9.0,8.9,7.5,,7.8,8.5,7.2,,Não,Não,7.417,5.0,Fase 2 (5º e 6º ano),-2,0,2,Ametista,Pública,9.0,7.417,-2,-2,True,False,False
RA-791,2022,0,O,Aluno-791,11,Feminino,2022,Pública,Ametista,7.507,9.5,8.7,7.5,,6.5,6.3,6.7,,Não,Sim,8.5,5.0,Fase 2 (5º e 6º ano),-2,0,2,Ametista,Pública,9.5,8.5,-2,-2,False,False,False
RA-792,2022,0,O,Aluno-792,9,Feminino,2022,Pública,Ágata,7.025,9.5,8.0,7.5,,6.2,6.5,5.8,,Não,Não,7.167,5.0,Fase 1 (4º ano),-1,0,1,Ágata,Pública,9.5,7.167,-1,-1,False,False,False
RA-793,2022,0,O,Aluno-793,10,Masculino,2022,Pública,Ágata,6.894,9.5,7.6,7.5,,6.0,6.0,6.0,,Não,Não,7.333,5.0,Fase 2 (5º e 6º ano),-2,0,2,Ágata,Pública,9.5,7.333,-2,-2,False,False,False
RA-794,2022,0,O,Aluno-794,8,Feminino,2022,Pública,Ametista,7.335,9.5,8.9,7.5,,4.1,3.7,4.5,,Não,Não,7.333,10.0,ALFA  (2º e 3º ano),0,0,0,Ametista,Pública,9.5,7.333,0,0,False,False,False
RA-795,2022,0,O,Aluno-795,8,Feminino,2022,Pública,Topázio,8.064,9.0,9.7,7.5,,7.3,8.0,6.5,,Não,Não,7.333,10.0,ALFA  (2º e 3º ano),0,0,0,Topázio,Pública,9.0,7.333,0,0,False,False,False
RA-796,2022,0,Q,Aluno-796,10,Feminino,2022,Pública,Ametista,7.232,9.5,9.3,7.5,,5.4,5.8,5.0,,Não,Não,7.667,5.0,Fase 2 (5º e 6º ano),-2,0,2,Ametista,Pública,9.5,7.667,-2,-2,False,False,False
RA-797,2022,0,Q,Aluno-797,10,Masculino,2021,Pública,Ametista,7.217,9.0,8.5,7.5,,7.3,8.2,6.5,,Não,Não,7.5,5.0,Fase 2 (5º e 6º ano),-2,0,2,Ametista,Pública,9.0,7.5,-2,-2,False,False,False
RA-798,2022,0,Q,Aluno-798,10,Masculino,2022,Pública,Ametista,7.049,8.0,8.3,7.5,,6.3,7.0,5.7,,Não,Não,7.667,5.0,Fase 2 (5º e 6º ano),-2,0,2,Ametista,Pública,8.0,7.667,-2,-2,False,False,False
RA-799,2022,0,Q,Aluno-799,10,Feminino,2022,Pública,Ametista,7.676,8.0,9.6,7.5,,7.8,8.5,7.2,,Não,Não,7.917,5.0,Fase 2 (5º e 6º ano),-2,0,2,Ametista,Pública,8.0,7.917,-2,-2,False,False,False
RA-800,2022,0,Q,Aluno-800,8,Masculino,2022,Pública,Ágata,6.818,8.0,5.4,7.5,,6.1,6.3,5.8,,Não,Não,7.5,10.0,ALFA  (2º e 3º ano),0,0,0,Ágata,Pública,8.0,7.5,0,0,False,False,False
RA-801,2022,0,Q,Aluno-801,9,Masculino,2022,Pública,Ágata,6.644,7.0,6.6,7.5,,6.8,7.2,6.3,,Não,Não,7.5,5.0,Fase 1 (4º ano),-1,0,1,Ágata,Pública,7.0,7.5,-1,-1,False,False,False
RA-802,2022,0,Q,Aluno-802,9,Masculino,2021,Pública,Ametista,7.831,9.0,9.0,7.5,,8.3,9.0,7.5,,Não,Não,8.333,5.0,Fase 1 (4º ano),-1,0,1,Ametista,Pública,9.0,8.333,-1,-1,False,False,False
RA-803,2022,0,Q,Aluno-803,10,Feminino,2022,Pública,Ágata,6.98,10.0,7.2,7.5,,6.3,6.5,6.0,,Não,Não,7.417,5.0,Fase 2 (5º e 6º ano),-2,0,2,Ágata,Pública,10.0,7.417,-2,-2,False,False,False
RA-804,2022,0,Q,Aluno-804,10,Masculino,2022,Pública,Ágata,6.848,10.0,8.4,6.3,,4.8,5.5,4.0,,Não,Não,7.667,5.0,Fase 2 (5º e 6º ano),-2,0,2,Ágata,Pública,10.0,7.667,-2,-2,False,False,False
RA-805,2022,0,R,Aluno-805,8,Masculino,2021,Pública,Topázio,8.279,9.5,9.0,7.5,,8.8,8.7,8.9,,Não,Não,7.333,10.0,ALFA  (2º e 3º ano),0,0,0,Topázio,Pública,9.5,7.333,0,0,False,False,False
RA-806,2022,0,R,Aluno-806,8,Masculino,2022,Pública,Ametista,7.561,9.5,7.3,7.5,,6.6,5.0,8.2,,Não,Não,7.917,10.0,ALFA  (2º e 3º ano),0,0,0,Ametista,Pública,9.5,7.917,0,0,False,False,False
RA-807,2022,0,R,Aluno-807,8,Masculino,2022,Pública,Topázio,8.121,9.5,8.7,6.3,,9.0,9.5,8.6,,Não,Não,7.5,10.0,ALFA  (2º e 3º ano),0,0,0,Topázio,Pública,9.5,7.5,0,0,False,False,False
RA-808,2022,0,R,Aluno-808,8,Masculino,2022,Pública,Topázio,8.361,10.0,9.1,6.3,,9.3,9.7,8.8,,Não,Não,8.0,10.0,ALFA  (2º e 3º ano),0,0,0,Topázio,Pública,10.0,8.0,0,0,False,False,False
RA-809,2022,0,R,Aluno-809,7,Masculino,2022,Pública,Ametista,7.259,10.0,6.6,6.3,,6.3,5.5,7.1,,Não,Não,7.417,10.0,ALFA  (2º e 3º ano),0,0,0,Ametista,Pública,10.0,7.417,0,0,False,False,False
RA-810,2022,0,R,Aluno-810,8,Masculino,2021,Pública,Ametista,7.887,8.5,9.1,5.0,,9.6,9.7,9.5,,Não,Não,7.25,10.0,ALFA  (2º e 3º ano),0,0,0,Ametista,Pública,8.5,7.25,0,0,False,False,False
RA-811,2022,0,R,Aluno-811,9,Feminino,2021,Pública,Ágata,6.575,8.9,5.7,5.6,,7.3,8.9,5.7,,Não,Não,7.667,5.0,Fase 1 (4º ano),-1,0,1,Ágata,Pública,8.9,7.667,-1,-1,False,False,False
RA-812,2022,0,R,Aluno-812,8,Masculino,2022,Pública,Ametista,7.497,9.0,8.1,5.6,,7.4,8.3,6.6,,Não,Não,7.333,10.0,ALFA  (2º e 3º ano),0,0,0,Ametista,Pública,9.0,7.333,0,0,False,False,False
RA-813,2022,0,S,Aluno-813,8,Masculino,2022,Pública,Ametista,7.093,9.5,6.5,6.9,,6.0,6.7,5.3,,Não,Não,7.417,10.0,ALFA  (2º e 3º ano),0,0,0,Ametista,Pública,9.5,7.417,0,0,False,False,False
RA-814,2022,0,S,Aluno-814,9,Masculino,2022,Pública,Ametista,7.592,8.9,9.0,6.9,,7.5,7.8,7.2,,Não,Sim,8.417,5.0,Fase 1 (4º ano),-1,0,1,Ametista,Pública,8.9,8.417,-1,-1,False,False,False
RA-815,2022,0,S,Aluno-815,9,Masculino,2022,Pública,Ágata,6.81,10.0,7.9,5.6,,6.5,7.7,5.3,,Não,Não,7.0,5.0,Fase 1 (4º ano),-1,0,1,Ágata,Pública,10.0,7.0,-1,-1,False,False,False
RA-816,2022,0,S,Aluno-816,9,Feminino,2022,Pública,Topázio,8.513,10.0,9.3,7.5,,9.6,9.5,9.7,,Sim,Sim,9.417,5.0,Fase 1 (4º ano),-1,0,1,Topázio,Pública,10.0,9.417,-1,-1,False,False,False
RA-817,2022,0,S,Aluno-817,8,Feminino,2022,Pública,Ametista,7.819,10.0,8.7,6.3,,7.1,7.7,6.5,,Não,Não,7.417,10.0,ALFA  (2º e 3º ano),0,0,0,Ametista,Pública,10.0,7.417,0,0,False,False,False
RA-818,2022,0,S,Aluno-818,7,Masculino,2022,Pública,Ametista,7.483,9.5,7.3,7.5,,6.2,6.5,5.8,,Não,Não,7.5,10.0,ALFA  (2º e 3º ano),0,0,0,Ametista,Pública,9.5,7.5,0,0,False,False,False
RA-819,2022,0,S,Aluno-819,8,Masculino,2022,Pública,Ametista,7.741,10.0,7.9,7.5,,7.3,8.0,6.5,,Não,Não,7.333,10.0,ALFA  (2º e 3º ano),0,0,0,Ametista,Pública,10.0,7.333,0,0,False,False,False
RA-820,2022,0,T,Aluno-820,9,Masculino,2022,Pública,Ametista,7.417,9.5,10.0,6.9,,6.0,7.7,4.3,,Não,Não,7.583,5.0,Fase 1 (4º ano),-1,0,1,Ametista,Pública,9.5,7.583,-1,-1,False,False,False
RA-821,2022,0,T,Aluno-821,10,Masculino,2022,Pública,Ágata,6.342,9.0,7.0,7.5,,4.6,5.2,4.0,,Não,Não,6.917,5.0,Fase 2 (5º e 6º ano),-2,0,2,Ágata,Pública,9.0,6.917,-2,-2,False,False,False
RA-822,2022,0,T,Aluno-822,10,Masculino,2022,Pública,Ágata,6.922,8.0,8.4,7.5,,6.1,6.5,5.7,,Não,Não,7.083,5.0,Fase 2 (5º e 6º ano),-2,0,2,Ágata,Pública,8.0,7.083,-2,-2,False,False,False
RA-823,2022,0,T,Aluno-823,10,Feminino,2021,Pública,Quartzo,5.989,10.0,6.0,7.5,,2.8,4.0,1.7,,Não,Não,7.167,5.0,Fase 2 (5º e 6º ano),-2,0,2,Quartzo,Pública,10.0,7.167,-2,-2,False,False,False
RA-824,2022,0,T,Aluno-824,8,Masculino,2022,Pública,Ágata,6.799,10.0,4.4,6.9,,6.0,7.0,5.0,,Não,Não,7.333,10.0,ALFA  (2º e 3º ano),0,0,0,Ágata,Pública,10.0,7.333,0,0,False,False,False
RA-825,2022,0,T,Aluno-825,9,Feminino,2021,Pública,Ametista,7.25,7.5,8.2,6.9,,7.6,8.3,6.8,,Não,Não,7.917,5.0,Fase 1 (4º ano),-1,0,1,Ametista,Pública,7.5,7.917,-1,-1,False,False,False
RA-826,2022,0,U,Aluno-826,8,Masculino,2022,Pública,Ametista,7.776,9.5,9.6,7.5,,5.4,4.3,6.5,,Não,Não,7.5,10.0,ALFA  (2º e 3º ano),0,0,0,Ametista,Pública,9.5,7.5,0,0,False,False,False
RA-827,2022,0,U,Aluno-827,10,Feminino,2022,Pública,Ametista,7.412,9.5,7.0,7.5,,7.6,7.7,7.5,,Não,Sim,8.667,5.0,Fase 2 (5º e 6º ano),-2,0,2,Ametista,Pública,9.5,8.667,-2,-2,False,False,False
RA-828,2022,0,U,Aluno-828,9,Feminino,2022,Pública,Ametista,7.139,9.5,7.1,7.5,,6.9,7.3,6.5,,Não,Não,7.833,5.0,Fase 1 (4º ano),-1,0,1,Ametista,Pública,9.5,7.833,-1,-1,False,False,False
RA-829,2022,0,U,Aluno-829,8,Feminino,2022,Pública,Ametista,8.003,9.0,8.6,7.5,,7.8,8.2,7.5,,Não,Não,7.5,10.0,ALFA  (2º e 3º ano),0,0,0,Ametista,Pública,9.0,7.5,0,0,False,False,False
RA-830,2022,0,U,Aluno-830,9,Feminino,2022,Pública,Ametista,7.234,10.0,8.6,7.5,,6.0,5.8,6.2,,Não,Não,7.5,5.0,Fase 1 (4º ano),-1,0,1,Ametista,Pública,10.0,7.5,-1,-1,False,False,False
RA-831,2022,0,U,Aluno-831,9,Masculino,2022,Pública,Ametista,7.41,9.5,9.2,7.5,,7.2,7.3,7.0,,Não,Não,7.167,5.0,Fase 1 (4º ano),-1,0,1,Ametista,Pública,9.5,7.167,-1,-1,False,False,False
RA-832,2022,0,U,Aluno-832,9,Masculino,2022,Pública,Topázio,8.179,10.0,9.2,7.5,,8.8,8.8,8.8,,Não,Sim,8.833,5.0,Fase 1 (4º ano),-1,0,1,Topázio,Pública,10.0,8.833,-1,-1,False,False,False
RA-833,2022,0,U,Aluno-833,9,Masculino,2022,Pública,Ametista,7.791,10.0,9.5,7.5,,7.8,8.2,7.5,,Não,Não,7.583,5.0,Fase 1 (4º ano),-1,0,1,Ametista,Pública,10.0,7.583,-1,-1,False,False,False
RA-834,2022,0,U,Aluno-834,9,Masculino,2022,Pública,Topázio,8.136,9.0,9.0,7.5,,9.0,9.2,8.8,,Não,Sim,9.083,5.0,Fase 1 (4º ano),-1,0,1,Topázio,Pública,9.0,9.083,-1,-1,False,False,False
RA-835,2022,0,V,Aluno-835,8,Masculino,2022,Pública,Ametista,7.263,6.9,7.3,7.5,,7.5,7.6,7.3,,Não,Não,6.667,10.0,ALFA  (2º e 3º ano),0,0,0,Ametista,Pública,6.9,6.667,0,0,False,False,False
RA-836,2022,0,V,Aluno-836,9,Masculino,2022,Pública,Ametista,7.665,8.5,8.3,7.5,,9.2,9.0,9.3,,Não,Não,7.583,5.0,Fase 1 (4º ano),-1,0,1,Ametista,Pública,8.5,7.583,-1,-1,False,False,False
RA-837,2022,0,V,Aluno-837,8,Masculino,2022,Pública,Topázio,8.207,8.5,9.0,7.5,,8.8,9.2,8.3,,Não,Não,7.5,10.0,ALFA  (2º e 3º ano),0,0,0,Topázio,Pública,8.5,7.5,0,0,False,False,False
RA-838,2022,0,V,Aluno-838,9,Masculino,2022,Pública,Ametista,7.461,10.0,7.4,7.5,,6.3,6.6,5.9,,Sim,Sim,9.417,5.0,Fase 1 (4º ano),-1,0,1,Ametista,Pública,10.0,9.417,-1,-1,False,False,False
RA-839,2022,0,V,Aluno-839,9,Feminino,2022,Pública,Quartzo,5.198,0.0,5.1,7.5,,5.4,5.8,5.0,,Não,Não,6.583,5.0,Fase 1 (4º ano),-1,0,1,Quartzo,Pública,0.0,6.583,-1,-1,False,False,False
RA-840,2022,0,V,Aluno-840,8,Masculino,2022,Pública,Ametista,7.875,9.0,8.2,7.5,,7.8,9.6,5.9,,Não,Não,7.5,10.0,ALFA  (2º e 3º ano),0,0,0,Ametista,Pública,9.0,7.5,0,0,False,False,False
RA-841,2022,0,V,Aluno-841,11,Masculino,2022,Pública,Ametista,7.3,8.5,8.5,7.5,,7.2,8.6,5.8,,Não,Não,7.5,5.0,Fase 2 (5º e 6º ano),-2,0,2,Ametista,Pública,8.5,7.5,-2,-2,False,False,False
RA-842,2022,0,Y,Aluno-842,8,Feminino,2022,Pública,Ametista,7.952,7.5,8.3,7.5,,9.1,9.1,9.1,,Não,Não,8.25,10.0,ALFA  (2º e 3º ano),0,0,0,Ametista,Pública,7.5,8.25,0,0,False,False,False
RA-843,2022,0,Y,Aluno-843,8,Feminino,2022,Pública,Topázio,8.538,8.5,9.0,7.5,,9.2,9.8,8.5,,Sim,Sim,8.417,10.0,ALFA  (2º e 3º ano),0,0,0,Topázio,Pública,8.5,8.417,0,0,False,False,False
RA-844,2022,0,Y,Aluno-844,8,Masculino,2022,Pública,Ágata,6.253,0.0,5.0,8.1,,5.9,6.0,5.8,,Sim,Não,8.333,10.0,ALFA  (2º e 3º ano),0,0,0,Ágata,Pública,0.0,8.333,0,0,False,False,False
RA-845,2022,0,Y,Aluno-845,8,Feminino,2022,Pública,Topázio,8.491,10.0,8.8,7.5,,8.7,9.1,8.3,,Não,Sim,8.417,10.0,ALFA  (2º e 3º ano),0,0,0,Topázio,Pública,10.0,8.417,0,0,False,False,False
RA-846,2022,0,Y,Aluno-846,7,Feminino,2022,Pública,Ametista,7.412,9.0,7.2,7.5,,5.9,7.7,4.0,,Não,Não,7.917,10.0,ALFA  (2º e 3º ano),0,0,0,Ametista,Pública,9.0,7.917,0,0,False,False,False
RA-847,2022,0,Y,Aluno-847,9,Masculino,2022,Pública,Ágata,6.839,7.9,8.2,4.4,,7.7,7.8,7.6,,Não,Não,7.417,5.0,Fase 1 (4º ano),-1,0,1,Ágata,Pública,7.9,7.417,-1,-1,False,False,False
RA-848,2022,0,Y,Aluno-848,9,Masculino,2022,Pública,Ametista,7.488,9.5,7.0,7.5,,9.0,9.8,8.1,,Não,Não,7.833,5.0,Fase 1 (4º ano),-1,0,1,Ametista,Pública,9.5,7.833,-1,-1,False,False,False
RA-849,2022,0,Y,Aluno-849,9,Masculino,2022,Pública,Ametista,7.369,8.5,8.3,7.5,,9.1,9.8,8.3,,Não,Não,7.417,5.0,Fase 1 (4º ano),-1,0,1,Ametista,Pública,8.5,7.417,-1,-1,False,False,False
RA-850,2022,0,Y,Aluno-850,8,Masculino,2022,Pública,Ametista,7.641,10.0,7.3,7.5,,8.5,8.1,8.8,,Não,Não,7.167,10.0,ALFA  (2º e 3º ano),0,0,0,Ametista,Pública,10.0,7.167,0,0,False,False,False
RA-851,2022,0,Y,Aluno-851,8,Masculino,2022,Pública,Ametista,7.515,9.0,7.9,7.5,,8.3,7.9,8.7,,Não,Não,6.583,10.0,ALFA  (2º e 3º ano),0,0,0,Ametista,Pública,9.0,6.583,0,0,False,False,False
RA-852,2022,0,Z,Aluno-852,7,Feminino,2022,Pública,Quartzo,5.666,9.0,6.8,5.0,,2.1,2.5,1.8,,Não,Não,5.5,10.0,ALFA  (2º e 3º ano),0,0,0,Quartzo,Pública,9.0,5.5,0,0,False,False,False
RA-853,2022,0,Z,Aluno-853,8,Feminino,2022,Pública,Topázio,8.616,10.0,9.6,7.5,,8.5,8.8,8.2,,Não,Sim,8.5,10.0,ALFA  (2º e 3º ano),0,0,0,Topázio,Pública,10.0,8.5,0,0,False,False,False
RA-854,2022,0,Z,Aluno-854,8,Feminino,2022,Pública,Topázio,8.098,8.0,9.0,7.5,,9.3,9.5,9.0,,Não,Não,7.167,10.0,ALFA  (2º e 3º ano),0,0,0,Topázio,Pública,8.0,7.167,0,0,False,False,False
RA-855,2022,0,Z,Aluno-855,9,Feminino,2022,Pública,Topázio,8.453,10.0,9.6,7.5,,9.7,9.7,9.6,,Não,Sim,9.0,5.0,Fase 1 (4º ano),-1,0,1,Topázio,Pública,10.0,9.0,-1,-1,False,False,False
RA-856,2022,0,Z,Aluno-856,7,Masculino,2022,Pública,Topázio,8.398,10.0,9.1,7.5,,8.4,8.5,8.2,,Não,Não,8.0,10.0,ALFA  (2º e 3º ano),0,0,0,Topázio,Pública,10.0,8.0,0,0,False,False,False
RA-857,2022,0,Z,Aluno-857,9,Feminino,2022,Pública,Topázio,8.154,8.5,8.9,7.5,,9.5,9.6,9.3,,Não,Sim,9.083,5.0,Fase 1 (4º ano),-1,0,1,Topázio,Pública,8.5,9.083,-1,-1,False,False,False
RA-858,2022,0,Z,Aluno-858,7,Masculino,2022,Pública,Ametista,7.523,10.0,7.1,5.6,,7.7,8.4,6.9,,Não,Não,7.333,10.0,ALFA  (2º e 3º ano),0,0,0,Ametista,Pública,10.0,7.333,0,0,False,False,False
RA-859,2022,0,Z,Aluno-859,7,Feminino,2022,Pública,Topázio,8.325,8.5,8.7,7.5,,8.9,9.4,8.4,,Não,Não,8.25,10.0,ALFA  (2º e 3º ano),0,0,0,Topázio,Pública,8.5,8.25,0,0,False,False,False
RA-860,2022,0,Z,Aluno-860,7,Masculino,2022,Pública,Topázio,8.136,9.5,8.5,7.5,,8.1,8.9,7.2,,Não,Não,7.75,10.0,ALFA  (2º e 3º ano),0,0,0,Topázio,Pública,9.5,7.75,0,0,False,False,False
RA-861,2023,ALFA,ALFA A - G0/G1,Aluno-861,8,Feminino,2023,Pública,Topázio,9.31095,9.5,10.0,8.13,8.4375,9.6,9.8,9.4,,,,8.92,10.0,ALFA (1° e 2° ano),0,0,0,Topázio,Pública,9.5,8.92,0,0,False,False,False
RA-862,2023,ALFA,ALFA A - G0/G1,Aluno-862,9,Masculino,2023,Pública,Topázio,8.2212,8.5,9.1,8.14,7.5,8.9,8.5,9.2,,,,8.585,5.0,Fase 1 (3° e 4° ano),-1,0,1,Topázio,Pública,8.5,8.585,-1,-1,False,False,False
RA-863,2023,ALFA,ALFA A - G0/G1,Aluno-863,7,Masculino,2023,Pública,Quartzo,5.92975,0.0,7.6,3.14,5.9375,6.3,7.0,5.5,,,,6.26,10.0,ALFA (1° e 2° ano),0,0,0,Quartzo,Pública,0.0,6.26,0,0,False,False,False
RA-864,2023,ALFA,ALFA A - G0/G1,Aluno-864,8,Feminino,2023,Pública,Ametista,7.034,0.0,7.6,8.14,7.5,6.3,7.0,5.5,,,,8.5,10.0,ALFA (1° e 2° ano),0,0,0,Ametista,Pública,0.0,8.5,0,0,False,False,False
RA-865,2023,ALFA,ALFA A - G0/G1,Aluno-865,8,Masculino,2023,Pública,Topázio,8.1552,8.5,8.7,7.52,7.5,7.4,7.3,7.5,,,,7.915,10.0,ALFA (1° e 2° ano),0,0,0,Topázio,Pública,8.5,7.915,0,0,False,False,False
RA-866,2023,ALFA,ALFA A - G0/G1,Aluno-866,7,Feminino,2023,Pública,Ametista,7.679,0.0,8.3,8.76,7.5,8.6,8.2,8.9,,,,8.415,10.0,ALFA (1° e 2° ano),0,0,0,Ametista,Pública,0.0,8.415,0,0,False,False,False
RA-867,2023,ALFA,ALFA A - G0/G1,Aluno-867,8,Masculino,2023,Pública,Topázio,8.6992,9.0,8.6,8.76,7.5,8.9,8.7,9.0,,,,8.415,10.0,ALFA (1° e 2° ano),0,0,0,Topázio,Pública,9.0,8.415,0,0,False,False,False
RA-868,2023,ALFA,ALFA A - G0/G1,Aluno-868,7,Masculino,2023,Pública,Topázio,8.63895,10.0,9.5,8.76,7.1875,7.1,7.8,6.3,,,,8.67,10.0,ALFA (1° e 2° ano),0,0,0,Topázio,Pública,10.0,8.67,0,0,False,False,False
RA-869,2023,ALFA,ALFA A - G0/G1,Aluno-869,8,Feminino,2023,Pública,Topázio,9.2587,9.0,10.0,8.76,8.125,9.6,9.8,9.4,,,,8.75,10.0,ALFA (1° e 2° ano),0,0,0,Topázio,Pública,9.0,8.75,0,0,False,False,False
RA-870,2023,ALFA,ALFA A - G0/G1,Aluno-870,9,Feminino,2023,Pública,Quartzo,4.909,0.0,8.5,8.76,5.0,1.5,2.0,1.0,,,,5.165,5.0,Fase 1 (3° e 4° ano),-1,0,1,Quartzo,Pública,0.0,5.165,-1,-1,False,False,False
RA-871,2023,ALFA,ALFA B - G2/G3,Aluno-871,9,Masculino,2023,Pública,Agata,6.8617,9.0,9.5,3.76,4.375,6.9,6.8,7.0,,,,6.84,5.0,Fase 1 (3° e 4° ano),-1,0,1,Ágata,Pública,9.0,6.84,-1,-1,False,False,False
RA-872,2023,ALFA,ALFA B - G2/G3,Aluno-872,10,Feminino,2023,Pública,Quartzo,5.267,0.0,6.7,2.52,6.25,4.3,5.5,3.0,,,,8.5,5.0,Fase 2 (5° e 6° ano),-2,0,2,Quartzo,Pública,0.0,8.5,-2,-2,False,False,False
RA-873,2023,ALFA,ALFA B - G2/G3,Aluno-873,11,Feminino,2023,Pública,Ametista,7.8012,8.5,9.7,7.52,6.25,7.0,7.2,6.8,,,,8.67,5.0,Fase 2 (5° e 6° ano),-2,0,2,Ametista,Pública,8.5,8.67,-2,-2,False,False,False
RA-874,2023,ALFA,ALFA B - G2/G3,Aluno-874,9,Masculino,2023,Pública,Quartzo,5.811,0.0,8.2,7.52,6.25,4.8,6.3,3.3,,,,6.67,5.0,Fase 1 (3° e 4° ano),-1,0,1,Quartzo,Pública,0.0,6.67,-1,-1,False,False,False
RA-875,2023,ALFA,ALFA B - G2/G3,Aluno-875,9,Masculino,2023,Pública,Topázio,8.2712,9.5,9.5,7.52,7.5,7.3,7.0,7.5,,,,9.845,5.0,Fase 1 (3° e 4° ano),-1,0,1,Topázio,Pública,9.5,9.845,-1,-1,False,False,False
RA-876,2023,ALFA,ALFA B - G2/G3,Aluno-876,8,Masculino,2023,Pública,Topázio,8.6492,10.0,9.4,7.52,7.5,7.5,7.3,7.7,,,,8.835,10.0,ALFA (1° e 2° ano),0,0,0,Topázio,Pública,10.0,8.835,0,0,False,False,False
RA-877,2023,ALFA,ALFA B - G2/G3,Aluno-877,9,Masculino,2023,Pública,Ametista,7.4722,9.5,9.5,7.52,5.0,6.9,7.5,6.2,,,,7.5,5.0,Fase 1 (3° e 4° ano),-1,0,1,Ametista,Pública,9.5,7.5,-1,-1,False,False,False
RA-878,2023,ALFA,ALFA B - G2/G3,Aluno-878,10,Masculino,2023,Pública,Agata,6.24,0.0,9.5,2.52,5.0,8.1,8.0,8.2,,,,7.34,5.0,Fase 2 (5° e 6° ano),-2,0,2,Ágata,Pública,0.0,7.34,-2,-2,False,False,False
RA-879,2023,ALFA,ALFA B - G2/G3,Aluno-879,9,Feminino,2023,Pública,Agata,6.8225,0.0,9.8,2.52,6.875,8.2,8.2,8.2,,,,8.915,5.0,Fase 1 (3° e 4° ano),-1,0,1,Ágata,Pública,0.0,8.915,-1,-1,False,False,False
RA-880,2023,ALFA,ALFA B - G2/G3,Aluno-880,7,Feminino,2023,Pública,Agata,6.724,0.0,9.4,2.52,6.25,6.3,6.3,6.2,,,,8.585,10.0,ALFA (1° e 2° ano),0,0,0,Ágata,Pública,0.0,8.585,0,0,False,False,False
RA-881,2023,ALFA,ALFA B - G2/G3,Aluno-881,8,Masculino,2023,Pública,Ametista,7.7322,10.0,8.9,7.52,5.0,7.3,7.5,7.0,,,,6.25,10.0,ALFA (1° e 2° ano),0,0,0,Ametista,Pública,10.0,6.25,0,0,False,False,False
RA-882,2023,ALFA,ALFA C - G0/G1,Aluno-882,8,Feminino,2023,Pública,Agata,6.0092,9.0,8.6,2.52,3.75,4.7,4.8,4.5,,,,4.16,10.0,ALFA (1° e 2° ano),0,0,0,Ágata,Pública,9.0,4.16,0,0,False,False,False
RA-883,2023,ALFA,ALFA C - G0/G1,Aluno-883,8,Feminino,2023,Pública,Topázio,8.5082,9.5,9.7,6.89,6.25,8.4,8.0,8.7,,,,8.17,10.0,ALFA (1° e 2° ano),0,0,0,Topázio,Pública,9.5,8.17,0,0,False,False,False
RA-884,2023,ALFA,ALFA C - G0/G1,Aluno-884,7,Feminino,2023,Pública,Topázio,8.4587,9.0,9.7,4.39,6.875,8.8,8.4,9.2,,,,8.66,10.0,ALFA (1° e 2° ano),0,0,0,Topázio,Pública,9.0,8.66,0,0,False,False,False
RA-885,2023,ALFA,ALFA C - G0/G1,Aluno-885,7,Masculino,2023,Pública,Topázio,8.8252,9.0,9.8,7.52,7.5,8.7,8.5,8.8,,,,8.665,10.0,ALFA (1° e 2° ano),0,0,0,Topázio,Pública,9.0,8.665,0,0,False,False,False
RA-886,2023,ALFA,ALFA C - G0/G1,Aluno-886,7,Feminino,2023,Pública,Topázio,8.6422,8.5,9.4,7.52,7.5,8.1,7.6,8.5,,,,9.0,10.0,ALFA (1° e 2° ano),0,0,0,Topázio,Pública,8.5,9.0,0,0,False,False,False
RA-887,2023,ALFA,ALFA C - G0/G1,Aluno-887,8,Masculino,2023,Pública,Topázio,8.6718,8.9,8.9,7.52,7.5,8.4,7.8,9.0,,,,9.09,10.0,ALFA (1° e 2° ano),0,0,0,Topázio,Pública,8.9,9.09,0,0,False,False,False
RA-888,2023,ALFA,ALFA C - G0/G1,Aluno-888,7,Masculino,2023,Pública,Topázio,8.9182,9.0,10.0,7.52,7.5,8.8,8.2,9.3,,,,8.83,10.0,ALFA (1° e 2° ano),0,0,0,Topázio,Pública,9.0,8.83,0,0,False,False,False
RA-889,2023,ALFA,ALFA C - G0/G1,Aluno-889,8,Masculino,2023,Pública,Topázio,8.8092,8.5,9.5,6.89,7.5,9.1,8.7,9.5,,,,9.0,10.0,ALFA (1° e 2° ano),0,0,0,Topázio,Pública,8.5,9.0,0,0,False,False,False
RA-890,2023,ALFA,ALFA C - G0/G1,Aluno-890,8,Masculino,2023,Pública,Agata,6.989,0.0,9.1,2.52,6.25,8.3,8.0,8.6,,,,8.16,10.0,ALFA (1° e 2° ano),0,0,0,Ágata,Pública,0.0,8.16,0,0,False,False,False
RA-891,2023,ALFA,ALFA C - G0/G1,Aluno-891,9,Feminino,2023,Pública,Ametista,7.8882,9.5,9.5,6.89,7.5,7.5,6.2,8.8,,,,7.995,5.0,Fase 1 (3° e 4° ano),-1,0,1,Ametista,Pública,9.5,7.995,-1,-1,False,False,False
RA-684,2023,ALFA,ALFA D - G2/G3,Aluno-684,8,Masculino,2022,Privada,Ametista,7.4277,9.0,8.1,7.52,6.875,6.5,8.3,4.7,,,,5.84,10.0,ALFA (1° e 2° ano),0,0,0,Ametista,Privada,9.0,5.84,0,0,False,False,False
RA-892,2023,ALFA,ALFA D - G2/G3,Aluno-892,8,Masculino,2023,Pública,Topázio,8.8112,8.0,9.6,6.89,7.5,8.3,8.5,8.0,,,,10.0,10.0,ALFA (1° e 2° ano),0,0,0,Topázio,Pública,8.0,10.01,0,0,False,False,False
RA-857,2023,ALFA,ALFA D - G2/G3,Aluno-857,9,Feminino,2022,Pública,Topázio,8.1442,8.5,9.0,7.52,7.5,8.5,8.7,8.2,,,,9.01,5.0,Fase 1 (3° e 4° ano),-1,0,1,Topázio,Pública,8.5,9.01,-1,-1,False,False,False
RA-893,2023,ALFA,ALFA D - G2/G3,Aluno-893,9,Masculino,2023,Pública,Topázio,8.8042,9.5,10.0,7.52,7.5,9.3,9.5,9.0,,,,10.0,5.0,Fase 1 (3° e 4° ano),-1,0,1,Topázio,Pública,9.5,10.01,-1,-1,False,False,False
RA-894,2023,ALFA,ALFA D - G2/G3,Aluno-894,9,Feminino,2023,Pública,Topázio,8.8142,9.5,9.9,7.52,7.5,9.4,9.3,9.5,,,,10.0,5.0,Fase 1 (3° e 4° ano),-1,0,1,Topázio,Pública,9.5,10.01,-1,-1,False,False,False
RA-690,2023,ALFA,ALFA D - G2/G3,Aluno-690,10,Feminino,2022,Pública,Topázio,8.6112,9.0,9.8,6.89,7.5,9.1,9.3,8.8,,,,10.0,5.0,Fase 2 (5° e 6° ano),-2,0,2,Topázio,Pública,9.0,10.01,-2,-2,False,False,False
RA-895,2023,ALFA,ALFA D - G2/G3,Aluno-895,8,Feminino,2023,Pública,Topázio,8.5397,9.5,9.5,7.52,6.875,6.8,6.8,6.7,,,,9.5,10.0,ALFA (1° e 2° ano),0,0,0,Topázio,Pública,9.5,9.5,0,0,False,False,False
RA-896,2023,ALFA,ALFA D - G2/G3,Aluno-896,7,Masculino,2023,Pública,Topázio,9.0912,9.5,10.0,6.89,7.5,8.5,9.0,8.0,,,,10.0,10.0,ALFA (1° e 2° ano),0,0,0,Topázio,Pública,9.5,10.01,0,0,False,False,False
RA-693,2023,ALFA,ALFA D - G2/G3,Aluno-693,8,Feminino,2022,Pública,Topázio,9.0112,10.0,9.4,6.89,7.5,8.5,8.2,8.7,,,,10.0,10.0,ALFA (1° e 2° ano),0,0,0,Topázio,Pública,10.0,10.01,0,0,False,False,False
RA-675,2023,ALFA,ALFA D - G2/G3,Aluno-675,8,Masculino,2022,Pública,Topázio,8.3577,10.0,8.0,7.52,6.875,8.3,8.5,8.0,,,,8.34,10.0,ALFA (1° e 2° ano),0,0,0,Topázio,Pública,10.0,8.34,0,0,False,False,False
RA-850,2023,ALFA,ALFA D - G2/G3,Aluno-850,9,Masculino,2022,Pública,Agata,6.06525,0.0,7.9,6.26,6.5625,7.3,6.8,7.7,,,,6.265,5.0,Fase 1 (3° e 4° ano),-1,0,1,Ágata,Pública,0.0,6.265,-1,-1,False,False,False
RA-897,2023,ALFA,ALFA D - G2/G3,Aluno-897,9,Masculino,2023,Pública,Quartzo,5.48225,0.0,8.1,7.52,6.5625,6.5,7.2,5.7,,,,3.32,5.0,Fase 1 (3° e 4° ano),-1,0,1,Quartzo,Pública,0.0,3.32,-1,-1,False,False,False
RA-842,2023,ALFA,ALFA E - G2/G3,Aluno-842,9,Feminino,2022,Pública,Ametista,7.2117,9.0,8.5,3.77,5.625,7.9,8.2,7.5,,,,8.01,5.0,Fase 1 (3° e 4° ano),-1,0,1,Ametista,Pública,9.0,8.01,-1,-1,False,False,False
RA-898,2023,ALFA,ALFA E - G2/G3,Aluno-898,9,Masculino,2023,Pública,Topázio,8.4217,9.0,9.8,3.77,8.125,9.4,9.7,9.0,,,,10.0,5.0,Fase 1 (3° e 4° ano),-1,0,1,Topázio,Pública,9.0,10.01,-1,-1,False,False,False
RA-899,2023,ALFA,ALFA E - G2/G3,Aluno-899,8,Masculino,2023,Pública,Topázio,8.8452,10.0,9.8,3.77,7.5,9.5,9.3,9.6,,,,9.34,10.0,ALFA (1° e 2° ano),0,0,0,Topázio,Pública,10.0,9.34,0,0,False,False,False
RA-900,2023,ALFA,ALFA E - G2/G3,Aluno-900,8,Feminino,2023,Pública,Topázio,8.8947,9.0,9.8,9.38,8.125,7.8,8.0,7.5,,,,8.67,10.0,ALFA (1° e 2° ano),0,0,0,Topázio,Pública,9.0,8.67,0,0,False,False,False
RA-846,2023,ALFA,ALFA E - G2/G3,Aluno-846,8,Feminino,2022,Pública,Ametista,7.4637,9.5,8.2,3.77,5.625,6.0,6.3,5.7,,,,8.67,10.0,ALFA (1° e 2° ano),0,0,0,Ametista,Pública,9.5,8.67,0,0,False,False,False
RA-901,2023,ALFA,ALFA E - G2/G3,Aluno-901,10,Masculino,2023,Pública,Ametista,7.3112,8.5,8.7,3.77,6.25,7.5,7.7,7.3,,,,8.595,5.0,Fase 2 (5° e 6° ano),-2,0,2,Ametista,Pública,8.5,8.595,-2,-2,False,False,False
RA-743,2023,ALFA,ALFA E - G2/G3,Aluno-743,10,Feminino,2022,Pública,Agata,6.659,0.0,9.1,3.77,7.5,7.1,7.3,6.8,,,,9.01,5.0,Fase 2 (5° e 6° ano),-2,0,2,Ágata,Pública,0.0,9.01,-2,-2,False,False,False
RA-681,2023,ALFA,ALFA E - G2/G3,Aluno-681,10,Masculino,2022,Pública,Agata,6.2955,0.0,7.8,3.77,5.625,8.3,8.8,7.8,,,,8.18,5.0,Fase 2 (5° e 6° ano),-2,0,2,Ágata,Pública,0.0,8.18,-2,-2,False,False,False
RA-902,2023,ALFA,ALFA E - G2/G3,Aluno-902,12,Masculino,2023,Pública,Quartzo,5.97345,10.0,9.3,2.52,5.3125,3.9,4.5,3.3,,,,6.5,2.5,Fase 3 (7° e 8° ano),-3,0,3,Quartzo,Pública,10.0,6.5,-3,-3,False,False,False
RA-903,2023,ALFA,ALFA E - G2/G3,Aluno-903,8,Feminino,2023,Pública,Topázio,8.5242,10.0,9.6,5.02,7.5,7.8,7.7,7.8,,,,9.01,10.0,ALFA (1° e 2° ano),0,0,0,Topázio,Pública,10.0,9.01,0,0,False,False,False
RA-851,2023,ALFA,ALFA E - G2/G3,Aluno-851,9,Masculino,2022,Pública,Agata,6.1683,8.4,7.5,2.52,5.625,6.6,6.8,6.3,,,,6.01,5.0,Fase 1 (3° e 4° ano),-1,0,1,Ágata,Pública,8.4,6.01,-1,-1,False,False,False
RA-847,2023,ALFA,ALFA E - G2/G3,Aluno-847,10,Masculino,2022,Pública,Agata,6.5418,7.9,9.1,2.52,5.0,7.6,7.5,7.6,,,,5.84,5.0,Fase 2 (5° e 6° ano),-2,0,2,Ágata,Pública,7.9,5.84,-2,-2,False,False,False
RA-904,2023,ALFA,ALFA F - G0/G1,Aluno-904,7,Feminino,2023,Pública,Topázio,8.140783333,9.0,9.3,7.52,7.8125,6.4,6.0,6.8,,,,7.836666667,10.0,ALFA (1° e 2° ano),0,0,0,Topázio,Pública,9.0,7.836666667,0,0,False,False,False
RA-858,2023,ALFA,ALFA F - G0/G1,Aluno-858,8,Masculino,2022,Pública,Ametista,7.248833333,0.0,8.1,3.77,8.125,9.3,9.3,9.2,,,,7.946666667,10.0,ALFA (1° e 2° ano),0,0,0,Ametista,Pública,0.0,7.946666667,0,0,False,False,False
RA-905,2023,ALFA,ALFA F - G0/G1,Aluno-905,9,Masculino,2023,Pública,Ametista,7.831033333,9.5,9.4,7.52,6.875,8.3,7.5,9.0,,,,7.056666667,5.0,Fase 1 (3° e 4° ano),-1,0,1,Ametista,Pública,9.5,7.056666667,-1,-1,False,False,False
RA-702,2023,ALFA,ALFA F - G0/G1,Aluno-702,9,Feminino,2022,Pública,Topázio,8.239866667,10.0,10.0,5.63,7.5,9.3,9.3,9.3,,,,7.833333333,5.0,Fase 1 (3° e 4° ano),-1,0,1,Topázio,Pública,10.0,7.833333333,-1,-1,False,False,False
RA-725,2023,ALFA,ALFA F - G0/G1,Aluno-725,9,Masculino,2022,Pública,Topázio,8.117366667,9.5,9.0,7.52,8.125,8.4,8.1,8.7,,,,8.113333333,5.0,Fase 1 (3° e 4° ano),-1,0,1,Topázio,Pública,9.5,8.113333333,-1,-1,False,False,False
RA-906,2023,ALFA,ALFA F - G0/G1,Aluno-906,8,Masculino,2023,Pública,Topázio,8.1922,7.5,9.2,7.52,7.5,8.6,7.7,9.4,,,,6.95,10.0,ALFA (1° e 2° ano),0,0,0,Topázio,Pública,7.5,6.95,0,0,False,False,False
RA-907,2023,ALFA,ALFA F - G0/G1,Aluno-907,8,Feminino,2023,Privada,Topázio,8.962033333,9.5,9.6,7.52,8.125,9.3,9.2,9.4,,,,8.336666667,10.0,ALFA (1° e 2° ano),0,0,0,Topázio,Privada,9.5,8.336666667,0,0,False,False,False
RA-908,2023,ALFA,ALFA F - G0/G1,Aluno-908,8,Feminino,2023,Pública,Topázio,8.479366667,9.0,9.0,7.52,8.125,7.9,6.7,9.0,,,,8.223333333,10.0,ALFA (1° e 2° ano),0,0,0,Topázio,Pública,9.0,8.223333333,0,0,False,False,False
RA-909,2023,ALFA,ALFA F - G0/G1,Aluno-909,10,Feminino,2023,Pública,Topázio,8.486033333,10.0,9.9,7.52,8.125,9.2,9.1,9.2,,,,8.056666667,5.0,Fase 2 (5° e 6° ano),-2,0,2,Topázio,Pública,10.0,8.056666667,-2,-2,False,False,False
RA-708,2023,ALFA,ALFA F - G0/G1,Aluno-708,9,Masculino,2022,Pública,Ametista,7.5105,0.0,9.8,7.52,8.125,9.2,8.8,9.5,,,,8.28,5.0,Fase 1 (3° e 4° ano),-1,0,1,Ametista,Pública,0.0,8.28,-1,-1,False,False,False
RA-910,2023,ALFA,ALFA F - G0/G1,Aluno-910,8,Masculino,2023,Pública,Ametista,7.801,0.0,8.8,7.52,8.75,8.9,8.8,9.0,,,,8.17,10.0,ALFA (1° e 2° ano),0,0,0,Ametista,Pública,0.0,8.17,0,0,False,False,False
RA-671,2023,ALFA,ALFA G - G2/G3,Aluno-671,10,Masculino,2021,Pública,Agata,6.5143,7.9,8.3,3.14,5.625,7.8,8.0,7.5,,,,5.68,5.0,Fase 2 (5° e 6° ano),-2,0,2,Ágata,Pública,7.9,5.68,-2,-2,False,False,False
RA-836,2023,ALFA,ALFA G - G2/G3,Aluno-836,10,Masculino,2022,Pública,Ametista,7.6417,9.5,9.6,6.27,6.875,6.7,6.7,6.7,,,,8.085,5.0,Fase 2 (5° e 6° ano),-2,0,2,Ametista,Pública,9.5,8.085,-2,-2,False,False,False
RA-911,2023,ALFA,ALFA G - G2/G3,Aluno-911,11,Masculino,2023,Pública,Quartzo,5.59545,9.0,6.7,2.52,5.3125,3.4,3.7,3.0,,,,7.01,5.0,Fase 2 (5° e 6° ano),-2,0,2,Quartzo,Pública,9.0,7.01,-2,-2,False,False,False
RA-860,2023,ALFA,ALFA G - G2/G3,Aluno-860,8,Masculino,2022,Pública,Topázio,8.2372,7.0,9.8,6.89,7.5,7.4,7.2,7.5,,,,8.34,10.0,ALFA (1° e 2° ano),0,0,0,Topázio,Pública,7.0,8.34,0,0,False,False,False
RA-727,2023,ALFA,ALFA G - G2/G3,Aluno-727,9,Masculino,2022,Pública,Ametista,7.6802,9.5,8.8,2.52,7.5,8.0,8.3,7.7,,,,9.34,5.0,Fase 1 (3° e 4° ano),-1,0,1,Ametista,Pública,9.5,9.34,-1,-1,False,False,False
RA-739,2023,ALFA,ALFA G - G2/G3,Aluno-739,9,Masculino,2022,Pública,Ametista,7.5972,9.0,8.3,7.52,6.25,7.6,7.3,7.8,,,,8.25,5.0,Fase 1 (3° e 4° ano),-1,0,1,Ametista,Pública,9.0,8.25,-1,-1,False,False,False
RA-740,2023,ALFA,ALFA G - G2/G3,Aluno-740,10,Feminino,2022,Privada,Ametista,7.2845,0.0,8.7,7.52,6.875,9.1,9.0,9.2,,,,8.925,5.0,Fase 2 (5° e 6° ano),-2,0,2,Ametista,Privada,0.0,8.925,-2,-2,False,False,False
RA-912,2023,ALFA,ALFA G - G2/G3,Aluno-912,9,Feminino,2023,Pública,Ametista,7.0797,7.0,9.4,7.52,5.625,6.3,6.2,6.3,,,,7.175,5.0,Fase 1 (3° e 4° ano),-1,0,1,Ametista,Pública,7.0,7.175,-1,-1,False,False,False
RA-706,2023,ALFA,ALFA G - G2/G3,Aluno-706,10,Feminino,2021,Pública,Ametista,7.1527,9.0,7.8,4.39,6.875,7.3,6.7,7.8,,,,8.08,5.0,Fase 2 (5° e 6° ano),-2,0,2,Ametista,Pública,9.0,8.08,-2,-2,False,False,False
RA-840,2023,ALFA,ALFA G - G2/G3,Aluno-840,9,Masculino,2022,Pública,Ametista,7.7862,9.5,9.0,4.38,7.5,8.2,8.3,8.0,,,,8.59,5.0,Fase 1 (3° e 4° ano),-1,0,1,Ametista,Pública,9.5,8.59,-1,-1,False,False,False
RA-841,2023,ALFA,ALFA G - G2/G3,Aluno-841,11,Masculino,2022,Pública,Agata,6.78,0.0,7.2,7.52,7.5,6.9,6.7,7.0,,,,9.84,5.0,Fase 2 (5° e 6° ano),-2,0,2,Ágata,Pública,0.0,9.84,-2,-2,False,False,False
RA-709,2023,ALFA,ALFA G - G2/G3,Aluno-709,11,Feminino,2022,Pública,Agata,6.6927,10.0,7.9,7.52,5.625,4.9,5.5,4.3,,,,6.59,5.0,Fase 2 (5° e 6° ano),-2,0,2,Ágata,Pública,10.0,6.59,-2,-2,False,False,False
RA-913,2023,ALFA,ALFA H - G0/G1,Aluno-913,10,Feminino,2023,Pública,Ametista,7.7432,8.0,8.5,6.89,6.25,7.9,9.5,6.3,,,,9.245,5.0,Fase 2 (5° e 6° ano),-2,0,2,Ametista,Pública,8.0,9.245,-2,-2,False,False,False
RA-726,2023,ALFA,ALFA H - G0/G1,Aluno-726,8,Feminino,2022,Pública,Ametista,7.3687,10.0,6.1,7.52,5.625,6.0,6.2,5.8,,,,8.17,10.0,ALFA (1° e 2° ano),0,0,0,Ametista,Pública,10.0,8.17,0,0,False,False,False
RA-914,2023,ALFA,ALFA H - G0/G1,Aluno-914,8,Feminino,2023,Pública,Topázio,8.6912,10.0,9.2,7.52,6.25,8.7,9.0,8.4,,,,8.67,10.0,ALFA (1° e 2° ano),0,0,0,Topázio,Pública,10.0,8.67,0,0,False,False,False
RA-915,2023,ALFA,ALFA H - G0/G1,Aluno-915,8,Feminino,2023,Pública,Topázio,8.5962,10.0,8.4,7.52,7.5,8.4,8.1,8.7,,,,8.67,10.0,ALFA (1° e 2° ano),0,0,0,Topázio,Pública,10.0,8.67,0,0,False,False,False
RA-916,2023,ALFA,ALFA H - G0/G1,Aluno-916,9,Feminino,2023,Pública,Ametista,7.3882,9.5,9.7,2.52,6.25,6.6,7.7,5.5,,,,9.005,5.0,Fase 1 (3° e 4° ano),-1,0,1,Ametista,Pública,9.5,9.005,-1,-1,False,False,False
RA-917,2023,ALFA,ALFA H - G0/G1,Aluno-917,7,Feminino,2023,Pública,Quartzo,5.987,0.0,7.2,2.52,6.25,7.0,5.3,8.7,,,,6.35,10.0,ALFA (1° e 2° ano),0,0,0,Quartzo,Pública,0.0,6.35,0,0,False,False,False
RA-918,2023,ALFA,ALFA H - G0/G1,Aluno-918,7,Feminino,2023,Pública,Ametista,7.4967,10.0,8.7,2.52,5.625,7.7,7.1,8.3,,,,7.01,10.0,ALFA (1° e 2° ano),0,0,0,Ametista,Pública,10.0,7.01,0,0,False,False,False
RA-919,2023,ALFA,ALFA H - G0/G1,Aluno-919,9,Masculino,2023,Pública,Agata,6.225,0.0,8.4,7.52,6.25,5.3,5.5,5.0,,,,8.09,5.0,Fase 1 (3° e 4° ano),-1,0,1,Ágata,Pública,0.0,8.09,-1,-1,False,False,False
RA-920,2023,ALFA,ALFA H - G0/G1,Aluno-920,8,Feminino,2023,Pública,Agata,6.9647,9.0,6.3,7.52,5.625,6.1,6.0,6.2,,,,6.35,10.0,ALFA (1° e 2° ano),0,0,0,Ágata,Pública,9.0,6.35,0,0,False,False,False
RA-921,2023,ALFA,ALFA I - G2/G3,Aluno-921,7,Feminino,2023,Pública,Ametista,7.7407,9.0,9.7,7.52,5.625,6.3,6.5,6.0,,,,6.68,10.0,ALFA (1° e 2° ano),0,0,0,Ametista,Pública,9.0,6.68,0,0,False,False,False
RA-922,2023,ALFA,ALFA I - G2/G3,Aluno-922,8,Feminino,2023,Pública,Topázio,8.5262,8.5,9.7,3.14,7.5,8.4,8.5,8.2,,,,10.0,10.0,ALFA (1° e 2° ano),0,0,0,Topázio,Pública,8.5,10.01,0,0,False,False,False
RA-715,2023,ALFA,ALFA I - G2/G3,Aluno-715,10,Feminino,2022,Pública,Quartzo,5.8915,0.0,9.5,3.14,5.625,5.4,4.5,6.3,,,,7.675,5.0,Fase 2 (5° e 6° ano),-2,0,2,Quartzo,Pública,0.0,7.675,-2,-2,False,False,False
RA-822,2023,ALFA,ALFA I - G2/G3,Aluno-822,11,Masculino,2022,Pública,Agata,6.4497,8.5,8.4,2.52,5.625,7.1,8.0,6.2,,,,5.925,5.0,Fase 2 (5° e 6° ano),-2,0,2,Ágata,Pública,8.5,5.925,-2,-2,False,False,False
RA-923,2023,ALFA,ALFA I - G2/G3,Aluno-923,8,Feminino,2023,Pública,Topázio,8.8842,9.5,9.9,7.52,7.5,7.3,7.5,7.0,,,,10.0,10.0,ALFA (1° e 2° ano),0,0,0,Topázio,Pública,9.5,10.01,0,0,False,False,False
RA-742,2023,ALFA,ALFA I - G2/G3,Aluno-742,10,Feminino,2022,Pública,Ametista,7.024,0.0,7.6,7.52,7.5,7.5,6.2,8.8,,,,10.0,5.0,Fase 2 (5° e 6° ano),-2,0,2,Ametista,Pública,0.0,10.01,-2,-2,False,False,False
RA-924,2023,ALFA,ALFA I - G2/G3,Aluno-924,8,Masculino,2023,Pública,Agata,6.5207,9.0,5.6,7.52,5.625,5.0,5.0,5.0,,,,5.93,10.0,ALFA (1° e 2° ano),0,0,0,Ágata,Pública,9.0,5.93,0,0,False,False,False
RA-925,2023,ALFA,ALFA I - G2/G3,Aluno-925,7,Masculino,2023,Pública,Ametista,7.1837,9.0,8.9,7.52,5.625,5.4,5.2,5.5,,,,5.595,10.0,ALFA (1° e 2° ano),0,0,0,Ametista,Pública,9.0,5.595,0,0,False,False,False
RA-853,2023,ALFA,ALFA J - G2/G3,Aluno-853,9,Feminino,2022,Pública,Ametista,7.8402,10.0,9.5,3.77,6.25,7.4,7.2,7.5,,,,9.84,5.0,Fase 1 (3° e 4° ano),-1,0,1,Ametista,Pública,10.0,9.84,-1,-1,False,False,False
RA-854,2023,ALFA,ALFA J - G2/G3,Aluno-854,8,Feminino,2022,Pública,Agata,6.6415,0.0,9.5,3.77,5.625,6.0,7.5,4.5,,,,8.01,10.0,ALFA (1° e 2° ano),0,0,0,Ágata,Pública,0.0,8.01,0,0,False,False,False
RA-700,2023,ALFA,ALFA J - G2/G3,Aluno-700,9,Feminino,2022,Pública,Topázio,8.2852,9.5,9.7,7.52,6.25,7.8,7.5,8.0,,,,9.84,5.0,Fase 1 (3° e 4° ano),-1,0,1,Topázio,Pública,9.5,9.84,-1,-1,False,False,False
RA-701,2023,ALFA,ALFA J - G2/G3,Aluno-701,11,Masculino,2021,Pública,Ametista,7.3982,9.5,9.9,3.77,6.25,7.2,7.3,7.0,,,,7.68,5.0,Fase 2 (5° e 6° ano),-2,0,2,Ametista,Pública,9.5,7.68,-2,-2,False,False,False
RA-856,2023,ALFA,ALFA J - G2/G3,Aluno-856,8,Masculino,2022,Pública,Ametista,7.3355,0.0,9.6,7.52,5.625,7.3,7.5,7.0,,,,8.255,10.0,ALFA (1° e 2° ano),0,0,0,Ametista,Pública,0.0,8.255,0,0,False,False,False
RA-672,2023,ALFA,ALFA J - G2/G3,Aluno-672,10,Feminino,2021,Pública,Agata,6.5623,7.9,9.5,2.52,5.625,6.4,6.0,6.7,,,,6.43,5.0,Fase 2 (5° e 6° ano),-2,0,2,Ágata,Pública,7.9,6.43,-2,-2,False,False,False
RA-859,2023,ALFA,ALFA J - G2/G3,Aluno-859,8,Feminino,2022,Pública,Topázio,8.6042,8.0,9.2,7.52,7.5,7.3,6.8,7.8,,,,10.0,10.0,ALFA (1° e 2° ano),0,0,0,Topázio,Pública,8.0,10.01,0,0,False,False,False
RA-704,2023,ALFA,ALFA J - G2/G3,Aluno-704,11,Masculino,2022,Pública,Agata,6.8297,10.0,9.9,3.14,5.625,6.1,6.5,5.7,,,,6.265,5.0,Fase 2 (5° e 6° ano),-2,0,2,Ágata,Pública,10.0,6.265,-2,-2,False,False,False
RA-741,2023,ALFA,ALFA J - G2/G3,Aluno-741,11,Feminino,2022,Pública,Agata,6.2707,9.5,6.9,4.39,5.625,5.1,4.2,6.0,,,,7.095,5.0,Fase 2 (5° e 6° ano),-2,0,2,Ágata,Pública,9.5,7.095,-2,-2,False,False,False
RA-719,2023,ALFA,ALFA J - G2/G3,Aluno-719,11,Masculino,2021,Pública,Agata,6.4137,9.5,5.3,7.52,5.625,5.9,7.0,4.7,,,,7.095,5.0,Fase 2 (5° e 6° ano),-2,0,2,Ágata,Pública,9.5,7.095,-2,-2,True,False,False
RA-926,2023,ALFA,ALFA J - G2/G3,Aluno-926,9,Feminino,2023,Pública,Ametista,7.7792,9.0,10.0,3.77,7.5,6.8,6.5,7.0,,,,9.51,5.0,Fase 1 (3° e 4° ano),-1,0,1,Ametista,Pública,9.0,9.51,-1,-1,False,False,False
RA-927,2023,ALFA,ALFA J - G2/G3,Aluno-927,9,Feminino,2023,Pública,Ametista,7.5982,9.0,9.7,3.77,7.5,6.4,7.0,5.8,,,,9.255,5.0,Fase 1 (3° e 4° ano),-1,0,1,Ametista,Pública,9.0,9.255,-1,-1,False,False,False
RA-928,2023,ALFA,ALFA K - G0/G1,Aluno-928,8,Feminino,2023,Pública,Topázio,9.3712,8.5,10.0,7.52,8.75,9.8,9.8,9.8,,,,9.67,10.0,ALFA (1° e 2° ano),0,0,0,Topázio,Pública,8.5,9.67,0,0,False,False,False
RA-929,2023,ALFA,ALFA K - G0/G1,Aluno-929,8,Feminino,2023,Pública,Topázio,9.1312,8.5,9.8,7.52,8.75,8.8,8.7,8.9,,,,9.67,10.0,ALFA (1° e 2° ano),0,0,0,Topázio,Pública,8.5,9.67,0,0,False,False,False
RA-930,2023,ALFA,ALFA K - G0/G1,Aluno-930,8,Masculino,2023,Pública,Topázio,8.8872,9.0,8.8,7.52,8.75,9.0,8.7,9.3,,,,9.0,10.0,ALFA (1° e 2° ano),0,0,0,Topázio,Pública,9.0,9.0,0,0,False,False,False
RA-931,2023,ALFA,ALFA K - G0/G1,Aluno-931,8,Masculino,2023,Pública,Ametista,7.3747,8.5,8.2,2.52,5.625,7.8,7.0,8.5,,,,7.6,10.0,ALFA (1° e 2° ano),0,0,0,Ametista,Pública,8.5,7.6,0,0,False,False,False
RA-932,2023,ALFA,ALFA K - G0/G1,Aluno-932,7,Feminino,2023,Pública,Topázio,8.3847,9.5,7.9,7.52,8.125,7.5,6.5,8.4,,,,9.0,10.0,ALFA (1° e 2° ano),0,0,0,Topázio,Pública,9.5,9.0,0,0,False,False,False
RA-933,2023,ALFA,ALFA K - G0/G1,Aluno-933,8,Feminino,2023,Pública,Topázio,8.6712,9.0,8.4,7.52,8.75,7.7,8.0,7.3,,,,9.67,10.0,ALFA (1° e 2° ano),0,0,0,Topázio,Pública,9.0,9.67,0,0,False,False,False
RA-934,2023,ALFA,ALFA K - G0/G1,Aluno-934,8,Feminino,2023,Pública,Topázio,9.1737,9.0,9.6,7.52,9.375,8.7,8.3,9.0,,,,9.67,10.0,ALFA (1° e 2° ano),0,0,0,Topázio,Pública,9.0,9.67,0,0,False,False,False
RA-935,2023,ALFA,ALFA K - G0/G1,Aluno-935,9,Masculino,2023,Pública,Ametista,7.9535,0.0,9.8,7.52,9.375,9.4,9.2,9.5,,,,9.67,5.0,Fase 1 (3° e 4° ano),-1,0,1,Ametista,Pública,0.0,9.67,-1,-1,False,False,False
RA-936,2023,ALFA,ALFA K - G0/G1,Aluno-936,8,Feminino,2023,Pública,Topázio,8.5477,9.0,10.0,7.52,8.125,6.5,5.0,8.0,,,,8.915,10.0,ALFA (1° e 2° ano),0,0,0,Topázio,Pública,9.0,8.915,0,0,False,False,False
RA-937,2023,ALFA,ALFA K - G0/G1,Aluno-937,8,Feminino,2023,Pública,Topázio,9.3237,9.5,9.6,7.52,9.375,9.2,9.0,9.3,,,,9.67,10.0,ALFA (1° e 2° ano),0,0,0,Topázio,Pública,9.5,9.67,0,0,False,False,False
RA-756,2023,ALFA,ALFA K - G0/G1,Aluno-756,10,Masculino,2022,Pública,Ametista,7.0927,10.0,8.7,7.52,5.625,6.1,5.4,6.8,,,,6.59,5.0,Fase 2 (5° e 6° ano),-2,0,2,Ametista,Pública,10.0,6.59,-2,-2,False,False,False
RA-938,2023,ALFA,ALFA K - G0/G1,Aluno-938,9,Masculino,2023,Pública,Agata,6.7372,8.5,8.4,7.52,6.25,4.2,0.0,8.3,,,,7.5,5.0,Fase 1 (3° e 4° ano),-1,0,1,Ágata,Pública,8.5,7.5,-1,-1,False,False,False
RA-939,2023,ALFA,ALFA L - G2/G3,Aluno-939,11,Feminino,2023,Pública,Ametista,7.9742,9.0,10.0,7.52,7.5,5.4,5.0,5.7,,,,10.0,5.0,Fase 2 (5° e 6° ano),-2,0,2,Ametista,Pública,9.0,10.01,-2,-2,False,False,False
RA-789,2023,ALFA,ALFA L - G2/G3,Aluno-789,8,Feminino,2022,Pública,Ametista,7.974,0.0,9.5,7.52,7.5,7.9,8.5,7.2,,,,10.0,10.0,ALFA (1° e 2° ano),0,0,0,Ametista,Pública,0.0,10.01,0,0,False,False,False
RA-792,2023,ALFA,ALFA L - G2/G3,Aluno-792,10,Feminino,2022,Pública,Ametista,7.6267,9.0,7.7,7.52,6.875,7.2,6.8,7.5,,,,9.085,5.0,Fase 2 (5° e 6° ano),-2,0,2,Ametista,Pública,9.0,9.085,-2,-2,False,False,False
RA-940,2023,ALFA,ALFA L - G2/G3,Aluno-940,11,Masculino,2023,Pública,Agata,6.6112,9.0,8.4,2.52,6.25,6.3,6.8,5.7,,,,7.02,5.0,Fase 2 (5° e 6° ano),-2,0,2,Ágata,Pública,9.0,7.02,-2,-2,False,False,False
RA-941,2023,ALFA,ALFA L - G2/G3,Aluno-941,8,Feminino,2023,Pública,Ametista,7.6872,8.0,10.0,7.52,5.0,5.0,5.0,5.0,,,,8.175,10.0,ALFA (1° e 2° ano),0,0,0,Ametista,Pública,8.0,8.175,0,0,False,False,False
RA-942,2023,ALFA,ALFA L - G2/G3,Aluno-942,10,Feminino,2023,Pública,Agata,6.8547,9.5,8.9,2.52,5.625,7.1,7.3,6.8,,,,7.0,5.0,Fase 2 (5° e 6° ano),-2,0,2,Ágata,Pública,9.5,7.0,-2,-2,False,False,False
RA-943,2023,ALFA,ALFA L - G2/G3,Aluno-943,8,Feminino,2023,Pública,Topázio,8.9172,9.5,9.4,7.52,7.5,8.0,8.0,8.0,,,,9.925,10.0,ALFA (1° e 2° ano),0,0,0,Topázio,Pública,9.5,9.925,0,0,False,False,False
RA-782,2023,ALFA,ALFA L - G2/G3,Aluno-782,9,Masculino,2022,Pública,Ametista,7.6812,8.5,9.8,2.52,7.5,7.5,8.3,6.7,,,,9.345,5.0,Fase 1 (3° e 4° ano),-1,0,1,Ametista,Pública,8.5,9.345,-1,-1,False,False,False
RA-768,2023,ALFA,ALFA L - G2/G3,Aluno-768,11,Feminino,2021,Pública,Topázio,8.4042,10.0,9.1,7.52,7.5,7.9,8.0,7.8,,,,10.0,5.0,Fase 2 (5° e 6° ano),-2,0,2,Topázio,Pública,10.0,10.01,-2,-2,False,False,False
RA-794,2023,ALFA,ALFA L - G2/G3,Aluno-794,9,Feminino,2022,Pública,Ametista,7.9842,9.0,9.2,7.52,7.5,6.2,5.2,7.2,,,,10.0,5.0,Fase 1 (3° e 4° ano),-1,0,1,Ametista,Pública,9.0,10.01,-1,-1,False,False,False
RA-795,2023,ALFA,ALFA L - G2/G3,Aluno-795,9,Feminino,2022,Pública,Topázio,8.4642,9.0,9.6,7.52,7.5,8.2,8.7,7.7,,,,10.0,5.0,Fase 1 (3° e 4° ano),-1,0,1,Topázio,Pública,9.0,10.01,-1,-1,False,False,False
RA-944,2023,ALFA,ALFA M - G0/G1,Aluno-944,9,Feminino,2023,Pública,Ametista,7.0687,9.0,7.6,7.52,5.625,7.5,9.2,5.8,,,,6.67,5.0,Fase 1 (3° e 4° ano),-1,0,1,Ametista,Pública,9.0,6.67,-1,-1,False,False,False
RA-945,2023,ALFA,ALFA M - G0/G1,Aluno-945,8,Masculino,2023,Pública,Topázio,8.0777,8.5,9.2,7.52,6.875,7.9,8.0,7.8,,,,6.84,10.0,ALFA (1° e 2° ano),0,0,0,Topázio,Pública,8.5,6.84,0,0,False,False,False
RA-946,2023,ALFA,ALFA M - G0/G1,Aluno-946,7,Masculino,2023,Pública,Topázio,8.5822,9.5,9.4,7.52,7.5,9.3,9.0,9.5,,,,7.0,10.0,ALFA (1° e 2° ano),0,0,0,Topázio,Pública,9.5,7.0,0,0,False,False,False
RA-754,2023,ALFA,ALFA M - G0/G1,Aluno-754,10,Masculino,2022,Pública,Agata,6.0537,9.5,6.1,2.52,6.875,5.6,5.7,5.4,,,,6.67,5.0,Fase 2 (5° e 6° ano),-2,0,2,Ágata,Pública,9.5,6.67,-2,-2,False,False,False
RA-947,2023,ALFA,ALFA M - G0/G1,Aluno-947,8,Masculino,2023,Pública,Agata,6.3457,9.0,7.9,7.52,4.375,3.3,1.7,4.9,,,,5.08,10.0,ALFA (1° e 2° ano),0,0,0,Ágata,Pública,9.0,5.08,0,0,False,False,False
RA-948,2023,ALFA,ALFA M - G0/G1,Aluno-948,8,Feminino,2023,Pública,Agata,6.5277,9.0,7.6,7.52,6.875,0.0,0.0,0.0,,,,8.34,10.0,ALFA (1° e 2° ano),0,0,0,Ágata,Pública,9.0,8.34,0,0,False,False,False
RA-949,2023,ALFA,ALFA M - G0/G1,Aluno-949,8,Feminino,2023,Pública,Topázio,8.0172,9.5,8.1,7.52,6.25,8.9,9.1,8.6,,,,6.5,10.0,ALFA (1° e 2° ano),0,0,0,Topázio,Pública,9.5,6.5,0,0,False,False,False
RA-950,2023,ALFA,ALFA M - G0/G1,Aluno-950,8,Feminino,2023,Pública,Topázio,8.8862,9.0,10.0,7.52,7.5,9.3,9.5,9.0,,,,8.17,10.0,ALFA (1° e 2° ano),0,0,0,Topázio,Pública,9.0,8.17,0,0,False,False,False
RA-773,2023,ALFA,ALFA M - G0/G1,Aluno-773,9,Feminino,2022,Pública,Agata,6.9287,10.0,7.5,2.52,5.625,7.9,8.0,7.8,,,,7.67,5.0,Fase 1 (3° e 4° ano),-1,0,1,Ágata,Pública,10.0,7.67,-1,-1,False,False,False
RA-951,2023,ALFA,ALFA M - G0/G1,Aluno-951,7,Feminino,2023,Pública,Topázio,8.8902,9.5,9.7,7.52,7.5,8.4,8.5,8.3,,,,9.09,10.0,ALFA (1° e 2° ano),0,0,0,Topázio,Pública,9.5,9.09,0,0,False,False,False
RA-769,2023,ALFA,ALFA N - G2/G3,Aluno-769,10,Feminino,2022,Pública,Ametista,7.85345,10.0,9.3,3.77,7.8125,8.0,8.2,7.8,,,,8.675,5.0,Fase 2 (5° e 6° ano),-2,0,2,Ametista,Pública,10.0,8.675,-2,-2,False,False,False
RA-952,2023,ALFA,ALFA N - G2/G3,Aluno-952,8,Masculino,2023,Pública,Topázio,8.37095,9.5,9.2,3.77,7.1875,9.0,8.8,9.2,,,,8.425,10.0,ALFA (1° e 2° ano),0,0,0,Topázio,Pública,9.5,8.425,0,0,False,False,False
RA-826,2023,ALFA,ALFA N - G2/G3,Aluno-826,9,Masculino,2022,Pública,Ametista,7.77645,10.0,10.0,3.77,7.8125,7.3,7.0,7.5,,,,8.34,5.0,Fase 1 (3° e 4° ano),-1,0,1,Ametista,Pública,10.0,8.34,-1,-1,False,False,False
RA-953,2023,ALFA,ALFA N - G2/G3,Aluno-953,8,Feminino,2023,Pública,Ametista,7.54005,7.4,8.8,3.14,6.5625,8.3,8.5,8.0,,,,7.09,10.0,ALFA (1° e 2° ano),0,0,0,Ametista,Pública,7.4,7.09,0,0,False,False,False
RA-954,2023,ALFA,ALFA N - G2/G3,Aluno-954,8,Feminino,2023,Pública,Agata,6.82375,0.0,8.3,3.14,7.1875,7.7,7.8,7.5,,,,8.005,10.0,ALFA (1° e 2° ano),0,0,0,Ágata,Pública,0.0,8.005,0,0,False,False,False
RA-780,2023,ALFA,ALFA N - G2/G3,Aluno-780,10,Feminino,2022,Pública,Ametista,7.7842,9.5,8.8,3.14,8.75,8.3,8.0,8.5,,,,8.675,5.0,Fase 2 (5° e 6° ano),-2,0,2,Ametista,Pública,9.5,8.675,-2,-2,False,False,False
RA-955,2023,ALFA,ALFA N - G2/G3,Aluno-955,10,Feminino,2023,Pública,Ametista,7.1297,9.0,8.8,3.14,6.875,7.8,8.0,7.5,,,,7.09,5.0,Fase 2 (5° e 6° ano),-2,0,2,Ametista,Pública,9.0,7.09,-2,-2,False,False,False
RA-831,2023,ALFA,ALFA N - G2/G3,Aluno-831,9,Masculino,2022,Pública,Ametista,7.71645,8.0,9.4,3.77,7.8125,8.3,8.8,7.8,,,,8.59,5.0,Fase 1 (3° e 4° ano),-1,0,1,Ametista,Pública,8.0,8.59,-1,-1,False,False,False
RA-783,2023,ALFA,ALFA N - G2/G3,Aluno-783,9,Masculino,2021,Pública,Ametista,7.2922,9.5,6.8,3.77,7.5,8.9,9.0,8.7,,,,7.925,5.0,Fase 1 (3° e 4° ano),-1,0,1,Ametista,Pública,9.5,7.925,-1,-1,False,False,False
RA-774,2023,ALFA,ALFA N - G2/G3,Aluno-774,9,Feminino,2022,Pública,Quartzo,5.852,0.0,9.5,3.14,5.0,6.9,7.7,6.0,,,,6.34,5.0,Fase 1 (3° e 4° ano),-1,0,1,Quartzo,Pública,0.0,6.34,-1,-1,False,False,False
RA-748,2023,ALFA,ALFA O - G2/G3,Aluno-748,10,Masculino,2022,Pública,Topázio,8.7142,9.5,9.7,7.52,7.5,9.1,9.0,9.2,,,,10.0,5.0,Fase 2 (5° e 6° ano),-2,0,2,Topázio,Pública,9.5,10.01,-2,-2,False,True,False
RA-749,2023,ALFA,ALFA O - G2/G3,Aluno-749,9,Masculino,2022,Pública,Ametista,7.7597,10.0,9.0,7.52,5.625,7.3,7.3,7.3,,,,8.425,5.0,Fase 1 (3° e 4° ano),-1,0,1,Ametista,Pública,10.0,8.425,-1,-1,False,False,False
RA-956,2023,ALFA,ALFA O - G2/G3,Aluno-956,11,Masculino,2023,Pública,Ametista,7.7312,8.0,7.5,7.52,7.5,7.8,7.8,7.8,,,,9.345,5.0,Fase 2 (5° e 6° ano),-2,0,2,Ametista,Pública,8.0,9.345,-2,-2,False,False,False
RA-787,2023,ALFA,ALFA O - G2/G3,Aluno-787,9,Masculino,2022,Pública,Ametista,7.5227,9.0,9.8,7.52,5.625,5.9,6.0,5.8,,,,8.34,5.0,Fase 1 (3° e 4° ano),-1,0,1,Ametista,Pública,9.0,8.34,-1,-1,False,False,False
RA-957,2023,ALFA,ALFA O - G2/G3,Aluno-957,8,Feminino,2023,Pública,Topázio,9.1672,10.0,9.3,7.52,7.5,9.1,9.0,9.2,,,,9.925,10.0,ALFA (1° e 2° ano),0,0,0,Topázio,Pública,10.0,9.925,0,0,False,False,False
RA-753,2023,ALFA,ALFA O - G2/G3,Aluno-753,9,Feminino,2022,Pública,Topázio,8.6672,9.0,9.9,7.52,7.5,9.0,9.0,9.0,,,,9.925,5.0,Fase 1 (3° e 4° ano),-1,0,1,Topázio,Pública,9.0,9.925,-1,-1,False,False,False
RA-958,2023,ALFA,ALFA O - G2/G3,Aluno-958,8,Feminino,2023,Pública,Topázio,9.2902,10.0,9.8,7.52,7.5,9.3,9.3,9.3,,,,9.84,10.0,ALFA (1° e 2° ano),0,0,0,Topázio,Pública,10.0,9.84,0,0,False,False,False
RA-755,2023,ALFA,ALFA O - G2/G3,Aluno-755,9,Masculino,2022,Pública,Topázio,8.7442,10.0,9.5,7.52,7.5,9.2,9.2,9.2,,,,10.0,5.0,Fase 1 (3° e 4° ano),-1,0,1,Topázio,Pública,10.0,10.01,-1,-1,False,False,False
RA-763,2023,ALFA,ALFA O - G2/G3,Aluno-763,10,Feminino,2021,Pública,Agata,6.7215,0.0,9.2,3.14,6.875,7.9,7.8,8.0,,,,9.0,5.0,Fase 2 (5° e 6° ano),-2,0,2,Ágata,Pública,0.0,9.0,-2,-2,False,False,False
RA-757,2023,ALFA,ALFA O - G2/G3,Aluno-757,10,Feminino,2022,Pública,Topázio,8.6742,9.0,9.6,7.52,7.5,9.3,9.5,9.0,,,,10.0,5.0,Fase 2 (5° e 6° ano),-2,0,2,Topázio,Pública,9.0,10.01,-2,-2,False,False,False
RA-959,2023,ALFA,ALFA O - G2/G3,Aluno-959,8,Masculino,2023,Pública,Topázio,8.6677,10.0,9.6,7.52,6.875,7.7,7.7,7.7,,,,8.84,10.0,ALFA (1° e 2° ano),0,0,0,Topázio,Pública,10.0,8.84,0,0,False,False,False
RA-960,2023,ALFA,ALFA O - G2/G3,Aluno-960,10,Masculino,2023,Pública,Ametista,7.0847,8.5,10.0,7.52,5.625,6.3,6.5,6.0,,,,5.85,5.0,Fase 2 (5° e 6° ano),-2,0,2,Ametista,Pública,8.5,5.85,-2,-2,False,False,False
RA-961,2023,ALFA,ALFA O - G2/G3,Aluno-961,9,Masculino,2023,Pública,Quartzo,5.99625,0.0,8.7,2.52,5.3125,6.2,6.2,6.2,,,,8.665,5.0,Fase 1 (3° e 4° ano),-1,0,1,Quartzo,Pública,0.0,8.665,-1,-1,False,False,False
RA-962,2023,ALFA,ALFA Q - G2/G3,Aluno-962,9,Feminino,2023,Pública,Topázio,8.4742,9.0,9.2,7.52,7.5,8.7,9.5,7.8,,,,10.0,5.0,Fase 1 (3° e 4° ano),-1,0,1,Topázio,Pública,9.0,10.01,-1,-1,False,False,False
RA-805,2023,ALFA,ALFA Q - G2/G3,Aluno-805,9,Masculino,2021,Pública,Agata,6.492,0.0,9.1,7.52,6.25,6.8,6.8,6.8,,,,7.175,5.0,Fase 1 (3° e 4° ano),-1,0,1,Ágata,Pública,0.0,7.175,-1,-1,False,False,False
RA-806,2023,ALFA,ALFA Q - G2/G3,Aluno-806,9,Masculino,2022,Pública,Ametista,7.2937,8.5,8.3,6.27,6.875,7.8,7.8,7.7,,,,7.095,5.0,Fase 1 (3° e 4° ano),-1,0,1,Ametista,Pública,8.5,7.095,-1,-1,False,False,False
RA-807,2023,ALFA,ALFA Q - G2/G3,Aluno-807,9,Masculino,2022,Pública,Ametista,7.8632,9.5,9.1,7.52,6.25,8.0,8.3,7.7,,,,8.08,5.0,Fase 1 (3° e 4° ano),-1,0,1,Ametista,Pública,9.5,8.08,-1,-1,False,False,False
RA-963,2023,ALFA,ALFA Q - G2/G3,Aluno-963,9,Feminino,2023,Pública,Topázio,8.6142,9.5,9.8,7.52,7.5,8.5,8.3,8.7,,,,10.0,5.0,Fase 1 (3° e 4° ano),-1,0,1,Topázio,Pública,9.5,10.01,-1,-1,False,False,False
RA-964,2023,ALFA,ALFA Q - G2/G3,Aluno-964,9,Masculino,2023,Pública,Ametista,7.7997,8.5,9.4,7.52,6.875,7.2,7.3,7.0,,,,8.5,5.0,Fase 1 (3° e 4° ano),-1,0,1,Ametista,Pública,8.5,8.5,-1,-1,False,False,False
RA-965,2023,ALFA,ALFA Q - G2/G3,Aluno-965,9,Feminino,2023,Pública,Agata,6.4832,8.5,8.2,6.27,5.0,4.7,5.3,4.0,,,,7.18,5.0,Fase 1 (3° e 4° ano),-1,0,1,Ágata,Pública,8.5,7.18,-1,-1,False,False,False
RA-966,2023,ALFA,ALFA Q - G2/G3,Aluno-966,9,Masculino,2023,Pública,Ametista,7.44345,10.0,10.0,7.52,6.5625,5.0,5.0,5.0,,,,7.675,5.0,Fase 1 (3° e 4° ano),-1,0,1,Ametista,Pública,10.0,7.675,-1,-1,False,False,False
RA-967,2023,ALFA,ALFA Q - G2/G3,Aluno-967,10,Masculino,2023,Pública,Ametista,7.1347,9.5,8.0,7.52,5.625,6.5,6.5,6.5,,,,7.35,5.0,Fase 2 (5° e 6° ano),-2,0,2,Ametista,Pública,9.5,7.35,-2,-2,False,False,False
RA-968,2023,ALFA,ALFA Q - G2/G3,Aluno-968,9,Feminino,2023,Pública,Topázio,8.4942,9.0,9.7,7.52,7.5,8.3,8.0,8.5,,,,10.0,5.0,Fase 1 (3° e 4° ano),-1,0,1,Topázio,Pública,9.0,10.01,-1,-1,False,False,False
RA-812,2023,ALFA,ALFA Q - G2/G3,Aluno-812,8,Masculino,2022,Pública,Topázio,8.0357,9.5,9.1,7.52,6.875,5.8,6.3,5.3,,,,8.33,10.0,ALFA (1° e 2° ano),0,0,0,Topázio,Pública,9.5,8.33,0,0,False,False,False
RA-969,2023,ALFA,ALFA Q - G2/G3,Aluno-969,8,Masculino,2023,Pública,Ametista,7.7692,8.5,9.7,7.52,6.25,5.5,6.0,5.0,,,,7.51,10.0,ALFA (1° e 2° ano),0,0,0,Ametista,Pública,8.5,7.51,0,0,False,False,False
RA-970,2023,ALFA,ALFA R - G0/G1,Aluno-970,8,Feminino,2023,Pública,Topázio,8.9977,8.5,8.1,7.52,9.375,9.4,9.2,9.5,,,,9.84,10.0,ALFA (1° e 2° ano),0,0,0,Topázio,Pública,8.5,9.84,0,0,False,False,False
RA-971,2023,ALFA,ALFA R - G0/G1,Aluno-971,8,Masculino,2023,Pública,Ametista,7.0169,7.8,6.4,3.77,5.625,6.9,5.5,8.3,,,,8.17,10.0,ALFA (1° e 2° ano),0,0,0,Ametista,Pública,7.8,8.17,0,0,False,False,False
RA-972,2023,ALFA,ALFA R - G0/G1,Aluno-972,8,Masculino,2023,Pública,Ametista,7.5427,9.0,9.1,3.77,6.875,6.0,6.2,5.7,,,,7.84,10.0,ALFA (1° e 2° ano),0,0,0,Ametista,Pública,9.0,7.84,0,0,False,False,False
RA-973,2023,ALFA,ALFA R - G0/G1,Aluno-973,9,Masculino,2023,Pública,Quartzo,5.82875,0.0,8.6,3.77,7.1875,5.2,6.2,4.1,,,,7.415,5.0,Fase 1 (3° e 4° ano),-1,0,1,Quartzo,Pública,0.0,7.415,-1,-1,False,False,False
RA-974,2023,ALFA,ALFA R - G0/G1,Aluno-974,7,Masculino,2023,Pública,Topázio,8.4752,9.0,9.1,3.77,7.5,8.8,8.8,8.8,,,,9.34,10.0,ALFA (1° e 2° ano),0,0,0,Topázio,Pública,9.0,9.34,0,0,False,False,False
RA-975,2023,ALFA,ALFA R - G0/G1,Aluno-975,7,Feminino,2023,Pública,Ametista,7.7803,7.9,9.2,7.52,5.625,6.5,7.2,5.8,,,,7.67,10.0,ALFA (1° e 2° ano),0,0,0,Ametista,Pública,7.9,7.67,0,0,False,False,False
RA-976,2023,ALFA,ALFA R - G0/G1,Aluno-976,8,Masculino,2023,Pública,Topázio,8.39895,9.5,9.2,6.27,5.9375,8.6,9.0,8.2,,,,8.34,10.0,ALFA (1° e 2° ano),0,0,0,Topázio,Pública,9.5,8.34,0,0,False,False,False
RA-977,2023,ALFA,ALFA R - G0/G1,Aluno-977,7,Feminino,2023,Pública,Ametista,7.1717,8.5,7.4,5.02,5.625,5.8,5.7,5.9,,,,8.085,10.0,ALFA (1° e 2° ano),0,0,0,Ametista,Pública,8.5,8.085,0,0,False,False,False
RA-978,2023,ALFA,ALFA R - G0/G1,Aluno-978,7,Feminino,2023,Pública,Topázio,8.3877,9.0,9.8,3.77,5.625,8.6,8.7,8.5,,,,9.34,10.0,ALFA (1° e 2° ano),0,0,0,Topázio,Pública,9.0,9.34,0,0,False,False,False
RA-979,2023,ALFA,ALFA S - G2/G3,Aluno-979,8,Masculino,2023,Pública,Topázio,8.1617,9.5,9.6,6.27,5.625,6.0,6.0,6.0,,,,9.51,10.0,ALFA (1° e 2° ano),0,0,0,Topázio,Pública,9.5,9.51,0,0,False,False,False
RA-980,2023,ALFA,ALFA S - G2/G3,Aluno-980,8,Feminino,2023,Pública,Ametista,7.1425,0.0,9.8,5.02,5.625,6.3,6.5,6.0,,,,9.34,10.0,ALFA (1° e 2° ano),0,0,0,Ametista,Pública,0.0,9.34,0,0,False,False,False
RA-808,2023,ALFA,ALFA S - G2/G3,Aluno-808,9,Masculino,2022,Pública,Topázio,8.1932,10.0,10.0,2.52,7.5,8.7,8.7,8.7,,,,9.755,5.0,Fase 1 (3° e 4° ano),-1,0,1,Topázio,Pública,10.0,9.755,-1,-1,False,False,False
RA-981,2023,ALFA,ALFA S - G2/G3,Aluno-981,7,Feminino,2023,Pública,Ametista,7.5367,9.5,9.1,2.52,5.625,5.8,5.7,5.8,,,,9.01,10.0,ALFA (1° e 2° ano),0,0,0,Ametista,Pública,9.5,9.01,0,0,False,False,False
RA-982,2023,ALFA,ALFA S - G2/G3,Aluno-982,7,Masculino,2023,Pública,Ametista,7.1215,0.0,9.1,2.52,5.625,8.6,8.7,8.5,,,,8.835,10.0,ALFA (1° e 2° ano),0,0,0,Ametista,Pública,0.0,8.835,0,0,False,False,False
RA-983,2023,ALFA,ALFA S - G2/G3,Aluno-983,8,Masculino,2023,Pública,Topázio,8.3502,8.5,9.9,2.52,6.25,8.8,8.8,8.8,,,,9.415,10.0,ALFA (1° e 2° ano),0,0,0,Topázio,Pública,8.5,9.415,0,0,False,False,False
RA-984,2023,ALFA,ALFA S - G2/G3,Aluno-984,8,Feminino,2023,Pública,Topázio,8.8177,8.0,9.8,7.52,6.875,8.3,8.3,8.2,,,,9.84,10.0,ALFA (1° e 2° ano),0,0,0,Topázio,Pública,8.0,9.84,0,0,False,False,False
RA-985,2023,ALFA,ALFA S - G2/G3,Aluno-985,8,Masculino,2023,Pública,Ametista,7.6247,9.0,9.3,2.52,5.625,6.8,7.3,6.2,,,,8.5,10.0,ALFA (1° e 2° ano),0,0,0,Ametista,Pública,9.0,8.5,0,0,False,False,False
RA-986,2023,ALFA,ALFA S - G2/G3,Aluno-986,8,Feminino,2023,Pública,Topázio,8.0107,9.5,9.1,2.52,5.625,8.3,8.3,8.3,,,,8.83,10.0,ALFA (1° e 2° ano),0,0,0,Topázio,Pública,9.5,8.83,0,0,False,False,False
RA-987,2023,ALFA,ALFA S - G2/G3,Aluno-987,8,Masculino,2023,Pública,Ametista,7.6765,0.0,9.8,6.27,6.875,7.3,7.5,7.0,,,,9.76,10.0,ALFA (1° e 2° ano),0,0,0,Ametista,Pública,0.0,9.76,0,0,False,False,False
RA-988,2023,ALFA,ALFA S - G2/G3,Aluno-988,9,Feminino,2023,Pública,Ametista,7.9568,7.9,8.1,7.52,6.25,8.5,8.5,8.5,,,,9.84,5.0,Fase 1 (3° e 4° ano),-1,0,1,Ametista,Pública,7.9,9.84,-1,-1,False,False,False
RA-989,2023,ALFA,ALFA S - G2/G3,Aluno-989,9,Masculino,2023,Pública,Ametista,7.7242,9.5,8.1,2.52,7.5,8.3,8.7,7.8,,,,10.0,5.0,Fase 1 (3° e 4° ano),-1,0,1,Ametista,Pública,9.5,10.01,-1,-1,False,False,False
RA-677,2023,ALFA,ALFA T - G2/G3,Aluno-677,9,Feminino,2021,Pública,Topázio,8.5257,10.0,8.2,10.0,6.875,8.7,9.0,8.3,,,,9.84,5.0,Fase 1 (3° e 4° ano),-1,0,1,Topázio,Pública,10.0,9.84,-1,-1,False,False,False
RA-990,2023,ALFA,ALFA T - G2/G3,Aluno-990,9,Masculino,2023,Pública,Ametista,7.254,0.0,8.5,7.52,7.5,7.8,8.3,7.2,,,,10.0,5.0,Fase 1 (3° e 4° ano),-1,0,1,Ametista,Pública,0.0,10.01,-1,-1,False,False,False
RA-991,2023,ALFA,ALFA T - G2/G3,Aluno-991,9,Feminino,2023,Pública,Ametista,7.7687,10.0,9.1,3.14,6.875,7.7,8.0,7.3,,,,9.585,5.0,Fase 1 (3° e 4° ano),-1,0,1,Ametista,Pública,10.0,9.585,-1,-1,False,False,False
RA-992,2023,ALFA,ALFA T - G2/G3,Aluno-992,10,Masculino,2023,Pública,Ametista,7.2722,9.5,8.2,3.14,5.0,8.0,8.2,7.8,,,,8.84,5.0,Fase 2 (5° e 6° ano),-2,0,2,Ametista,Pública,9.5,8.84,-2,-2,False,False,False
RA-703,2023,ALFA,ALFA T - G2/G3,Aluno-703,11,Masculino,2021,Pública,Agata,6.2737,9.5,8.4,3.14,6.875,4.6,4.8,4.3,,,,6.16,5.0,Fase 2 (5° e 6° ano),-2,0,2,Ágata,Pública,9.5,6.16,-2,-2,False,False,False
RA-993,2023,ALFA,ALFA T - G2/G3,Aluno-993,8,Feminino,2023,Pública,Topázio,8.7592,9.5,9.8,3.77,7.5,8.6,8.5,8.7,,,,10.0,10.0,ALFA (1° e 2° ano),0,0,0,Topázio,Pública,9.5,10.01,0,0,False,False,False
RA-674,2023,ALFA,ALFA T - G2/G3,Aluno-674,9,Masculino,2022,Pública,Agata,6.6328,7.9,8.5,3.77,5.0,5.2,5.3,5.0,,,,8.67,5.0,Fase 1 (3° e 4° ano),-1,0,1,Ágata,Pública,7.9,8.67,-1,-1,False,False,False
RA-994,2023,ALFA,ALFA T - G2/G3,Aluno-994,8,Feminino,2023,Pública,Ametista,7.4127,9.5,9.4,3.77,5.625,6.0,6.2,5.7,,,,7.265,10.0,ALFA (1° e 2° ano),0,0,0,Ametista,Pública,9.5,7.265,0,0,False,False,False
RA-995,2023,ALFA,ALFA T - G2/G3,Aluno-995,11,Feminino,2023,Pública,Agata,6.4782,9.5,7.9,3.77,6.25,5.1,5.3,4.8,,,,7.18,5.0,Fase 2 (5° e 6° ano),-2,0,2,Ágata,Pública,9.5,7.18,-2,-2,False,False,False
RA-996,2023,ALFA,ALFA T - G2/G3,Aluno-996,9,Masculino,2023,Pública,Topázio,8.1892,10.0,9.2,3.77,7.5,8.6,8.7,8.5,,,,10.0,5.0,Fase 1 (3° e 4° ano),-1,0,1,Topázio,Pública,10.0,10.01,-1,-1,False,False,False
RA-997,2023,ALFA,ALFA T - G2/G3,Aluno-997,8,Masculino,2023,Pública,Ametista,7.5687,7.5,8.7,3.77,5.625,7.1,7.2,7.0,,,,8.595,10.0,ALFA (1° e 2° ano),0,0,0,Ametista,Pública,7.5,8.595,0,0,False,False,False
RA-998,2023,ALFA,ALFA U - G2/G3,Aluno-998,11,Feminino,2023,Pública,Ametista,7.9752,9.5,9.3,3.77,7.5,7.9,8.0,7.7,,,,9.84,5.0,Fase 2 (5° e 6° ano),-2,0,2,Ametista,Pública,9.5,9.84,-2,-2,False,False,False
RA-999,2023,ALFA,ALFA U - G2/G3,Aluno-999,9,Masculino,2023,Pública,Topázio,8.0352,9.0,9.4,3.77,7.5,8.3,8.3,8.3,,,,9.84,5.0,Fase 1 (3° e 4° ano),-1,0,1,Topázio,Pública,9.0,9.84,-1,-1,False,False,False
RA-750,2023,ALFA,ALFA U - G2/G3,Aluno-750,11,Masculino,2019,Pública,Quartzo,5.6857,9.5,7.7,3.14,4.375,3.4,3.3,3.5,,,,6.32,5.0,Fase 2 (5° e 6° ano),-2,0,2,Quartzo,Pública,9.5,6.32,-2,-2,False,True,False
RA-770,2023,ALFA,ALFA U - G2/G3,Aluno-770,8,Masculino,2022,Pública,Agata,6.6785,0.0,8.3,3.77,6.875,5.9,6.0,5.7,,,,8.92,10.0,ALFA (1° e 2° ano),0,0,0,Ágata,Pública,0.0,8.92,0,0,False,False,False
RA-771,2023,ALFA,ALFA U - G2/G3,Aluno-771,7,Feminino,2022,Pública,Ametista,7.056,0.0,8.8,3.14,6.25,8.2,8.2,8.2,,,,8.585,10.0,ALFA (1° e 2° ano),0,0,0,Ametista,Pública,0.0,8.585,0,0,False,False,False
RA-1000,2023,ALFA,ALFA U - G2/G3,Aluno-1000,8,Feminino,2023,Pública,Ametista,7.9162,8.5,9.4,3.77,6.25,7.0,7.0,7.0,,,,8.92,10.0,ALFA (1° e 2° ano),0,0,0,Ametista,Pública,8.5,8.92,0,0,False,False,False
RA-830,2023,ALFA,ALFA U - G2/G3,Aluno-830,9,Feminino,2022,Pública,Agata,6.78,0.0,8.9,3.14,6.25,8.3,8.3,8.3,,,,9.505,5.0,Fase 1 (3° e 4° ano),-1,0,1,Ágata,Pública,0.0,9.505,-1,-1,False,False,False
RA-1001,2023,ALFA,ALFA U - G2/G3,Aluno-1001,9,Feminino,2023,Pública,Topázio,8.1162,9.0,9.1,7.52,7.5,7.8,8.3,7.3,,,,9.17,5.0,Fase 1 (3° e 4° ano),-1,0,1,Topázio,Pública,9.0,9.17,-1,-1,False,False,False
RA-1002,2023,ALFA,ALFA U - G2/G3,Aluno-1002,9,Feminino,2023,Pública,Ametista,7.9012,9.0,9.7,7.52,6.25,7.0,7.0,7.0,,,,8.92,5.0,Fase 1 (3° e 4° ano),-1,0,1,Ametista,Pública,9.0,8.92,-1,-1,False,False,False
RA-1003,2023,ALFA,ALFA V - G0/G1,Aluno-1003,8,Masculino,2023,Pública,Ametista,7.6522,9.0,8.5,7.52,7.5,4.0,8.0,0.0,,,,8.75,10.0,ALFA (1° e 2° ano),0,0,0,Ametista,Pública,9.0,8.75,0,0,False,False,False
RA-835,2023,ALFA,ALFA V - G0/G1,Aluno-835,8,Masculino,2022,Pública,Topázio,8.2467,8.0,8.5,7.52,6.875,8.7,8.5,8.9,,,,7.835,10.0,ALFA (1° e 2° ano),0,0,0,Topázio,Pública,8.0,7.835,0,0,False,False,False
RA-1004,2023,ALFA,ALFA V - G0/G1,Aluno-1004,8,Feminino,2023,Pública,Topázio,8.3137,9.0,9.6,7.52,6.875,7.9,6.5,9.2,,,,7.42,10.0,ALFA (1° e 2° ano),0,0,0,Topázio,Pública,9.0,7.42,0,0,False,False,False
RA-1005,2023,ALFA,ALFA V - G0/G1,Aluno-1005,8,Masculino,2023,Pública,Topázio,8.4252,9.5,7.9,7.52,7.5,8.8,8.4,9.2,,,,8.165,10.0,ALFA (1° e 2° ano),0,0,0,Topázio,Pública,9.5,8.165,0,0,False,False,False
RA-1006,2023,ALFA,ALFA V - G0/G1,Aluno-1006,8,Feminino,2023,Pública,Topázio,8.5922,9.0,9.3,7.52,7.5,8.7,8.7,8.6,,,,8.0,10.0,ALFA (1° e 2° ano),0,0,0,Topázio,Pública,9.0,8.0,0,0,False,False,False
RA-705,2023,ALFA,ALFA V - G0/G1,Aluno-705,10,Masculino,2022,Pública,Agata,6.982,0.0,8.3,6.89,7.5,8.8,8.9,8.6,,,,8.165,5.0,Fase 2 (5° e 6° ano),-2,0,2,Ágata,Pública,0.0,8.165,-2,-2,False,False,False
RA-1007,2023,ALFA,ALFA V - G0/G1,Aluno-1007,8,Masculino,2023,Pública,Topázio,8.0782,9.0,7.4,7.52,7.5,8.3,8.1,8.5,,,,7.68,10.0,ALFA (1° e 2° ano),0,0,0,Topázio,Pública,9.0,7.68,0,0,False,False,False
RA-1008,2023,ALFA,ALFA V - G0/G1,Aluno-1008,8,Masculino,2023,Pública,Topázio,8.13595,9.0,8.6,7.52,5.9375,8.4,7.5,9.2,,,,7.5,10.0,ALFA (1° e 2° ano),0,0,0,Topázio,Pública,9.0,7.5,0,0,False,False,False
RA-729,2023,ALFA,ALFA V - G0/G1,Aluno-729,9,Feminino,2022,Pública,Ametista,7.26545,8.0,9.1,3.77,6.5625,8.6,8.2,8.9,,,,7.01,5.0,Fase 1 (3° e 4° ano),-1,0,1,Ametista,Pública,8.0,7.01,-1,-1,False,False,False
RA-1009,2023,ALFA,ALFA Y - G0/G1,Aluno-1009,8,Masculino,2023,Pública,Ametista,7.245,0.0,9.0,3.77,7.5,8.8,8.3,9.2,,,,7.84,10.0,ALFA (1° e 2° ano),0,0,0,Ametista,Pública,0.0,7.84,0,0,False,False,False
RA-1010,2023,ALFA,ALFA Y - G0/G1,Aluno-1010,8,Masculino,2023,Pública,Topázio,8.70645,9.5,10.0,3.77,7.8125,9.4,9.0,9.8,,,,8.59,10.0,ALFA (1° e 2° ano),0,0,0,Topázio,Pública,9.5,8.59,0,0,False,False,False
RA-1011,2023,ALFA,ALFA Y - G0/G1,Aluno-1011,7,Masculino,2023,Pública,Ametista,7.33095,9.5,8.6,3.77,7.1875,5.2,5.5,4.8,,,,7.675,10.0,ALFA (1° e 2° ano),0,0,0,Ametista,Pública,9.5,7.675,0,0,False,False,False
RA-1012,2023,ALFA,ALFA Y - G0/G1,Aluno-1012,8,Feminino,2023,Pública,Ametista,7.96495,10.0,9.9,3.77,7.1875,6.6,7.0,6.2,,,,7.845,10.0,ALFA (1° e 2° ano),0,0,0,Ametista,Pública,10.0,7.845,0,0,False,False,False
RA-1013,2023,ALFA,ALFA Y - G0/G1,Aluno-1013,7,Masculino,2023,Pública,Ametista,7.6237,9.0,9.6,4.39,5.625,8.3,7.0,9.5,,,,5.76,10.0,ALFA (1° e 2° ano),0,0,0,Ametista,Pública,9.0,5.76,0,0,False,False,False
RA-1014,2023,ALFA,ALFA Y - G0/G1,Aluno-1014,7,Feminino,2023,Pública,Topázio,8.2582,9.0,9.7,3.77,7.5,8.2,7.7,8.7,,,,8.255,10.0,ALFA (1° e 2° ano),0,0,0,Topázio,Pública,9.0,8.255,0,0,False,False,False
RA-1015,2023,FASE 1,1A,Aluno-1015,10,Feminino,2023,Pública,Ametista,7.538908333,10.0,9.3,6.27,7.34375,6.3,5.0,7.6,,,,7.786666667,5.0,Fase 2 (5° e 6° ano),-1,1,2,Ametista,Pública,10.0,7.786666667,-1,-1,False,False,False
RA-734,2023,FASE 1,1A,Aluno-734,11,Feminino,2022,Pública,Ametista,7.305908333,8.5,8.0,7.52,7.34375,6.9,6.8,7.0,,,,7.446666667,5.0,Fase 2 (5° e 6° ano),-1,1,2,Ametista,Pública,8.5,7.446666667,-1,-1,False,False,False
RA-687,2023,FASE 1,1A,Aluno-687,10,Masculino,2022,Pública,Ametista,7.617533333,8.0,9.0,7.52,7.5,6.9,6.7,7.0,,,,8.226666667,5.0,Fase 2 (5° e 6° ano),-1,1,2,Ametista,Pública,8.0,8.226666667,-1,-1,False,False,False
RA-1016,2023,FASE 1,1A,Aluno-1016,10,Feminino,2023,Pública,Ametista,7.762575,10.0,9.5,7.52,7.34375,6.7,5.8,7.5,,,,7.73,5.0,Fase 2 (5° e 6° ano),-1,1,2,Ametista,Pública,10.0,7.73,-1,-1,False,False,False
RA-1017,2023,FASE 1,1A,Aluno-1017,11,Masculino,2023,Pública,Agata,6.505333333,0.0,8.0,5.02,7.5,7.7,7.0,8.3,,,,8.116666667,5.0,Fase 2 (5° e 6° ano),-1,1,2,Ágata,Pública,0.0,8.116666667,-1,-1,False,False,False
RA-688,2023,FASE 1,1A,Aluno-688,10,Masculino,2022,Pública,Topázio,8.0442,8.5,9.3,7.52,7.5,8.6,8.2,9.0,,,,8.06,5.0,Fase 2 (5° e 6° ano),-1,1,2,Topázio,Pública,8.5,8.06,-1,-1,False,False,False
RA-1018,2023,FASE 1,1A,Aluno-1018,9,Masculino,2023,Pública,Agata,6.824,0.0,8.5,5.02,7.5,6.3,5.8,6.8,,,,8.06,10.0,Fase 1 (3° e 4° ano),0,1,1,Ágata,Pública,0.0,8.06,0,0,False,False,False
RA-696,2023,FASE 1,1A,Aluno-696,9,Feminino,2021,Pública,Ametista,7.172666667,0.0,9.4,5.02,7.5,6.7,5.2,8.2,,,,8.503333333,10.0,Fase 1 (3° e 4° ano),0,1,1,Ametista,Pública,0.0,8.503333333,0,0,False,False,False
RA-1019,2023,FASE 1,1A,Aluno-1019,8,Feminino,2023,Pública,Ametista,7.177033333,7.5,9.1,5.02,6.875,4.3,0.5,8.0,,,,7.836666667,10.0,ALFA (1° e 2° ano),1,1,0,Ametista,Pública,7.5,7.836666667,1,1,False,False,False
RA-514,2023,FASE 1,1A,Aluno-514,10,Feminino,2022,Pública,Quartzo,5.823133333,7.9,7.5,2.52,5.0,5.5,4.2,6.8,,,,5.896666667,5.0,Fase 2 (5° e 6° ano),-1,1,2,Quartzo,Pública,7.9,5.896666667,-1,-1,False,False,False
RA-1020,2023,FASE 1,1A,Aluno-1020,9,Feminino,2023,Pública,Ametista,7.612283333,10.0,9.1,2.52,7.1875,6.1,4.3,7.8,,,,8.056666667,10.0,Fase 1 (3° e 4° ano),0,1,1,Ametista,Pública,10.0,8.056666667,0,0,False,False,False
RA-1021,2023,FASE 1,1A,Aluno-1021,9,Masculino,2023,Pública,Agata,6.964616667,8.0,9.2,3.77,7.1875,3.3,2.5,4.0,,,,7.893333333,10.0,Fase 1 (3° e 4° ano),0,1,1,Ágata,Pública,8.0,7.893333333,0,0,False,False,False
RA-1022,2023,FASE 1,1A,Aluno-1022,9,Masculino,2023,Pública,Ametista,7.164616667,8.5,8.5,3.77,7.1875,4.7,4.7,4.7,,,,7.893333333,10.0,Fase 1 (3° e 4° ano),0,1,1,Ametista,Pública,8.5,7.893333333,0,0,False,False,False
RA-1023,2023,FASE 1,1A,Aluno-1023,9,Feminino,2023,Pública,Topázio,9.1342,10.0,10.0,6.27,8.75,9.1,8.5,9.7,,,,9.06,10.0,Fase 1 (3° e 4° ano),0,1,1,Topázio,Pública,10.0,9.06,0,0,False,False,False
RA-699,2023,FASE 1,1A,Aluno-699,10,Masculino,2022,Pública,Agata,6.389991667,8.5,8.3,3.77,5.78125,6.0,5.7,6.2,,,,6.173333333,5.0,Fase 2 (5° e 6° ano),-1,1,2,Ágata,Pública,8.5,6.173333333,-1,-1,False,False,False
RA-480,2023,FASE 1,1B,Aluno-480,11,Feminino,2021,Pública,Topázio,8.226408333,10.0,9.7,7.52,7.96875,7.9,7.2,8.5,,,,8.336666667,5.0,Fase 2 (5° e 6° ano),-1,1,2,Topázio,Pública,10.0,8.336666667,-1,-1,False,False,False
RA-678,2023,FASE 1,1B,Aluno-678,10,Masculino,2022,Pública,Ametista,7.570158333,8.0,8.8,6.27,7.65625,7.3,6.8,7.7,,,,8.336666667,5.0,Fase 2 (5° e 6° ano),-1,1,2,Ametista,Pública,8.0,8.336666667,-1,-1,False,False,False
RA-1024,2023,FASE 1,1B,Aluno-1024,10,Feminino,2023,Pública,Ametista,7.788875,0.0,10.0,6.27,9.21875,9.8,10.0,9.5,,,,8.95,5.0,Fase 2 (5° e 6° ano),-1,1,2,Ametista,Pública,0.0,8.95,-1,-1,False,False,False
RA-502,2023,FASE 1,1B,Aluno-502,9,Feminino,2021,Privada - Programa de Apadrinhamento,Topázio,8.749075,8.5,9.8,7.52,7.96875,8.0,6.7,9.3,,,,8.95,10.0,Fase 1 (3° e 4° ano),0,1,1,Topázio,Privada - Programa de Apadrinhamento,8.5,8.95,0,0,False,False,False
RA-1025,2023,FASE 1,1B,Aluno-1025,9,Masculino,2023,Pública,Topázio,8.215158333,8.5,8.9,7.52,7.65625,7.5,7.5,7.5,,,,7.836666667,10.0,Fase 1 (3° e 4° ano),0,1,1,Topázio,Pública,8.5,7.836666667,0,0,False,False,False
RA-680,2023,FASE 1,1B,Aluno-680,11,Feminino,2019,Pública,Agata,6.5855,0.0,9.1,7.52,6.875,6.4,5.2,7.5,,,,7.78,5.0,Fase 2 (5° e 6° ano),-1,1,2,Ágata,Pública,0.0,7.78,-1,-1,False,True,False
RA-1026,2023,FASE 1,1B,Aluno-1026,14,Feminino,2023,Pública,Agata,6.494825,8.5,9.8,7.52,6.40625,3.2,2.3,4.0,,,,7.06,2.5,Fase 4 (9° ano),-3,1,4,Ágata,Pública,8.5,7.06,-3,-3,False,False,False
RA-698,2023,FASE 1,1B,Aluno-698,9,Masculino,2021,Pública,Ametista,7.553616667,8.5,9.9,2.52,7.1875,5.7,4.3,7.0,,,,8.113333333,10.0,Fase 1 (3° e 4° ano),0,1,1,Ametista,Pública,8.5,8.113333333,0,0,False,False,False
RA-533,2023,FASE 1,1B,Aluno-533,11,Masculino,2022,Pública,Ametista,7.434866667,9.0,9.3,7.52,7.5,5.8,4.8,6.7,,,,7.613333333,5.0,Fase 2 (5° e 6° ano),-1,1,2,Ametista,Pública,9.0,7.613333333,-1,-1,False,False,False
RA-504,2023,FASE 1,1B,Aluno-504,9,Feminino,2021,Pública,Topázio,8.299533333,8.0,8.3,7.52,7.5,7.9,6.5,9.2,,,,8.836666667,10.0,Fase 1 (3° e 4° ano),0,1,1,Topázio,Pública,8.0,8.836666667,0,0,False,False,False
RA-1027,2023,FASE 1,1B,Aluno-1027,10,Feminino,2023,Pública,Ametista,7.748866667,9.5,9.7,7.52,7.5,6.0,4.2,7.7,,,,8.333333333,5.0,Fase 2 (5° e 6° ano),-1,1,2,Ametista,Pública,9.5,8.333333333,-1,-1,False,False,False
RA-529,2023,FASE 1,1B,Aluno-529,13,Masculino,2020,Pública,Ametista,7.278991667,8.0,9.6,7.52,5.78125,6.8,4.8,8.7,,,,6.893333333,5.0,Fase 3 (7° e 8° ano),-2,1,3,Ametista,Pública,8.0,6.893333333,-2,-2,False,True,False
RA-1028,2023,FASE 1,1B,Aluno-1028,11,Masculino,2023,Pública,Agata,6.415708333,0.0,9.2,7.52,7.34375,5.0,5.0,5.0,,,,7.946666667,5.0,Fase 2 (5° e 6° ano),-1,1,2,Ágata,Pública,0.0,7.946666667,-1,-1,False,False,False
RA-686,2023,FASE 1,1C,Aluno-686,10,Feminino,2022,Pública,Ametista,7.9642,8.5,9.0,7.52,7.5,8.0,7.3,8.7,,,,8.56,5.0,Fase 2 (5° e 6° ano),-1,1,2,Ametista,Pública,8.5,8.56,-1,-1,False,False,False
RA-1029,2023,FASE 1,1C,Aluno-1029,9,Feminino,2023,Pública,Ametista,7.058533333,10.0,6.3,3.77,7.5,5.4,3.5,7.2,,,,8.006666667,10.0,Fase 1 (3° e 4° ano),0,1,1,Ametista,Pública,10.0,8.006666667,0,0,False,False,False
RA-1030,2023,FASE 1,1C,Aluno-1030,11,Masculino,2023,Pública,Ametista,7.4027,8.5,9.7,3.77,6.875,6.9,6.2,7.5,,,,8.39,5.0,Fase 2 (5° e 6° ano),-1,1,2,Ametista,Pública,8.5,8.39,-1,-1,False,False,False
RA-522,2023,FASE 1,1C,Aluno-522,10,Masculino,2021,Pública,Ametista,7.890533333,7.5,9.2,7.52,7.083333333,8.3,8.3,8.2,,,,8.45,5.0,Fase 2 (5° e 6° ano),-1,1,2,Ametista,Pública,7.5,8.45,-1,-1,False,False,False
RA-501,2023,FASE 1,1C,Aluno-501,10,Masculino,2021,Pública,Topázio,8.1357,7.0,8.4,7.52,8.541666667,8.9,9.2,8.5,,,,9.396666667,5.0,Fase 2 (5° e 6° ano),-1,1,2,Topázio,Pública,7.0,9.396666667,-1,-1,False,False,False
RA-692,2023,FASE 1,1C,Aluno-692,10,Feminino,2021,Privada,Agata,6.588466667,7.4,7.7,7.52,6.666666667,4.6,2.8,6.3,,,,7.39,5.0,Fase 2 (5° e 6° ano),-1,1,2,Ágata,Privada,7.4,7.39,-1,-1,False,False,False
RA-527,2023,FASE 1,1C,Aluno-527,10,Feminino,2022,Pública,Ametista,7.5682,9.0,9.1,7.52,7.5,6.5,5.7,7.2,,,,7.78,5.0,Fase 2 (5° e 6° ano),-1,1,2,Ametista,Pública,9.0,7.78,-1,-1,False,False,False
RA-1031,2023,FASE 1,1D,Aluno-1031,10,Masculino,2023,Pública,Ametista,7.0602,8.0,8.8,7.52,6.666666667,5.9,4.8,7.0,,,,7.006666667,5.0,Fase 2 (5° e 6° ano),-1,1,2,Ametista,Pública,8.0,7.006666667,-1,-1,False,False,False
RA-1032,2023,FASE 1,1D,Aluno-1032,10,Masculino,2023,Pública,Ametista,7.434033333,8.5,9.5,7.52,7.291666667,6.0,5.7,6.2,,,,7.563333333,5.0,Fase 2 (5° e 6° ano),-1,1,2,Ametista,Pública,8.5,7.563333333,-1,-1,False,False,False
RA-1033,2023,FASE 1,1D,Aluno-1033,11,Feminino,2023,Pública,Topázio,8.126033333,9.0,8.9,7.52,8.125,7.9,7.0,8.8,,,,9.006666667,5.0,Fase 2 (5° e 6° ano),-1,1,2,Topázio,Pública,9.0,9.006666667,-1,-1,False,False,False
RA-1034,2023,FASE 1,1D,Aluno-1034,10,Masculino,2023,Pública,Ametista,7.9642,7.5,9.0,7.52,8.333333333,8.3,7.8,8.7,,,,8.393333333,5.0,Fase 2 (5° e 6° ano),-1,1,2,Ametista,Pública,7.5,8.393333333,-1,-1,False,False,False
RA-1035,2023,FASE 1,1D,Aluno-1035,9,Masculino,2023,Pública,Agata,6.888833333,0.0,8.3,7.52,7.708333333,5.8,4.0,7.5,,,,7.78,10.0,Fase 1 (3° e 4° ano),0,1,1,Ágata,Pública,0.0,7.78,0,0,False,False,False
RA-730,2023,FASE 1,1F,Aluno-730,10,Feminino,2021,Privada,Ametista,7.979325,10.0,8.7,5.02,9.53125,7.8,7.8,7.7,,,,8.67,5.0,Fase 2 (5° e 6° ano),-1,1,2,Ametista,Privada,10.0,8.67,-1,-1,False,False,False
RA-855,2023,FASE 1,1F,Aluno-855,9,Feminino,2022,Pública,Topázio,8.62995,9.5,10.0,7.52,8.4375,6.8,5.2,8.3,,,,8.67,10.0,Fase 1 (3° e 4° ano),0,1,1,Topázio,Pública,9.5,8.67,0,0,False,False,False
RA-820,2023,FASE 1,1F,Aluno-820,10,Masculino,2022,Pública,Ametista,7.85605,7.9,7.4,7.52,9.0625,8.9,9.2,8.5,,,,8.28,5.0,Fase 2 (5° e 6° ano),-1,1,2,Ametista,Pública,7.9,8.28,-1,-1,False,False,False
RA-738,2023,FASE 1,1F,Aluno-738,9,Feminino,2022,Pública,Topázio,8.123283333,8.0,9.3,7.52,8.4375,6.0,4.2,7.8,,,,8.336666667,10.0,Fase 1 (3° e 4° ano),0,1,1,Topázio,Pública,8.0,8.336666667,0,0,False,False,False
RA-1036,2023,FASE 1,1F,Aluno-1036,11,Feminino,2023,Pública,Agata,6.970583333,0.0,9.6,3.77,9.0625,8.0,9.0,7.0,,,,8.336666667,5.0,Fase 2 (5° e 6° ano),-1,1,2,Ágata,Pública,0.0,8.336666667,-1,-1,False,False,False
RA-1037,2023,FASE 1,1F,Aluno-1037,10,Masculino,2023,Pública,Ametista,7.655575,9.0,8.4,7.52,8.59375,6.7,5.0,8.3,,,,8.17,5.0,Fase 2 (5° e 6° ano),-1,1,2,Ametista,Pública,9.0,8.17,-1,-1,False,False,False
RA-576,2023,FASE 1,1F,Aluno-576,11,Feminino,2022,Pública,Ametista,7.984741667,9.0,9.3,5.02,9.21875,8.0,6.5,9.5,,,,8.503333333,5.0,Fase 2 (5° e 6° ano),-1,1,2,Ametista,Pública,9.0,8.503333333,-1,-1,False,False,False
RA-1038,2023,FASE 1,1F,Aluno-1038,10,Feminino,2023,Privada,Ametista,7.736825,8.0,9.3,7.52,8.90625,6.5,7.5,5.5,,,,8.17,5.0,Fase 2 (5° e 6° ano),-1,1,2,Ametista,Privada,8.0,8.17,-1,-1,False,False,False
RA-1039,2023,FASE 1,1F,Aluno-1039,12,Masculino,2023,Pública,Ametista,7.686033333,8.0,9.9,7.52,8.125,6.2,6.0,6.3,,,,8.056666667,5.0,Fase 3 (7° e 8° ano),-2,1,3,Ametista,Pública,8.0,8.056666667,-2,-2,False,False,False
RA-1040,2023,FASE 1,1F,Aluno-1040,11,Masculino,2023,Pública,Ametista,7.81545,10.0,9.3,7.52,7.8125,6.6,5.8,7.3,,,,8.06,5.0,Fase 2 (5° e 6° ano),-1,1,2,Ametista,Pública,10.0,8.06,-1,-1,False,False,False
RA-1041,2023,FASE 1,1F,Aluno-1041,10,Feminino,2023,Pública,Agata,6.724116667,10.0,7.2,7.52,7.8125,3.3,1.8,4.7,,,,8.003333333,5.0,Fase 2 (5° e 6° ano),-1,1,2,Ágata,Pública,10.0,8.003333333,-1,-1,False,False,False
RA-733,2023,FASE 1,1G,Aluno-733,9,Feminino,2022,Pública,Topázio,8.3342,10.0,8.7,7.52,8.333333333,6.2,4.3,8.0,,,,8.893333333,10.0,Fase 1 (3° e 4° ano),0,1,1,Topázio,Pública,10.0,8.893333333,0,0,False,False,False
RA-837,2023,FASE 1,1G,Aluno-837,9,Masculino,2022,Pública,Topázio,8.2712,9.0,9.3,7.52,7.916666667,7.0,6.3,7.7,,,,7.836666667,10.0,Fase 1 (3° e 4° ano),0,1,1,Topázio,Pública,9.0,7.836666667,0,0,False,False,False
RA-519,2023,FASE 1,1G,Aluno-519,10,Masculino,2022,Pública,Topázio,8.0177,9.0,9.9,7.52,7.708333333,7.4,7.5,7.2,,,,8.223333333,5.0,Fase 2 (5° e 6° ano),-1,1,2,Topázio,Pública,9.0,8.223333333,-1,-1,False,False,False
RA-521,2023,FASE 1,1G,Aluno-521,10,Masculino,2022,Pública,Agata,6.768666667,0.0,9.9,3.77,7.083333333,7.9,7.0,8.7,,,,8.166666667,5.0,Fase 2 (5° e 6° ano),-1,1,2,Ágata,Pública,0.0,8.166666667,-1,-1,False,False,False
RA-1042,2023,FASE 1,1G,Aluno-1042,10,Masculino,2023,Pública,Quartzo,5.331166667,0.0,6.5,3.77,7.708333333,4.3,4.0,4.5,,,,7.666666667,5.0,Fase 2 (5° e 6° ano),-1,1,2,Quartzo,Pública,0.0,7.666666667,-1,-1,False,False,False
RA-713,2023,FASE 1,1G,Aluno-713,10,Masculino,2021,Pública,Ametista,7.408033333,8.0,9.6,3.77,6.875,7.5,6.7,8.2,,,,8.166666667,5.0,Fase 2 (5° e 6° ano),-1,1,2,Ametista,Pública,8.0,8.166666667,-1,-1,False,False,False
RA-736,2023,FASE 1,1G,Aluno-736,10,Masculino,2022,Pública,Ametista,7.600033333,8.5,9.5,6.27,7.708333333,6.7,4.8,8.5,,,,8.11,5.0,Fase 2 (5° e 6° ano),-1,1,2,Ametista,Pública,8.5,8.11,-1,-1,False,False,False
RA-1043,2023,FASE 1,1G,Aluno-1043,10,Masculino,2023,Pública,Agata,6.5447,10.0,7.9,6.27,7.708333333,2.5,2.0,3.0,,,,7.833333333,5.0,Fase 2 (5° e 6° ano),-1,1,2,Ágata,Pública,10.0,7.833333333,-1,-1,False,False,False
RA-716,2023,FASE 1,1G,Aluno-716,10,Masculino,2022,Pública,Agata,6.813366667,9.0,8.7,3.77,6.875,5.6,5.0,6.2,,,,7.443333333,5.0,Fase 2 (5° e 6° ano),-1,1,2,Ágata,Pública,9.0,7.443333333,-1,-1,False,False,False
RA-1044,2023,FASE 1,1G,Aluno-1044,10,Feminino,2023,Pública,Ametista,7.629533333,8.0,9.7,7.52,7.5,6.1,4.5,7.7,,,,8.336666667,5.0,Fase 2 (5° e 6° ano),-1,1,2,Ametista,Pública,8.0,8.336666667,-1,-1,False,False,False
RA-745,2023,FASE 1,1G,Aluno-745,10,Masculino,2021,Privada - Programa de Apadrinhamento,Ametista,7.668366667,9.5,9.3,3.77,8.125,7.0,5.7,8.2,,,,8.893333333,5.0,Fase 2 (5° e 6° ano),-1,1,2,Ametista,Privada - Programa de Apadrinhamento,9.5,8.893333333,-1,-1,False,False,False
RA-717,2023,FASE 1,1G,Aluno-717,11,Feminino,2021,Pública,Agata,6.633833333,0.0,8.5,7.52,8.125,5.9,5.5,6.3,,,,8.446666667,5.0,Fase 2 (5° e 6° ano),-1,1,2,Ágata,Pública,0.0,8.446666667,-1,-1,False,False,False
RA-718,2023,FASE 1,1G,Aluno-718,9,Feminino,2022,Pública,Topázio,8.166866667,9.5,9.1,3.77,7.916666667,7.8,6.3,9.2,,,,8.39,10.0,Fase 1 (3° e 4° ano),0,1,1,Topázio,Pública,9.5,8.39,0,0,False,False,False
RA-721,2023,FASE 1,1G,Aluno-721,9,Feminino,2021,Pública,Topázio,8.683366667,8.5,9.5,7.52,8.125,8.4,7.5,9.3,,,,8.443333333,10.0,Fase 1 (3° e 4° ano),0,1,1,Topázio,Pública,8.5,8.443333333,0,0,False,False,False
RA-746,2023,FASE 1,1G,Aluno-746,9,Masculino,2022,Pública,Agata,6.517166667,0.0,8.0,3.77,6.875,7.2,6.0,8.3,,,,7.113333333,10.0,Fase 1 (3° e 4° ano),0,1,1,Ágata,Pública,0.0,7.113333333,0,0,False,False,False
RA-1045,2023,FASE 1,1H,Aluno-1045,11,Feminino,2023,Pública,Topázio,8.089033333,9.5,9.4,7.52,7.708333333,7.9,6.8,9.0,,,,8.28,5.0,Fase 2 (5° e 6° ano),-1,1,2,Topázio,Pública,9.5,8.28,-1,-1,False,False,False
RA-483,2023,FASE 1,1H,Aluno-483,12,Feminino,2019,Pública,Agata,6.3972,9.0,6.0,2.52,7.916666667,5.6,5.0,6.2,,,,8.166666667,5.0,Fase 3 (7° e 8° ano),-2,1,3,Ágata,Pública,9.0,8.166666667,-2,-2,False,True,False
RA-1046,2023,FASE 1,1H,Aluno-1046,9,Masculino,2023,Pública,Agata,6.835833333,0.0,8.5,3.77,8.541666667,6.3,6.3,6.3,,,,8.223333333,10.0,Fase 1 (3° e 4° ano),0,1,1,Ágata,Pública,0.0,8.223333333,0,0,False,False,False
RA-1047,2023,FASE 1,1H,Aluno-1047,9,Masculino,2023,Pública,Ametista,7.848366667,10.0,8.5,3.77,8.125,6.9,5.8,8.0,,,,7.893333333,10.0,Fase 1 (3° e 4° ano),0,1,1,Ametista,Pública,10.0,7.893333333,0,0,False,False,False
RA-570,2023,FASE 1,1H,Aluno-570,11,Feminino,2019,Pública,Agata,6.781033333,8.5,7.3,3.77,8.125,5.9,5.7,6.0,,,,8.056666667,5.0,Fase 2 (5° e 6° ano),-1,1,2,Ágata,Pública,8.5,8.056666667,-1,-1,False,True,False
RA-1048,2023,FASE 1,1H,Aluno-1048,10,Feminino,2023,Privada,Ametista,7.811366667,8.5,9.5,3.77,8.541666667,8.2,7.5,8.8,,,,8.5,5.0,Fase 2 (5° e 6° ano),-1,1,2,Ametista,Privada,8.5,8.5,-1,-1,False,False,False
RA-1049,2023,FASE 1,1H,Aluno-1049,10,Masculino,2023,Pública,Ametista,7.443366667,10.0,7.7,7.52,8.125,6.3,5.5,7.0,,,,7.943333333,5.0,Fase 2 (5° e 6° ano),-1,1,2,Ametista,Pública,10.0,7.943333333,-1,-1,False,False,False
RA-1050,2023,FASE 1,1H,Aluno-1050,11,Masculino,2023,Pública,Ametista,7.764366667,9.0,9.2,6.27,8.125,7.2,6.2,8.2,,,,8.223333333,5.0,Fase 2 (5° e 6° ano),-1,1,2,Ametista,Pública,9.0,8.223333333,-1,-1,False,False,False
RA-1051,2023,FASE 1,1H,Aluno-1051,9,Feminino,2023,Pública,Topázio,8.534866667,8.5,8.9,6.27,8.75,8.4,7.0,9.8,,,,8.613333333,10.0,Fase 1 (3° e 4° ano),0,1,1,Topázio,Pública,8.5,8.613333333,0,0,False,False,False
RA-707,2023,FASE 1,1H,Aluno-707,11,Feminino,2020,Pública,Agata,6.518,0.0,9.8,3.77,7.916666667,6.5,5.5,7.5,,,,7.946666667,5.0,Fase 2 (5° e 6° ano),-1,1,2,Ágata,Pública,0.0,7.946666667,-1,-1,False,True,False
RA-1052,2023,FASE 1,1H,Aluno-1052,9,Masculino,2023,Pública,Agata,6.960333333,0.0,9.0,7.52,7.916666667,5.3,5.0,5.5,,,,7.833333333,10.0,Fase 1 (3° e 4° ano),0,1,1,Ágata,Pública,0.0,7.833333333,0,0,False,False,False
RA-580,2023,FASE 1,1H,Aluno-580,11,Feminino,2020,Pública,Topázio,8.4712,8.5,9.8,7.52,8.75,9.0,8.7,9.3,,,,8.67,5.0,Fase 2 (5° e 6° ano),-1,1,2,Topázio,Pública,8.5,8.67,-1,-1,False,True,False
RA-581,2023,FASE 1,1H,Aluno-581,11,Masculino,2019,Pública,Ametista,7.7167,8.0,9.8,7.52,6.458333333,7.9,7.0,8.8,,,,7.393333333,5.0,Fase 2 (5° e 6° ano),-1,1,2,Ametista,Pública,8.0,7.393333333,-1,-1,False,True,False
RA-735,2023,FASE 1,1J,Aluno-735,11,Feminino,2021,Pública,Ametista,7.184,0.0,9.0,7.52,8.333333333,8.1,7.7,8.5,,,,8.393333333,5.0,Fase 2 (5° e 6° ano),-1,1,2,Ametista,Pública,0.0,8.393333333,-1,-1,False,False,False
RA-710,2023,FASE 1,1J,Aluno-710,11,Masculino,2020,Pública,Ametista,7.0582,9.5,9.0,3.77,7.083333333,6.5,5.7,7.3,,,,7.113333333,5.0,Fase 2 (5° e 6° ano),-1,1,2,Ametista,Pública,9.5,7.113333333,-1,-1,False,True,False
RA-712,2023,FASE 1,1J,Aluno-712,12,Masculino,2019,Pública,Agata,6.331533333,9.5,5.6,3.14,7.5,6.7,5.5,7.8,,,,6.836666667,5.0,Fase 3 (7° e 8° ano),-2,1,3,Ágata,Pública,9.5,6.836666667,-2,-2,False,True,False
RA-549,2023,FASE 1,1J,Aluno-549,11,Masculino,2021,Pública,Ametista,7.0297,9.5,8.1,5.02,6.875,6.4,5.5,7.2,,,,7.5,5.0,Fase 2 (5° e 6° ano),-1,1,2,Ametista,Pública,9.5,7.5,-1,-1,False,False,False
RA-679,2023,FASE 1,1J,Aluno-679,11,Masculino,2020,Pública,Agata,6.138366667,7.5,7.5,5.02,6.875,3.6,2.0,5.2,,,,7.393333333,5.0,Fase 2 (5° e 6° ano),-1,1,2,Ágata,Pública,7.5,7.393333333,-1,-1,False,False,False
RA-571,2023,FASE 1,1J,Aluno-571,12,Feminino,2019,Privada,Agata,6.6097,9.0,7.9,3.77,7.291666667,5.0,3.8,6.2,,,,7.616666667,5.0,Fase 3 (7° e 8° ano),-2,1,3,Ágata,Privada,9.0,7.616666667,-2,-2,False,True,False
RA-714,2023,FASE 1,1J,Aluno-714,12,Masculino,2019,Pública,Agata,6.078666667,0.0,8.0,3.14,7.5,7.4,6.7,8.0,,,,7.223333333,5.0,Fase 3 (7° e 8° ano),-2,1,3,Ágata,Pública,0.0,7.223333333,-2,-2,False,True,False
RA-737,2023,FASE 1,1J,Aluno-737,9,Feminino,2022,Pública,Topázio,8.048033333,9.5,7.8,7.52,7.291666667,7.5,7.0,8.0,,,,7.783333333,10.0,Fase 1 (3° e 4° ano),0,1,1,Topázio,Pública,9.5,7.783333333,0,0,False,False,False
RA-577,2023,FASE 1,1J,Aluno-577,11,Feminino,2022,Pública,Ametista,7.219366667,10.0,8.2,3.77,6.875,7.4,6.5,8.3,,,,7.673333333,5.0,Fase 2 (5° e 6° ano),-1,1,2,Ametista,Pública,10.0,7.673333333,-1,-1,False,False,False
RA-1053,2023,FASE 1,1J,Aluno-1053,9,Masculino,2023,Pública,Ametista,7.776166667,0.0,9.1,6.27,8.958333333,8.6,7.8,9.3,,,,8.616666667,10.0,Fase 1 (3° e 4° ano),0,1,1,Ametista,Pública,0.0,8.616666667,0,0,False,False,False
RA-731,2023,FASE 1,1J,Aluno-731,11,Feminino,2019,Pública,Agata,6.7742,8.5,7.6,3.14,7.5,6.8,6.2,7.3,,,,7.45,5.0,Fase 2 (5° e 6° ano),-1,1,2,Ágata,Pública,8.5,7.45,-1,-1,False,True,False
RA-552,2023,FASE 1,1J,Aluno-552,12,Masculino,2022,Pública,Quartzo,5.248666667,0.0,5.6,3.14,6.666666667,6.4,6.5,6.2,,,,6.89,5.0,Fase 3 (7° e 8° ano),-2,1,3,Quartzo,Pública,0.0,6.89,-2,-2,False,False,False
RA-1054,2023,FASE 1,1J,Aluno-1054,12,Masculino,2023,Pública,Ametista,7.459533333,8.5,8.6,7.52,7.5,6.6,5.0,8.2,,,,7.836666667,5.0,Fase 3 (7° e 8° ano),-2,1,3,Ametista,Pública,8.5,7.836666667,-2,-2,False,False,False
RA-1055,2023,FASE 1,1J,Aluno-1055,11,Masculino,2023,Pública,Quartzo,5.9765,0.0,7.2,7.52,7.291666667,5.5,6.0,5.0,,,,7.276666667,5.0,Fase 2 (5° e 6° ano),-1,1,2,Quartzo,Pública,0.0,7.276666667,-1,-1,False,False,False
RA-597,2023,FASE 1,1K,Aluno-597,10,Masculino,2022,Pública,Topázio,8.49045,10.0,9.6,7.52,9.0625,8.5,7.8,9.2,,,,8.56,5.0,Fase 2 (5° e 6° ano),-1,1,2,Topázio,Pública,10.0,8.56,-1,-1,False,False,False
RA-624,2023,FASE 1,1K,Aluno-624,11,Masculino,2022,Pública,Topázio,8.270825,9.0,9.2,7.52,8.90625,8.6,8.3,8.8,,,,8.39,5.0,Fase 2 (5° e 6° ano),-1,1,2,Topázio,Pública,9.0,8.39,-1,-1,False,False,False
RA-776,2023,FASE 1,1K,Aluno-776,10,Feminino,2022,Privada - Programa de Apadrinhamento,Quartzo,5.567916667,0.0,7.0,7.52,7.8125,3.5,4.2,2.7,,,,7.223333333,5.0,Fase 2 (5° e 6° ano),-1,1,2,Quartzo,Privada - Programa de Apadrinhamento,0.0,7.223333333,-1,-1,False,False,False
RA-600,2023,FASE 1,1K,Aluno-600,10,Feminino,2021,Pública,Ametista,7.651658333,8.5,8.4,7.52,8.28125,7.2,6.5,7.8,,,,8.056666667,5.0,Fase 2 (5° e 6° ano),-1,1,2,Ametista,Pública,8.5,8.056666667,-1,-1,False,False,False
RA-1056,2023,FASE 1,1K,Aluno-1056,9,Masculino,2023,Pública,Topázio,8.551741667,8.5,9.6,7.52,7.96875,8.1,7.8,8.3,,,,8.113333333,10.0,Fase 1 (3° e 4° ano),0,1,1,Topázio,Pública,8.5,8.113333333,0,0,False,False,False
RA-791,2023,FASE 1,1K,Aluno-791,12,Feminino,2022,Pública,Agata,6.247916667,0.0,8.1,7.52,7.8125,5.3,6.0,4.5,,,,7.723333333,5.0,Fase 3 (7° e 8° ano),-2,1,3,Ágata,Pública,0.0,7.723333333,-2,-2,False,False,False
RA-601,2023,FASE 1,1K,Aluno-601,9,Masculino,2021,Pública,Topázio,8.955783333,9.0,10.0,7.52,9.0625,8.7,8.0,9.3,,,,8.336666667,10.0,Fase 1 (3° e 4° ano),0,1,1,Topázio,Pública,9.0,8.336666667,0,0,False,False,False
RA-762,2023,FASE 1,1K,Aluno-762,13,Masculino,2022,Pública,Ametista,7.09945,10.0,9.1,3.14,7.8125,5.8,6.2,5.3,,,,7.67,5.0,Fase 3 (7° e 8° ano),-2,1,3,Ametista,Pública,10.0,7.67,-2,-2,False,False,False
RA-778,2023,FASE 1,1K,Aluno-778,10,Feminino,2021,Pública,Ametista,7.926825,8.5,7.9,7.52,8.90625,8.2,7.3,9.0,,,,8.62,5.0,Fase 2 (5° e 6° ano),-1,1,2,Ametista,Pública,8.5,8.62,-1,-1,False,False,False
RA-628,2023,FASE 1,1K,Aluno-628,12,Masculino,2022,Pública,Topázio,8.370325,9.5,8.9,7.52,8.28125,9.4,9.0,9.7,,,,8.45,5.0,Fase 3 (7° e 8° ano),-2,1,3,Topázio,Pública,9.5,8.45,-2,-2,False,False,False
RA-606,2023,FASE 1,1K,Aluno-606,10,Masculino,2022,Pública,Ametista,7.402491667,8.5,8.5,7.52,7.65625,6.0,4.7,7.2,,,,8.223333333,5.0,Fase 2 (5° e 6° ano),-1,1,2,Ametista,Pública,8.5,8.223333333,-1,-1,False,False,False
RA-766,2023,FASE 1,1K,Aluno-766,11,Feminino,2020,Pública,Topázio,8.008408333,10.0,8.7,4.39,9.21875,8.7,9.2,8.2,,,,8.336666667,5.0,Fase 2 (5° e 6° ano),-1,1,2,Topázio,Pública,10.0,8.336666667,-1,-1,False,False,False
RA-607,2023,FASE 1,1K,Aluno-607,11,Masculino,2022,Pública,Ametista,7.333075,8.0,7.5,7.52,7.96875,6.8,4.8,8.7,,,,8.17,5.0,Fase 2 (5° e 6° ano),-1,1,2,Ametista,Pública,8.0,8.17,-1,-1,False,False,False
RA-608,2023,FASE 1,1K,Aluno-608,10,Masculino,2022,Pública,Ametista,7.401741667,10.0,7.5,7.52,7.96875,6.2,6.0,6.3,,,,8.113333333,5.0,Fase 2 (5° e 6° ano),-1,1,2,Ametista,Pública,10.0,8.113333333,-1,-1,False,False,False
RA-788,2023,FASE 1,1K,Aluno-788,9,Masculino,2021,Pública,Ametista,7.806091667,7.9,9.8,2.52,7.65625,6.9,6.0,7.8,,,,8.283333333,10.0,Fase 1 (3° e 4° ano),0,1,1,Ametista,Pública,7.9,8.283333333,0,0,False,False,False
RA-784,2023,FASE 1,1L,Aluno-784,10,Feminino,2022,Pública,Topázio,8.171366667,10.0,9.5,7.52,8.125,7.3,6.5,8.0,,,,8.783333333,5.0,Fase 2 (5° e 6° ano),-1,1,2,Topázio,Pública,10.0,8.783333333,-1,-1,True,False,False
RA-785,2023,FASE 1,1L,Aluno-785,10,Feminino,2022,Pública,Topázio,8.137866667,9.0,8.5,7.52,7.916666667,8.8,8.2,9.4,,,,8.67,5.0,Fase 2 (5° e 6° ano),-1,1,2,Topázio,Pública,9.0,8.67,-1,-1,False,False,False
RA-587,2023,FASE 1,1L,Aluno-587,11,Masculino,2022,Pública,Agata,6.032033333,8.5,7.0,7.52,6.458333333,2.7,2.2,3.2,,,,6.72,5.0,Fase 2 (5° e 6° ano),-1,1,2,Ágata,Pública,8.5,6.72,-1,-1,False,False,False
RA-790,2023,FASE 1,1L,Aluno-790,12,Masculino,2022,Pública,Agata,6.707666667,0.0,8.1,7.52,7.083333333,7.4,7.2,7.5,,,,8.286666667,5.0,Fase 3 (7° e 8° ano),-2,1,3,Ágata,Pública,0.0,8.286666667,-2,-2,True,False,False
RA-663,2023,FASE 1,1L,Aluno-663,11,Masculino,2022,Pública,Agata,6.969133333,6.9,7.4,7.52,6.666666667,7.0,6.7,7.3,,,,7.393333333,5.0,Fase 2 (5° e 6° ano),-1,1,2,Ágata,Pública,6.9,7.393333333,-1,-1,False,False,False
RA-664,2023,FASE 1,1L,Aluno-664,11,Feminino,2022,Pública,Topázio,8.0872,9.0,9.6,7.52,7.916666667,8.0,8.0,8.0,,,,8.116666667,5.0,Fase 2 (5° e 6° ano),-1,1,2,Topázio,Pública,9.0,8.116666667,-1,-1,False,False,False
RA-761,2023,FASE 1,1L,Aluno-761,10,Masculino,2022,Pública,Topázio,8.219533333,9.0,9.7,7.52,8.333333333,8.4,8.7,8.0,,,,8.12,5.0,Fase 2 (5° e 6° ano),-1,1,2,Topázio,Pública,9.0,8.12,-1,-1,False,False,False
RA-1057,2023,FASE 1,1L,Aluno-1057,9,Feminino,2023,Pública,Topázio,8.4827,10.0,10.0,7.52,8.125,6.3,6.5,6.0,,,,8.34,10.0,Fase 1 (3° e 4° ano),0,1,1,Topázio,Pública,10.0,8.34,0,0,False,False,False
RA-629,2023,FASE 1,1L,Aluno-629,10,Feminino,2022,Pública,Topázio,8.013866667,10.0,9.4,7.52,7.916666667,7.5,7.0,8.0,,,,7.95,5.0,Fase 2 (5° e 6° ano),-1,1,2,Topázio,Pública,10.0,7.95,-1,-1,True,False,False
RA-832,2023,FASE 1,1L,Aluno-832,10,Masculino,2022,Pública,Topázio,8.2697,10.0,9.5,7.52,7.708333333,8.5,9.2,7.7,,,,8.283333333,5.0,Fase 2 (5° e 6° ano),-1,1,2,Topázio,Pública,10.0,8.283333333,-1,-1,False,False,False
RA-594,2023,FASE 1,1L,Aluno-594,11,Masculino,2022,Pública,Agata,6.702033333,8.5,7.1,6.27,6.875,5.8,6.2,5.3,,,,7.336666667,5.0,Fase 2 (5° e 6° ano),-1,1,2,Ágata,Pública,8.5,7.336666667,-1,-1,False,False,False
RA-617,2023,FASE 1,1L,Aluno-617,11,Feminino,2021,Pública,Agata,6.816166667,0.0,9.0,7.52,7.708333333,6.9,5.5,8.2,,,,8.116666667,5.0,Fase 2 (5° e 6° ano),-1,1,2,Ágata,Pública,0.0,8.116666667,-1,-1,False,False,False
RA-767,2023,FASE 1,1L,Aluno-767,11,Masculino,2021,Pública,Ametista,7.3807,10.0,8.3,7.52,7.291666667,6.3,6.5,6.0,,,,7.446666667,5.0,Fase 2 (5° e 6° ano),-1,1,2,Ametista,Pública,10.0,7.446666667,-1,-1,False,False,False
RA-1058,2023,FASE 1,1L,Aluno-1058,9,Feminino,2023,Pública,Ametista,7.356533333,10.0,8.7,3.14,7.083333333,5.4,4.0,6.7,,,,7.62,10.0,Fase 1 (3° e 4° ano),0,1,1,Ametista,Pública,10.0,7.62,0,0,False,False,False
RA-747,2023,FASE 1,1L,Aluno-747,11,Feminino,2022,Pública,Agata,6.026366667,10.0,8.0,3.14,6.041666667,3.1,1.2,5.0,,,,6.94,5.0,Fase 2 (5° e 6° ano),-1,1,2,Ágata,Pública,10.0,6.94,-1,-1,False,False,False
RA-827,2023,FASE 1,1M,Aluno-827,11,Feminino,2022,Pública,Ametista,7.419925,7.9,8.1,3.14,8.28125,8.1,7.7,8.5,,,,8.73,5.0,Fase 2 (5° e 6° ano),-1,1,2,Ametista,Pública,7.9,8.73,-1,-1,False,False,False
RA-1059,2023,FASE 1,1M,Aluno-1059,10,Masculino,2023,Pública,Ametista,7.763741667,10.0,9.8,2.52,7.96875,7.6,6.2,9.0,,,,8.673333333,5.0,Fase 2 (5° e 6° ano),-1,1,2,Ametista,Pública,10.0,8.673333333,-1,-1,False,False,False
RA-612,2023,FASE 1,1M,Aluno-612,11,Feminino,2021,Privada - Programa de Apadrinhamento,Topázio,8.410783333,9.0,9.7,3.77,9.0625,9.7,9.3,10.0,,,,9.286666667,5.0,Fase 2 (5° e 6° ano),-1,1,2,Topázio,Privada - Programa de Apadrinhamento,9.0,9.286666667,-1,-1,False,False,False
RA-1060,2023,FASE 1,1M,Aluno-1060,10,Masculino,2023,Pública,Ametista,7.095741667,9.0,8.6,3.14,7.96875,5.7,4.3,7.0,,,,8.673333333,5.0,Fase 2 (5° e 6° ano),-1,1,2,Ametista,Pública,9.0,8.673333333,-1,-1,False,False,False
RA-665,2023,FASE 1,1M,Aluno-665,11,Feminino,2022,Pública,Agata,6.185658333,9.5,4.9,2.52,8.28125,5.2,5.0,5.3,,,,8.226666667,5.0,Fase 2 (5° e 6° ano),-1,1,2,Ágata,Pública,9.5,8.226666667,-1,-1,False,False,False
RA-829,2023,FASE 1,1M,Aluno-829,9,Feminino,2022,Pública,Topázio,8.532075,9.0,9.4,3.14,9.21875,8.4,7.5,9.2,,,,9.23,10.0,Fase 1 (3° e 4° ano),0,1,1,Topázio,Pública,9.0,9.23,0,0,False,False,False
RA-1061,2023,FASE 1,1M,Aluno-1061,10,Masculino,2023,Pública,Topázio,8.196533333,9.5,9.7,3.14,8.75,9.3,8.8,9.7,,,,8.836666667,5.0,Fase 2 (5° e 6° ano),-1,1,2,Topázio,Pública,9.5,8.836666667,-1,-1,False,False,False
RA-1062,2023,FASE 1,1M,Aluno-1062,9,Masculino,2023,Pública,Ametista,7.448841667,7.4,7.7,3.77,8.59375,6.2,4.8,7.5,,,,8.503333333,10.0,Fase 1 (3° e 4° ano),0,1,1,Ametista,Pública,7.4,8.503333333,0,0,False,False,False
RA-615,2023,FASE 1,1M,Aluno-615,10,Feminino,2020,Pública,Ametista,7.815658333,10.0,9.7,3.14,8.28125,7.6,6.8,8.3,,,,8.616666667,5.0,Fase 2 (5° e 6° ano),-1,1,2,Ametista,Pública,10.0,8.616666667,-1,-1,False,False,False
RA-833,2023,FASE 1,1M,Aluno-833,10,Masculino,2022,Pública,Ametista,7.81295,10.0,9.5,3.77,8.4375,7.4,7.3,7.5,,,,8.56,5.0,Fase 2 (5° e 6° ano),-1,1,2,Ametista,Pública,10.0,8.56,-1,-1,False,False,False
RA-630,2023,FASE 1,1M,Aluno-630,10,Masculino,2022,Pública,Ametista,7.199991667,9.0,8.6,3.77,8.28125,5.7,4.2,7.2,,,,8.673333333,5.0,Fase 2 (5° e 6° ano),-1,1,2,Ametista,Pública,9.0,8.673333333,-1,-1,False,False,False
RA-752,2023,FASE 1,1N,Aluno-752,11,Feminino,2022,Pública,Topázio,8.073825,9.5,9.9,7.52,7.65625,6.4,4.8,8.0,,,,9.23,5.0,Fase 2 (5° e 6° ano),-1,1,2,Topázio,Pública,9.5,9.23,-1,-1,False,False,False
RA-777,2023,FASE 1,1N,Aluno-777,9,Feminino,2022,Pública,Ametista,7.468125,0.0,9.3,7.52,8.28125,6.3,5.3,7.3,,,,8.84,10.0,Fase 1 (3° e 4° ano),0,1,1,Ametista,Pública,0.0,8.84,0,0,True,False,False
RA-1063,2023,FASE 1,1N,Aluno-1063,11,Masculino,2023,Privada - Programa de Apadrinhamento,Ametista,7.490825,9.5,9.5,7.52,6.40625,5.9,4.7,7.0,,,,7.89,5.0,Fase 2 (5° e 6° ano),-1,1,2,Ametista,Privada - Programa de Apadrinhamento,9.5,7.89,-1,-1,False,False,False
RA-764,2023,FASE 1,1N,Aluno-764,9,Masculino,2022,Pública,Ametista,7.682125,0.0,9.2,7.52,8.28125,7.8,6.0,9.5,,,,8.56,10.0,Fase 1 (3° e 4° ano),0,1,1,Ametista,Pública,0.0,8.56,0,0,False,False,False
RA-1064,2023,FASE 1,1N,Aluno-1064,10,Masculino,2023,Pública,Topázio,8.4777,8.5,9.8,7.52,9.375,8.6,8.3,8.8,,,,8.84,5.0,Fase 2 (5° e 6° ano),-1,1,2,Topázio,Pública,8.5,8.84,-1,-1,False,False,False
RA-1065,2023,FASE 1,1N,Aluno-1065,10,Feminino,2023,Pública,Topázio,8.03395,8.5,9.6,7.52,8.4375,7.0,7.7,6.3,,,,8.84,5.0,Fase 2 (5° e 6° ano),-1,1,2,Topázio,Pública,8.5,8.84,-1,-1,False,False,False
RA-772,2023,FASE 1,1N,Aluno-772,12,Masculino,2021,Pública,Quartzo,5.930166667,0.0,7.2,7.52,6.875,4.8,5.2,4.3,,,,8.003333333,5.0,Fase 3 (7° e 8° ano),-2,1,3,Quartzo,Pública,0.0,8.003333333,-2,-2,False,False,False
RA-781,2023,FASE 1,1N,Aluno-781,10,Feminino,2021,Pública,Topázio,8.209283333,7.5,9.8,7.52,8.4375,7.9,7.0,8.8,,,,9.116666667,5.0,Fase 2 (5° e 6° ano),-1,1,2,Topázio,Pública,7.5,9.116666667,-1,-1,False,False,False
RA-1066,2023,FASE 1,1N,Aluno-1066,10,Feminino,2023,Pública,Ametista,7.262616667,8.5,6.6,7.52,8.4375,6.2,4.2,8.2,,,,8.783333333,5.0,Fase 2 (5° e 6° ano),-1,1,2,Ametista,Pública,8.5,8.783333333,-1,-1,False,False,False
RA-1067,2023,FASE 1,1N,Aluno-1067,10,Masculino,2023,Pública,Agata,6.541458333,0.0,7.9,7.52,8.28125,5.4,4.5,6.3,,,,9.006666667,5.0,Fase 2 (5° e 6° ano),-1,1,2,Ágata,Pública,0.0,9.006666667,-1,-1,False,False,False
RA-834,2023,FASE 1,1N,Aluno-834,10,Masculino,2022,Pública,Topázio,8.662616667,9.0,9.9,6.27,9.6875,9.2,9.0,9.3,,,,9.283333333,5.0,Fase 2 (5° e 6° ano),-1,1,2,Topázio,Pública,9.0,9.283333333,-1,-1,False,False,False
RA-722,2023,FASE 1,1N,Aluno-722,10,Feminino,2021,Pública,Ametista,7.3387,8.5,9.6,2.52,8.125,6.4,4.5,8.2,,,,8.67,5.0,Fase 2 (5° e 6° ano),-1,1,2,Ametista,Pública,8.5,8.67,-1,-1,False,False,False
RA-1068,2023,FASE 1,1P,Aluno-1068,10,Masculino,2023,Pública,Topázio,8.472533333,8.5,9.3,6.89,9.166666667,9.0,8.3,9.7,,,,9.283333333,5.0,Fase 2 (5° e 6° ano),-1,1,2,Topázio,Pública,8.5,9.283333333,-1,-1,False,False,False
RA-796,2023,FASE 1,1P,Aluno-796,11,Feminino,2022,Pública,Ametista,7.462866667,9.0,9.8,6.27,7.083333333,5.5,5.0,6.0,,,,8.336666667,5.0,Fase 2 (5° e 6° ano),-1,1,2,Ametista,Pública,9.0,8.336666667,-1,-1,False,False,False
RA-1069,2023,FASE 1,1P,Aluno-1069,11,Masculino,2023,Pública,Ametista,7.590033333,9.0,7.8,7.52,8.125,7.1,7.5,6.7,,,,8.226666667,5.0,Fase 2 (5° e 6° ano),-1,1,2,Ametista,Pública,9.0,8.226666667,-1,-1,False,False,False
RA-797,2023,FASE 1,1P,Aluno-797,11,Masculino,2021,Pública,Ametista,7.373033333,8.5,8.6,7.52,6.041666667,7.5,7.0,8.0,,,,7.233333333,5.0,Fase 2 (5° e 6° ano),-1,1,2,Ametista,Pública,8.5,7.233333333,-1,-1,False,False,False
RA-647,2023,FASE 1,1P,Aluno-647,10,Feminino,2022,Privada - Programa de Apadrinhamento,Ametista,7.100566667,7.3,8.7,6.27,7.708333333,5.2,4.7,5.7,,,,8.446666667,5.0,Fase 2 (5° e 6° ano),-1,1,2,Ametista,Privada - Programa de Apadrinhamento,7.3,8.446666667,-1,-1,True,False,False
RA-814,2023,FASE 1,1P,Aluno-814,10,Masculino,2022,Pública,Topázio,8.367866667,9.5,9.6,6.89,8.333333333,8.2,7.8,8.5,,,,9.226666667,5.0,Fase 2 (5° e 6° ano),-1,1,2,Topázio,Pública,9.5,9.226666667,-1,-1,False,False,False
RA-652,2023,FASE 1,1P,Aluno-652,10,Feminino,2022,Pública,Ametista,7.871033333,9.0,9.4,6.89,8.125,7.0,6.2,7.8,,,,8.446666667,5.0,Fase 2 (5° e 6° ano),-1,1,2,Ametista,Pública,9.0,8.446666667,-1,-1,False,False,False
RA-816,2023,FASE 1,1P,Aluno-816,10,Feminino,2022,Pública,Topázio,8.5572,7.5,9.8,7.52,9.583333333,8.9,7.8,10.0,,,,9.283333333,5.0,Fase 2 (5° e 6° ano),-1,1,2,Topázio,Pública,7.5,9.283333333,-1,-1,False,False,False
RA-640,2023,FASE 1,1P,Aluno-640,12,Feminino,2022,Pública,Agata,6.1105,0.0,7.3,7.52,7.291666667,4.9,4.0,5.8,,,,8.446666667,5.0,Fase 3 (7° e 8° ano),-2,1,3,Ágata,Pública,0.0,8.446666667,-2,-2,False,False,False
RA-810,2023,FASE 1,1P,Aluno-810,9,Masculino,2021,Pública,Ametista,7.782866667,8.0,8.5,7.52,5.833333333,6.9,6.3,7.5,,,,7.836666667,10.0,Fase 1 (3° e 4° ano),0,1,1,Ametista,Pública,8.0,7.836666667,0,0,False,False,False
RA-643,2023,FASE 1,1P,Aluno-643,11,Masculino,2022,Pública,Ametista,7.389033333,9.5,8.2,7.52,6.041666667,7.1,7.0,7.2,,,,7.613333333,5.0,Fase 2 (5° e 6° ano),-1,1,2,Ametista,Pública,9.5,7.613333333,-1,-1,False,False,False
RA-819,2023,FASE 1,1P,Aluno-819,9,Masculino,2022,Pública,Ametista,7.944833333,0.0,8.3,7.52,8.541666667,9.5,9.7,9.3,,,,8.893333333,10.0,Fase 1 (3° e 4° ano),0,1,1,Ametista,Pública,0.0,8.893333333,0,0,False,False,False
RA-1070,2023,FASE 1,1P,Aluno-1070,11,Masculino,2023,Pública,Agata,6.939033333,9.0,7.8,3.14,7.708333333,5.8,5.3,6.3,,,,8.67,5.0,Fase 2 (5° e 6° ano),-1,1,2,Ágata,Pública,9.0,8.67,-1,-1,False,False,False
RA-813,2023,FASE 1,1R,Aluno-813,9,Masculino,2022,Pública,Ametista,7.5867,9.5,8.4,7.52,8.125,3.9,2.3,5.5,,,,8.06,10.0,Fase 1 (3° e 4° ano),0,1,1,Ametista,Pública,9.5,8.06,0,0,False,False,False
RA-636,2023,FASE 1,1R,Aluno-636,11,Masculino,2022,Pública,Agata,6.836666667,0.0,8.3,5.64,8.333333333,9.0,9.2,8.7,,,,7.446666667,5.0,Fase 2 (5° e 6° ano),-1,1,2,Ágata,Pública,0.0,7.446666667,-1,-1,False,False,False
RA-798,2023,FASE 1,1R,Aluno-798,11,Masculino,2022,Privada - Programa de Apadrinhamento,Ametista,7.018033333,9.0,8.1,7.52,6.458333333,6.1,4.3,7.8,,,,6.95,5.0,Fase 2 (5° e 6° ano),-1,1,2,Ametista,Privada - Programa de Apadrinhamento,9.0,6.95,-1,-1,False,False,False
RA-799,2023,FASE 1,1R,Aluno-799,10,Feminino,2022,Pública,Topázio,8.061533333,9.5,9.6,5.64,8.333333333,8.3,7.8,8.8,,,,8.17,5.0,Fase 2 (5° e 6° ano),-1,1,2,Topázio,Pública,9.5,8.17,-1,-1,False,False,False
RA-815,2023,FASE 1,1R,Aluno-815,10,Masculino,2022,Pública,Agata,6.122166667,0.0,8.6,5.02,6.875,6.5,7.0,6.0,,,,7.063333333,5.0,Fase 2 (5° e 6° ano),-1,1,2,Ágata,Pública,0.0,7.063333333,-1,-1,False,False,False
RA-637,2023,FASE 1,1R,Aluno-637,11,Feminino,2021,Pública,Topázio,8.109533333,8.0,9.5,7.52,8.333333333,8.5,8.7,8.2,,,,8.17,5.0,Fase 2 (5° e 6° ano),-1,1,2,Topázio,Pública,8.0,8.17,-1,-1,False,False,False
RA-638,2023,FASE 1,1R,Aluno-638,10,Feminino,2020,Pública,Ametista,7.754866667,9.0,9.4,7.52,8.333333333,6.5,6.8,6.2,,,,7.946666667,5.0,Fase 2 (5° e 6° ano),-1,1,2,Ametista,Pública,9.0,7.946666667,-1,-1,False,True,False
RA-801,2023,FASE 1,1R,Aluno-801,9,Masculino,2022,Pública,Agata,6.8735,0.0,7.5,7.52,6.875,7.6,6.8,8.3,,,,7.12,10.0,Fase 1 (3° e 4° ano),0,1,1,Ágata,Pública,0.0,7.12,0,0,False,False,False
RA-802,2023,FASE 1,1R,Aluno-802,10,Masculino,2021,Pública,Topázio,8.126866667,8.0,9.3,7.52,8.333333333,9.4,9.3,9.5,,,,7.506666667,5.0,Fase 2 (5° e 6° ano),-1,1,2,Topázio,Pública,8.0,7.506666667,-1,-1,False,False,False
RA-1071,2023,FASE 1,1R,Aluno-1071,11,Masculino,2023,Pública,Agata,6.414033333,9.0,8.6,7.52,5.625,3.5,1.7,5.3,,,,6.396666667,5.0,Fase 2 (5° e 6° ano),-1,1,2,Ágata,Pública,9.0,6.396666667,-1,-1,False,False,False
RA-817,2023,FASE 1,1R,Aluno-817,9,Feminino,2022,Pública,Ametista,7.8597,9.5,8.8,6.89,8.125,5.4,5.0,5.7,,,,7.89,10.0,Fase 1 (3° e 4° ano),0,1,1,Ametista,Pública,9.5,7.89,0,0,False,False,False
RA-818,2023,FASE 1,1R,Aluno-818,8,Masculino,2022,Pública,Ametista,7.997366667,10.0,8.4,7.52,8.125,6.2,5.5,6.8,,,,7.613333333,10.0,ALFA (1° e 2° ano),1,1,0,Ametista,Pública,10.0,7.613333333,1,1,False,False,False
RA-804,2023,FASE 1,1R,Aluno-804,11,Masculino,2022,Pública,Ametista,7.2352,10.0,8.6,6.27,5.833333333,6.9,6.2,7.5,,,,7.173333333,5.0,Fase 2 (5° e 6° ano),-1,1,2,Ametista,Pública,10.0,7.173333333,-1,-1,False,False,False
RA-645,2023,FASE 1,1R,Aluno-645,11,Feminino,2022,Pública,Ametista,7.613033333,9.0,8.5,6.27,8.125,7.3,6.5,8.0,,,,8.116666667,5.0,Fase 2 (5° e 6° ano),-1,1,2,Ametista,Pública,9.0,8.116666667,-1,-1,False,False,False
RA-479,2023,FASE 2,2A,Aluno-479,11,Masculino,2020,Privada - Programa de Apadrinhamento,Topázio,8.988866667,9.0,10.0,2.52,9.791666667,9.7,9.3,10.0,,,,9.6375,10.0,Fase 2 (5° e 6° ano),0,2,2,Topázio,Privada - Programa de Apadrinhamento,9.0,9.6375,0,0,False,True,False
RA-493,2023,FASE 2,2A,Aluno-493,10,Feminino,2020,Pública,Ametista,7.934366667,9.5,9.6,2.52,8.541666667,6.0,4.7,7.2,,,,8.84,10.0,Fase 2 (5° e 6° ano),0,2,2,Ametista,Pública,9.5,8.84,0,0,False,True,False
RA-1072,2023,FASE 2,2A,Aluno-1072,11,Masculino,2023,Pública,Topázio,8.0152,9.0,8.6,5.0,8.125,6.7,5.2,8.2,,,,8.7125,10.0,Fase 2 (5° e 6° ano),0,2,2,Topázio,Pública,9.0,8.7125,0,0,False,False,False
RA-536,2023,FASE 2,2A,Aluno-536,10,Feminino,2020,Pública,Ametista,7.759533333,8.0,9.3,2.52,8.333333333,5.9,5.0,6.8,,,,9.17,10.0,Fase 2 (5° e 6° ano),0,2,2,Ametista,Pública,8.0,9.17,0,0,False,True,False
RA-1073,2023,FASE 2,2A,Aluno-1073,12,Feminino,2023,Pública,Agata,6.384333333,0.0,8.8,2.52,8.333333333,6.2,4.8,7.5,,,,9.045,5.0,Fase 3 (7° e 8° ano),-1,2,3,Ágata,Pública,0.0,9.045,-1,-1,False,True,False
RA-494,2023,FASE 2,2A,Aluno-494,12,Feminino,2022,Privada,Ametista,7.116633333,6.9,9.0,2.52,7.708333333,6.8,6.3,7.3,,,,8.71,5.0,Fase 3 (7° e 8° ano),-1,2,3,Ametista,Privada,6.9,8.71,-1,-1,False,False,False
RA-496,2023,FASE 2,2A,Aluno-496,12,Masculino,2018,Privada,Agata,6.603666667,0.0,7.1,5.0,7.916666667,8.3,7.5,9.0,,,,8.71,5.0,Fase 3 (7° e 8° ano),-1,2,3,Ágata,Privada,0.0,8.71,-1,-1,False,True,False
RA-497,2023,FASE 2,2A,Aluno-497,14,Feminino,2016,Privada - Programa de apadrinhamento,Quartzo,5.7191,5.3,8.7,2.52,6.25,3.5,1.7,5.3,,,,6.885,5.0,Fase 4 (9° ano),-2,2,4,Quartzo,Privada - Programa de Apadrinhamento,5.3,6.885,-2,-2,False,True,False
RA-1074,2023,FASE 2,2A,Aluno-1074,12,Feminino,2023,Pública,Agata,6.195833333,0.0,9.8,2.52,7.083333333,6.0,8.0,4.0,,,,7.8775,5.0,Fase 3 (7° e 8° ano),-1,2,3,Ágata,Pública,0.0,7.8775,-1,-1,False,False,False
RA-486,2023,FASE 2,2A,Aluno-486,11,Feminino,2020,Privada,Ametista,7.1043,8.4,6.4,2.52,7.5,6.2,3.3,9.0,,,,8.7525,10.0,Fase 2 (5° e 6° ano),0,2,2,Ametista,Privada,8.4,8.7525,0,0,False,False,False
RA-1075,2023,FASE 2,2A,Aluno-1075,12,Feminino,2023,Pública,Agata,6.591333333,0.0,9.6,5.0,7.708333333,5.5,5.0,6.0,,,,9.0025,5.0,Fase 3 (7° e 8° ano),-1,2,3,Ágata,Pública,0.0,9.0025,-1,-1,False,False,False
RA-578,2023,FASE 2,2A,Aluno-578,11,Masculino,2019,Privada - Programa de Apadrinhamento,Topázio,9.013866667,9.0,10.0,2.52,9.791666667,9.7,9.8,9.5,,,,9.7625,10.0,Fase 2 (5° e 6° ano),0,2,2,Topázio,Privada - Programa de Apadrinhamento,9.0,9.7625,0,0,False,True,False
RA-513,2023,FASE 2,2A,Aluno-513,10,Masculino,2021,Privada,Topázio,8.297866667,9.5,9.7,2.52,8.541666667,7.5,7.2,7.8,,,,9.0075,10.0,Fase 2 (5° e 6° ano),0,2,2,Topázio,Privada,9.5,9.0075,0,0,False,False,False
RA-487,2023,FASE 2,2A,Aluno-487,11,Feminino,2019,Privada - Programa de Apadrinhamento,Topázio,8.988866667,8.5,9.9,5.0,9.166666667,9.5,9.2,9.7,,,,9.26,10.0,Fase 2 (5° e 6° ano),0,2,2,Topázio,Privada - Programa de Apadrinhamento,8.5,9.26,0,0,False,True,False
RA-1076,2023,FASE 2,2A,Aluno-1076,12,Feminino,2023,Pública,Ametista,7.901033333,9.0,9.7,2.52,8.333333333,8.5,9.0,8.0,,,,8.8775,5.0,Fase 3 (7° e 8° ano),-1,2,3,Ametista,Pública,9.0,8.8775,-1,-1,False,True,False
RA-490,2023,FASE 2,2A,Aluno-490,11,Feminino,2022,Privada,Ametista,7.429466667,7.9,7.9,2.52,8.541666667,5.8,2.8,8.7,,,,9.0075,10.0,Fase 2 (5° e 6° ano),0,2,2,Ametista,Privada,7.9,9.0075,0,0,False,False,False
RA-491,2023,FASE 2,2A,Aluno-491,11,Masculino,2022,Pública,Ametista,7.560533333,9.5,9.6,2.52,7.708333333,5.0,3.3,6.7,,,,8.3375,10.0,Fase 2 (5° e 6° ano),0,2,2,Ametista,Pública,9.5,8.3375,0,0,False,False,False
RA-1077,2023,FASE 2,2B,Aluno-1077,11,Masculino,2023,Pública,Ametista,7.2115,0.0,9.7,2.52,8.75,7.3,6.8,7.8,,,,8.4225,10.0,Fase 2 (5° e 6° ano),0,2,2,Ametista,Pública,0.0,8.4225,0,0,False,False,False
RA-484,2023,FASE 2,2B,Aluno-484,12,Masculino,2022,Pública,Quartzo,5.515466667,6.4,7.5,2.52,5.416666667,3.6,3.2,4.0,,,,6.8,5.0,Fase 3 (7° e 8° ano),-1,2,3,Quartzo,Pública,6.4,6.8,-1,-1,False,False,False
RA-508,2023,FASE 2,2B,Aluno-508,10,Masculino,2022,Pública,Ametista,7.671633333,6.4,8.6,2.52,8.333333333,7.5,6.2,8.7,,,,8.6725,10.0,Fase 2 (5° e 6° ano),0,2,2,Ametista,Pública,6.4,8.6725,0,0,False,False,False
RA-495,2023,FASE 2,2B,Aluno-495,12,Masculino,2022,Privada,Ametista,7.417366667,9.0,8.4,2.52,8.541666667,7.4,6.0,8.8,,,,8.755,5.0,Fase 3 (7° e 8° ano),-1,2,3,Ametista,Privada,9.0,8.755,-1,-1,False,False,False
RA-1078,2023,FASE 2,2B,Aluno-1078,14,Masculino,2023,Pública,Agata,6.472333333,5.3,6.8,2.52,8.958333333,6.4,4.3,8.5,,,,8.2975,5.0,Fase 4 (9° ano),-2,2,4,Ágata,Pública,5.3,8.2975,-2,-2,False,False,False
RA-340,2023,FASE 2,2B,Aluno-340,12,Masculino,2017,Pública,Ametista,7.059666667,0.0,9.6,2.52,9.166666667,8.9,9.0,8.7,,,,8.505,5.0,Fase 3 (7° e 8° ano),-1,2,3,Ametista,Pública,0.0,8.505,-1,-1,False,True,False
RA-1079,2023,FASE 2,2B,Aluno-1079,12,Masculino,2023,Pública,Agata,6.916533333,9.0,8.1,2.52,7.083333333,7.6,7.3,7.8,,,,7.13,5.0,Fase 3 (7° e 8° ano),-1,2,3,Ágata,Pública,9.0,7.13,-1,-1,False,False,False
RA-1080,2023,FASE 2,2B,Aluno-1080,12,Masculino,2023,Pública,Agata,6.571966667,7.9,10.0,5.0,8.541666667,1.5,0.0,3.0,,,,8.13,5.0,Fase 3 (7° e 8° ano),-1,2,3,Ágata,Pública,7.9,8.13,-1,-1,False,False,False
RA-1081,2023,FASE 2,2B,Aluno-1081,14,Feminino,2023,Pública,Ametista,7.666033333,10.0,10.0,2.52,8.958333333,6.5,8.0,5.0,,,,8.59,5.0,Fase 4 (9° ano),-2,2,4,Ametista,Pública,10.0,8.59,-2,-2,False,False,False
RA-1082,2023,FASE 2,2B,Aluno-1082,12,Feminino,2023,Pública,Ametista,7.1617,9.5,9.5,2.52,8.75,5.0,3.5,6.5,,,,8.4225,5.0,Fase 3 (7° e 8° ano),-1,2,3,Ametista,Pública,9.5,8.4225,-1,-1,False,False,False
RA-1083,2023,FASE 2,2B,Aluno-1083,10,Feminino,2023,Pública,Topázio,8.2345,6.8,10.0,5.0,8.75,7.5,7.0,8.0,,,,8.38,10.0,Fase 2 (5° e 6° ano),0,2,2,Topázio,Pública,6.8,8.38,0,0,False,False,False
RA-531,2023,FASE 2,2B,Aluno-531,11,Masculino,2022,Pública,Topázio,8.3252,9.5,10.0,2.52,8.75,7.7,6.3,9.0,,,,8.59,10.0,Fase 2 (5° e 6° ano),0,2,2,Topázio,Pública,9.5,8.59,0,0,False,False,False
RA-1084,2023,FASE 2,2B,Aluno-1084,11,Feminino,2023,Pública,Ametista,7.9948,8.4,10.0,2.52,8.75,6.8,5.0,8.5,,,,8.38,10.0,Fase 2 (5° e 6° ano),0,2,2,Ametista,Pública,8.4,8.38,0,0,False,False,False
RA-516,2023,FASE 2,2B,Aluno-516,10,Masculino,2019,Privada - Programa de Apadrinhamento,Topázio,8.6807,10.0,9.8,2.52,8.75,9.3,9.0,9.5,,,,8.7175,10.0,Fase 2 (5° e 6° ano),0,2,2,Topázio,Privada - Programa de Apadrinhamento,10.0,8.7175,0,0,False,True,False
RA-348,2023,FASE 2,2B,Aluno-348,13,Masculino,2022,Pública,Agata,6.817866667,10.0,8.7,2.52,8.541666667,4.4,2.0,6.7,,,,8.0075,5.0,Fase 3 (7° e 8° ano),-1,2,3,Ágata,Pública,10.0,8.0075,-1,-1,False,False,False
RA-1085,2023,FASE 2,2C,Aluno-1085,12,Feminino,2023,Pública,Agata,6.563833333,0.0,9.8,2.52,8.958333333,6.7,6.0,7.3,,,,8.13,5.0,Fase 3 (7° e 8° ano),-1,2,3,Ágata,Pública,0.0,8.13,-1,-1,False,False,False
RA-1086,2023,FASE 2,2C,Aluno-1086,12,Feminino,2023,Pública,Ametista,7.2382,8.5,9.4,2.52,8.75,5.7,6.0,5.3,,,,8.755,5.0,Fase 3 (7° e 8° ano),-1,2,3,Ametista,Pública,8.5,8.755,-1,-1,False,False,False
RA-1087,2023,FASE 2,2C,Aluno-1087,12,Feminino,2023,Pública,Ametista,7.2067,10.0,9.5,2.52,8.75,5.4,3.7,7.0,,,,8.0475,5.0,Fase 3 (7° e 8° ano),-1,2,3,Ametista,Pública,10.0,8.0475,-1,-1,False,False,False
RA-509,2023,FASE 2,2C,Aluno-509,12,Feminino,2018,Pública,Ametista,7.606033333,8.5,8.1,2.52,8.958333333,8.6,8.2,9.0,,,,8.84,5.0,Fase 3 (7° e 8° ano),-1,2,3,Ametista,Pública,8.5,8.84,-1,-1,False,True,False
RA-499,2023,FASE 2,2C,Aluno-499,11,Masculino,2020,Pública,Ametista,7.8883,7.9,10.0,2.52,8.75,6.6,5.3,7.8,,,,8.2975,10.0,Fase 2 (5° e 6° ano),0,2,2,Ametista,Pública,7.9,8.2975,0,0,False,True,False
RA-500,2023,FASE 2,2C,Aluno-500,11,Feminino,2020,Pública,Topázio,8.427533333,9.5,10.0,2.52,8.958333333,7.9,8.5,7.2,,,,8.7975,10.0,Fase 2 (5° e 6° ano),0,2,2,Topázio,Pública,9.5,8.7975,0,0,False,True,False
RA-1088,2023,FASE 2,2C,Aluno-1088,13,Masculino,2023,Pública,Ametista,7.4717,9.5,9.8,2.52,8.75,6.8,6.0,7.5,,,,7.9225,5.0,Fase 3 (7° e 8° ano),-1,2,3,Ametista,Pública,9.5,7.9225,-1,-1,False,False,False
RA-1089,2023,FASE 2,2C,Aluno-1089,11,Feminino,2023,Pública,Ametista,7.9947,9.0,9.5,2.52,8.75,7.0,6.0,8.0,,,,8.3375,10.0,Fase 2 (5° e 6° ano),0,2,2,Ametista,Pública,9.0,8.3375,0,0,False,False,False
RA-1090,2023,FASE 2,2C,Aluno-1090,13,Masculino,2023,Pública,Ametista,7.844033333,9.0,9.6,2.52,8.958333333,9.0,8.7,9.3,,,,7.88,5.0,Fase 3 (7° e 8° ano),-1,2,3,Ametista,Pública,9.0,7.88,-1,-1,False,False,False
RA-503,2023,FASE 2,2C,Aluno-503,11,Masculino,2020,Pública,Topázio,8.4682,9.5,10.0,2.52,8.75,8.7,8.7,8.7,,,,8.255,10.0,Fase 2 (5° e 6° ano),0,2,2,Topázio,Pública,9.5,8.255,0,0,False,True,False
RA-1091,2023,FASE 2,2C,Aluno-1091,12,Masculino,2023,Pública,Topázio,8.032533333,8.5,9.0,2.52,8.958333333,9.5,9.3,9.7,,,,9.1725,5.0,Fase 3 (7° e 8° ano),-1,2,3,Topázio,Pública,8.5,9.1725,-1,-1,False,False,False
RA-1092,2023,FASE 2,2C,Aluno-1092,12,Masculino,2023,Pública,Ametista,7.41,7.8,9.8,2.52,8.75,6.9,6.0,7.8,,,,8.2975,5.0,Fase 3 (7° e 8° ano),-1,2,3,Ametista,Pública,7.8,8.2975,-1,-1,False,False,False
RA-1093,2023,FASE 2,2C,Aluno-1093,11,Masculino,2023,Pública,Topázio,8.197533333,7.0,9.3,2.52,8.958333333,9.2,9.3,9.0,,,,8.2975,10.0,Fase 2 (5° e 6° ano),0,2,2,Topázio,Pública,7.0,8.2975,0,0,False,False,False
RA-1094,2023,FASE 2,2C,Aluno-1094,11,Feminino,2023,Pública,Topázio,8.1779,7.8,9.5,2.52,8.75,8.5,7.8,9.2,,,,8.3375,10.0,Fase 2 (5° e 6° ano),0,2,2,Topázio,Pública,7.8,8.3375,0,0,False,False,False
RA-1095,2023,FASE 2,2C,Aluno-1095,13,Masculino,2023,Pública,Agata,6.238,0.0,9.8,2.52,8.75,5.3,5.8,4.7,,,,8.005,5.0,Fase 3 (7° e 8° ano),-1,2,3,Ágata,Pública,0.0,8.005,-1,-1,False,False,False
RA-324,2023,FASE 2,2D,Aluno-324,11,Feminino,2022,Pública,Ametista,7.6354,5.8,9.0,2.52,8.125,8.4,8.0,8.7,,,,7.5875,10.0,Fase 2 (5° e 6° ano),0,2,2,Ametista,Pública,5.8,7.5875,0,0,False,False,False
RA-350,2023,FASE 2,2D,Aluno-350,12,Feminino,2022,Pública,Ametista,7.972033333,10.0,9.7,2.52,8.958333333,9.0,8.8,9.2,,,,7.92,5.0,Fase 3 (7° e 8° ano),-1,2,3,Ametista,Pública,10.0,7.92,-1,-1,False,False,False
RA-517,2023,FASE 2,2D,Aluno-517,13,Feminino,2017,Pública,Agata,6.3104,4.1,9.0,2.52,6.875,6.6,4.5,8.7,,,,6.7125,5.0,Fase 3 (7° e 8° ano),-1,2,3,Ágata,Pública,4.1,6.7125,-1,-1,False,True,False
RA-325,2023,FASE 2,2D,Aluno-325,11,Masculino,2022,Pública,Agata,6.243,0.0,7.1,5.0,8.125,5.6,3.8,7.3,,,,7.0025,10.0,Fase 2 (5° e 6° ano),0,2,2,Ágata,Pública,0.0,7.0025,0,0,False,False,False
RA-518,2023,FASE 2,2D,Aluno-518,11,Masculino,2022,Pública,Ametista,7.5762,8.5,8.5,5.0,8.125,6.7,5.5,7.8,,,,6.9175,10.0,Fase 2 (5° e 6° ano),0,2,2,Ametista,Pública,8.5,6.9175,0,0,False,False,False
RA-530,2023,FASE 2,2D,Aluno-530,11,Masculino,2019,Pública,Ametista,7.653033333,10.0,8.8,5.0,7.708333333,5.7,5.8,5.5,,,,7.46,10.0,Fase 2 (5° e 6° ano),0,2,2,Ametista,Pública,10.0,7.46,0,0,False,True,False
RA-524,2023,FASE 2,2D,Aluno-524,12,Masculino,2019,Pública,Ametista,7.331133333,6.4,9.2,2.52,8.333333333,8.9,9.0,8.8,,,,7.42,5.0,Fase 3 (7° e 8° ano),-1,2,3,Ametista,Pública,6.4,7.42,-1,-1,False,True,False
RA-1096,2023,FASE 2,2D,Aluno-1096,10,Feminino,2023,Pública,Topázio,8.615533333,9.5,9.9,2.52,8.958333333,9.6,9.5,9.7,,,,8.0875,10.0,Fase 2 (5° e 6° ano),0,2,2,Topázio,Pública,9.5,8.0875,0,0,False,False,False
RA-526,2023,FASE 2,2D,Aluno-526,13,Masculino,2022,Pública,Topázio,8.0957,9.5,9.8,5.0,8.75,8.8,8.3,9.3,,,,7.7525,5.0,Fase 3 (7° e 8° ano),-1,2,3,Topázio,Pública,9.5,7.7525,-1,-1,False,False,False
RA-528,2023,FASE 2,2D,Aluno-528,12,Masculino,2021,Pública,Ametista,7.6892,9.0,8.5,5.0,8.75,8.2,7.5,8.8,,,,7.92,5.0,Fase 3 (7° e 8° ano),-1,2,3,Ametista,Pública,9.0,7.92,-1,-1,False,False,False
RA-534,2023,FASE 2,2D,Aluno-534,13,Masculino,2021,Pública,Quartzo,5.8385,0.0,8.1,2.52,8.125,5.4,3.7,7.0,,,,7.92,5.0,Fase 3 (7° e 8° ano),-1,2,3,Quartzo,Pública,0.0,7.92,-1,-1,True,False,False
RA-1097,2023,FASE 2,2D,Aluno-1097,14,Masculino,2023,Pública,Agata,6.9547,9.5,8.6,5.0,8.125,5.4,4.3,6.5,,,,6.96,5.0,Fase 4 (9° ano),-2,2,4,Ágata,Pública,9.5,6.96,-2,-2,False,False,False
RA-1098,2023,FASE 2,2D,Aluno-1098,13,Feminino,2023,Pública,Ametista,7.2787,9.5,9.5,2.52,8.125,6.4,6.3,6.5,,,,7.92,5.0,Fase 3 (7° e 8° ano),-1,2,3,Ametista,Pública,9.5,7.92,-1,-1,False,False,False
RA-506,2023,FASE 2,2D,Aluno-506,13,Masculino,2020,Pública,Ametista,7.750033333,9.5,8.1,5.0,8.958333333,8.5,7.3,9.7,,,,7.92,5.0,Fase 3 (7° e 8° ano),-1,2,3,Ametista,Pública,9.5,7.92,-1,-1,False,False,False
RA-1099,2023,FASE 2,2F,Aluno-1099,13,Feminino,2023,Pública,Ametista,7.113533333,9.0,9.6,2.52,8.333333333,5.2,5.7,4.7,,,,8.34,5.0,Fase 3 (7° e 8° ano),-1,2,3,Ametista,Pública,9.0,8.34,-1,-1,False,False,False
RA-1100,2023,FASE 2,2F,Aluno-1100,11,Masculino,2023,Pública,Topázio,8.261033333,10.0,9.2,5.0,8.541666667,7.1,6.3,7.8,,,,8.283333333,10.0,Fase 2 (5° e 6° ano),0,2,2,Topázio,Pública,10.0,8.283333333,0,0,False,False,False
RA-1101,2023,FASE 2,2F,Aluno-1101,10,Masculino,2023,Pública,Agata,6.446666667,0.0,7.2,5.0,8.333333333,5.3,4.2,6.3,,,,8.116666667,10.0,Fase 2 (5° e 6° ano),0,2,2,Ágata,Pública,0.0,8.116666667,0,0,False,False,False
RA-1102,2023,FASE 2,2F,Aluno-1102,11,Masculino,2023,Pública,Topázio,8.123033333,9.5,9.5,5.0,7.708333333,7.5,5.7,9.2,,,,7.56,10.0,Fase 2 (5° e 6° ano),0,2,2,Topázio,Pública,9.5,7.56,0,0,False,False,False
RA-363,2023,FASE 2,2F,Aluno-363,13,Masculino,2022,Pública,Agata,6.680833333,0.0,9.9,2.52,8.541666667,6.8,6.8,6.8,,,,8.673333333,5.0,Fase 3 (7° e 8° ano),-1,2,3,Ágata,Pública,0.0,8.673333333,-1,-1,False,False,False
RA-1103,2023,FASE 2,2F,Aluno-1103,10,Masculino,2023,Pública,Ametista,7.574866667,9.0,8.7,5.0,8.333333333,5.0,4.5,5.5,,,,8.006666667,10.0,Fase 2 (5° e 6° ano),0,2,2,Ametista,Pública,9.0,8.006666667,0,0,False,False,False
RA-539,2023,FASE 2,2F,Aluno-539,12,Feminino,2022,Pública,Ametista,7.796866667,9.5,8.6,2.52,9.166666667,8.5,7.2,9.7,,,,8.84,5.0,Fase 3 (7° e 8° ano),-1,2,3,Ametista,Pública,9.5,8.84,-1,-1,False,False,False
RA-540,2023,FASE 2,2F,Aluno-540,11,Feminino,2019,Pública,Topázio,8.216033333,8.5,8.8,5.0,8.958333333,7.1,6.5,7.7,,,,8.95,10.0,Fase 2 (5° e 6° ano),0,2,2,Topázio,Pública,8.5,8.95,0,0,False,False,False
RA-574,2023,FASE 2,2F,Aluno-574,11,Masculino,2022,Pública,Ametista,7.878133333,6.9,8.2,5.0,7.916666667,8.1,7.7,8.5,,,,8.173333333,10.0,Fase 2 (5° e 6° ano),0,2,2,Ametista,Pública,6.9,8.173333333,0,0,False,False,False
RA-369,2023,FASE 2,2F,Aluno-369,12,Masculino,2022,Pública,Agata,6.0197,10.0,4.1,5.0,8.541666667,4.0,5.0,3.0,,,,7.726666667,5.0,Fase 3 (7° e 8° ano),-1,2,3,Ágata,Pública,10.0,7.726666667,-1,-1,False,False,False
RA-375,2023,FASE 2,2F,Aluno-375,12,Masculino,2019,Pública,Ametista,7.070833333,0.0,9.9,5.0,8.541666667,7.9,6.8,9.0,,,,8.283333333,5.0,Fase 3 (7° e 8° ano),-1,2,3,Ametista,Pública,0.0,8.283333333,-1,-1,False,True,False
RA-376,2023,FASE 2,2F,Aluno-376,13,Feminino,2019,Pública,Ametista,7.1392,8.5,9.6,2.52,7.916666667,5.9,4.3,7.5,,,,8.226666667,5.0,Fase 3 (7° e 8° ano),-1,2,3,Ametista,Pública,8.5,8.226666667,-1,-1,False,True,False
RA-535,2023,FASE 2,2G,Aluno-535,11,Feminino,2019,Pública,Topázio,8.0027,9.0,9.4,5.0,8.125,5.6,4.7,6.5,,,,8.95,10.0,Fase 2 (5° e 6° ano),0,2,2,Topázio,Pública,9.0,8.95,0,0,False,True,False
RA-547,2023,FASE 2,2G,Aluno-547,12,Feminino,2019,Pública,Agata,6.467,0.0,9.1,2.52,8.75,6.2,5.0,7.3,,,,8.95,5.0,Fase 3 (7° e 8° ano),-1,2,3,Ágata,Pública,0.0,8.95,-1,-1,False,True,False
RA-548,2023,FASE 2,2G,Aluno-548,12,Masculino,2019,Pública,Ametista,7.4322,9.0,9.1,2.52,8.333333333,7.4,6.2,8.5,,,,8.283333333,5.0,Fase 3 (7° e 8° ano),-1,2,3,Ametista,Pública,9.0,8.283333333,-1,-1,False,True,False
RA-538,2023,FASE 2,2G,Aluno-538,13,Masculino,2022,Pública,Agata,6.413466667,7.4,8.6,2.52,7.916666667,4.7,3.5,5.8,,,,7.39,5.0,Fase 3 (7° e 8° ano),-1,2,3,Ágata,Pública,7.4,7.39,-1,-1,False,False,False
RA-365,2023,FASE 2,2G,Aluno-365,10,Feminino,2022,Pública,Topázio,8.6587,10.0,9.9,2.52,8.958333333,8.7,8.2,9.2,,,,8.953333333,10.0,Fase 2 (5° e 6° ano),0,2,2,Topázio,Pública,10.0,8.953333333,0,0,False,False,False
RA-559,2023,FASE 2,2G,Aluno-559,12,Masculino,2021,Pública,Ametista,7.947366667,10.0,9.4,5.0,8.958333333,7.4,6.5,8.2,,,,8.506666667,5.0,Fase 3 (7° e 8° ano),-1,2,3,Ametista,Pública,10.0,8.506666667,-1,-1,False,False,False
RA-1104,2023,FASE 2,2G,Aluno-1104,13,Feminino,2023,Pública,Ametista,7.265533333,5.7,10.0,2.52,8.541666667,6.4,5.5,7.3,,,,9.063333333,5.0,Fase 3 (7° e 8° ano),-1,2,3,Ametista,Pública,5.7,9.063333333,-1,-1,False,False,False
RA-563,2023,FASE 2,2G,Aluno-563,11,Feminino,2020,Pública,Ametista,7.684133333,6.4,9.7,2.52,8.75,6.2,6.0,6.3,,,,8.726666667,10.0,Fase 2 (5° e 6° ano),0,2,2,Ametista,Pública,6.4,8.726666667,0,0,False,True,False
RA-573,2023,FASE 2,2G,Aluno-573,12,Masculino,2020,Pública,Ametista,7.774366667,9.5,9.8,5.0,8.541666667,6.6,5.7,7.5,,,,8.45,5.0,Fase 3 (7° e 8° ano),-1,2,3,Ametista,Pública,9.5,8.45,-1,-1,False,True,False
RA-551,2023,FASE 2,2G,Aluno-551,12,Feminino,2018,Pública,Ametista,7.075033333,10.0,8.6,2.52,8.541666667,5.4,4.5,6.2,,,,8.393333333,5.0,Fase 3 (7° e 8° ano),-1,2,3,Ametista,Pública,10.0,8.393333333,-1,-1,False,False,False
RA-566,2023,FASE 2,2G,Aluno-566,12,Feminino,2022,Pública,Ametista,7.7227,9.0,8.8,2.52,8.958333333,8.4,8.8,8.0,,,,8.673333333,5.0,Fase 3 (7° e 8° ano),-1,2,3,Ametista,Pública,9.0,8.673333333,-1,-1,False,False,False
RA-555,2023,FASE 2,2G,Aluno-555,13,Masculino,2019,Pública,Quartzo,5.898133333,7.4,8.1,2.52,6.25,3.9,1.5,6.2,,,,6.946666667,5.0,Fase 3 (7° e 8° ano),-1,2,3,Quartzo,Pública,7.4,6.946666667,-1,-1,False,True,False
RA-373,2023,FASE 2,2G,Aluno-373,12,Masculino,2022,Pública,Agata,6.805,0.0,9.7,2.52,8.75,8.4,7.7,9.0,,,,7.84,5.0,Fase 3 (7° e 8° ano),-1,2,3,Ágata,Pública,0.0,7.84,-1,-1,False,False,False
RA-1105,2023,FASE 2,2G,Aluno-1105,13,Feminino,2023,Pública,Agata,6.299166667,0.0,9.0,2.52,8.125,6.0,5.0,7.0,,,,8.673333333,5.0,Fase 3 (7° e 8° ano),-1,2,3,Ágata,Pública,0.0,8.673333333,-1,-1,False,False,False
RA-546,2023,FASE 2,2H,Aluno-546,12,Feminino,2021,Pública,Agata,6.031666667,0.0,7.2,2.52,8.75,5.7,3.5,7.8,,,,9.173333333,5.0,Fase 3 (7° e 8° ano),-1,2,3,Ágata,Pública,0.0,9.173333333,-1,-1,False,False,False
RA-557,2023,FASE 2,2H,Aluno-557,11,Masculino,2019,Pública,Topázio,8.7717,10.0,8.2,5.0,9.375,8.9,8.0,9.7,,,,9.62,10.0,Fase 2 (5° e 6° ano),0,2,2,Topázio,Pública,10.0,9.62,0,0,False,True,False
RA-1106,2023,FASE 2,2H,Aluno-1106,12,Masculino,2023,Pública,Ametista,7.1642,8.5,9.3,5.0,8.333333333,5.1,5.2,5.0,,,,8.003333333,5.0,Fase 3 (7° e 8° ano),-1,2,3,Ametista,Pública,8.5,8.003333333,-1,-1,False,False,False
RA-558,2023,FASE 2,2H,Aluno-558,15,Masculino,2022,Pública,Agata,6.615333333,7.8,9.4,5.0,6.458333333,6.0,5.7,6.3,,,,6.78,2.5,Fase 5 (1° EM),-3,2,5,Ágata,Pública,7.8,6.78,-3,-3,False,False,False
RA-560,2023,FASE 2,2H,Aluno-560,12,Masculino,2020,Pública,Quartzo,4.932,0.0,8.4,2.52,5.0,4.0,2.3,5.7,,,,6.0,5.0,Fase 3 (7° e 8° ano),-1,2,3,Quartzo,Pública,0.0,6.0,-1,-1,False,False,False
RA-1107,2023,FASE 2,2H,Aluno-1107,12,Feminino,2023,Pública,Ametista,7.9327,9.0,9.4,5.0,8.958333333,7.5,8.0,7.0,,,,8.783333333,5.0,Fase 3 (7° e 8° ano),-1,2,3,Ametista,Pública,9.0,8.783333333,-1,-1,False,False,False
RA-1108,2023,FASE 2,2H,Aluno-1108,12,Masculino,2023,Pública,Agata,6.310833333,0.0,9.3,5.0,8.541666667,4.7,3.7,5.7,,,,8.283333333,5.0,Fase 3 (7° e 8° ano),-1,2,3,Ágata,Pública,0.0,8.283333333,-1,-1,False,False,False
RA-542,2023,FASE 2,2H,Aluno-542,12,Feminino,2019,Pública,Ametista,7.816533333,9.5,9.7,5.0,8.75,6.3,5.2,7.3,,,,9.006666667,5.0,Fase 3 (7° e 8° ano),-1,2,3,Ametista,Pública,9.5,9.006666667,-1,-1,False,True,False
RA-543,2023,FASE 2,2H,Aluno-543,11,Feminino,2022,Pública,Ametista,7.971833333,7.8,9.8,2.52,8.75,6.5,5.5,7.5,,,,9.006666667,10.0,Fase 2 (5° e 6° ano),0,2,2,Ametista,Pública,7.8,9.006666667,0,0,False,False,False
RA-556,2023,FASE 2,2H,Aluno-556,12,Feminino,2018,Pública,Ametista,7.7482,8.5,9.6,2.52,9.166666667,7.2,6.5,7.8,,,,9.396666667,5.0,Fase 3 (7° e 8° ano),-1,2,3,Ametista,Pública,8.5,9.396666667,-1,-1,False,True,False
RA-1109,2023,FASE 2,2H,Aluno-1109,14,Masculino,2023,Pública,Agata,6.277533333,10.0,6.4,5.0,7.5,3.4,3.5,3.3,,,,7.836666667,5.0,Fase 4 (9° ano),-2,2,4,Ágata,Pública,10.0,7.836666667,-2,-2,False,False,False
RA-389,2023,FASE 2,2H,Aluno-389,12,Masculino,2019,Pública,Agata,6.687,0.0,8.2,2.52,8.75,8.2,6.8,9.5,,,,8.95,5.0,Fase 3 (7° e 8° ano),-1,2,3,Ágata,Pública,0.0,8.95,-1,-1,False,True,False
RA-1110,2023,FASE 2,2H,Aluno-1110,12,Feminino,2023,Pública,Ametista,7.248566667,4.6,9.2,5.0,8.541666667,6.8,6.5,7.0,,,,8.73,5.0,Fase 3 (7° e 8° ano),-1,2,3,Ametista,Pública,4.6,8.73,-1,-1,False,False,False
RA-568,2023,FASE 2,2I,Aluno-568,15,Masculino,2018,Pública,Agata,6.9647,7.0,7.9,5.0,8.125,7.6,8.5,6.7,,,,8.01,2.5,Fase 5 (1° EM),-3,2,5,Ágata,Pública,7.0,8.01,-3,-3,False,True,False
RA-562,2023,FASE 2,2I,Aluno-562,12,Feminino,2021,Pública,Agata,6.824833333,0.0,8.5,2.52,8.541666667,8.7,7.7,9.7,,,,8.893333333,5.0,Fase 3 (7° e 8° ano),-1,2,3,Ágata,Pública,0.0,8.893333333,-1,-1,False,False,False
RA-1111,2023,FASE 2,2I,Aluno-1111,11,Feminino,2023,Pública,Agata,6.559166667,0.0,8.9,2.52,8.125,5.4,4.8,6.0,,,,8.173333333,10.0,Fase 2 (5° e 6° ano),0,2,2,Ágata,Pública,0.0,8.173333333,0,0,False,False,False
RA-1112,2023,FASE 2,2I,Aluno-1112,12,Masculino,2023,Pública,Ametista,7.088866667,9.5,7.9,2.52,8.333333333,6.3,5.2,7.3,,,,8.616666667,5.0,Fase 3 (7° e 8° ano),-1,2,3,Ametista,Pública,9.5,8.616666667,-1,-1,False,False,False
RA-525,2023,FASE 2,2I,Aluno-525,12,Feminino,2021,Pública,Ametista,7.911366667,8.0,8.6,2.52,8.958333333,9.2,8.8,9.5,,,,9.566666667,5.0,Fase 3 (7° e 8° ano),-1,2,3,Ametista,Pública,8.0,9.566666667,-1,-1,False,False,False
RA-357,2023,FASE 2,2I,Aluno-357,13,Masculino,2022,Pública,Topázio,8.2832,8.5,9.6,7.52,8.75,8.7,8.7,8.7,,,,8.23,5.0,Fase 3 (7° e 8° ano),-1,2,3,Topázio,Pública,8.5,8.23,-1,-1,False,False,False
RA-583,2023,FASE 2,2I,Aluno-583,13,Feminino,2019,Pública,Ametista,7.838866667,9.0,9.4,7.52,8.333333333,6.3,5.5,7.0,,,,8.616666667,5.0,Fase 3 (7° e 8° ano),-1,2,3,Ametista,Pública,9.0,8.616666667,-1,-1,False,True,False
RA-584,2023,FASE 2,2I,Aluno-584,11,Feminino,2019,Pública,Ametista,7.697533333,9.5,9.0,2.52,8.333333333,5.8,5.0,6.5,,,,8.56,10.0,Fase 2 (5° e 6° ano),0,2,2,Ametista,Pública,9.5,8.56,0,0,False,True,False
RA-586,2023,FASE 2,2K,Aluno-586,10,Feminino,2021,Privada - Programa de Apadrinhamento,Topázio,8.4242,8.0,10.0,2.52,8.333333333,8.4,7.5,9.2,,,,9.343333333,10.0,Fase 2 (5° e 6° ano),0,2,2,Topázio,Privada - Programa de Apadrinhamento,8.0,9.343333333,0,0,False,False,False
RA-1113,2023,FASE 2,2K,Aluno-1113,12,Masculino,2023,Pública,Quartzo,5.636666667,0.0,6.0,7.52,7.5,5.0,5.0,5.0,,,,7.173333333,5.0,Fase 3 (7° e 8° ano),-1,2,3,Quartzo,Pública,0.0,7.173333333,-1,-1,False,False,False
RA-413,2023,FASE 2,2K,Aluno-413,13,Feminino,2022,Pública,Agata,6.803633333,7.9,8.9,2.52,7.291666667,6.3,5.8,6.7,,,,7.503333333,5.0,Fase 3 (7° e 8° ano),-1,2,3,Ágata,Pública,7.9,7.503333333,-1,-1,False,False,False
RA-599,2023,FASE 2,2K,Aluno-599,10,Masculino,2022,Pública,Topázio,8.532866667,10.0,9.5,2.52,8.333333333,8.5,8.2,8.7,,,,9.286666667,10.0,Fase 2 (5° e 6° ano),0,2,2,Topázio,Pública,10.0,9.286666667,0,0,False,False,False
RA-1114,2023,FASE 2,2K,Aluno-1114,11,Feminino,2023,Pública,Ametista,7.5667,8.5,9.8,2.52,8.125,4.9,4.3,5.5,,,,8.56,10.0,Fase 2 (5° e 6° ano),0,2,2,Ametista,Pública,8.5,8.56,0,0,False,False,False
RA-401,2023,FASE 2,2K,Aluno-401,12,Feminino,2021,Pública,Agata,6.363666667,4.0,8.1,2.52,7.083333333,7.3,6.3,8.3,,,,7.116666667,5.0,Fase 3 (7° e 8° ano),-1,2,3,Ágata,Pública,4.0,7.116666667,-1,-1,False,False,False
RA-1115,2023,FASE 2,2K,Aluno-1115,11,Feminino,2023,Pública,Agata,6.474,0.0,8.3,7.52,7.5,4.0,6.0,2.0,,,,7.56,10.0,Fase 2 (5° e 6° ano),0,2,2,Ágata,Pública,0.0,7.56,0,0,False,False,False
RA-1116,2023,FASE 2,2K,Aluno-1116,13,Masculino,2023,Pública,Agata,6.956533333,9.5,9.2,5.0,7.083333333,4.9,3.8,6.0,,,,7.39,5.0,Fase 3 (7° e 8° ano),-1,2,3,Ágata,Pública,9.5,7.39,-1,-1,False,False,False
RA-604,2023,FASE 2,2K,Aluno-604,11,Feminino,2021,Pública,Topázio,8.548033333,9.0,9.3,7.52,8.125,7.5,6.0,9.0,,,,8.616666667,10.0,Fase 2 (5° e 6° ano),0,2,2,Topázio,Pública,9.0,8.616666667,0,0,False,False,False
RA-605,2023,FASE 2,2K,Aluno-605,12,Feminino,2021,Pública,Ametista,7.709366667,9.0,9.5,7.52,7.291666667,6.8,4.8,8.8,,,,7.84,5.0,Fase 3 (7° e 8° ano),-1,2,3,Ametista,Pública,9.0,7.84,-1,-1,False,False,False
RA-668,2023,FASE 2,2K,Aluno-668,12,Masculino,2022,Pública,Agata,6.017933333,6.3,6.3,7.52,6.875,3.4,2.7,4.0,,,,7.616666667,5.0,Fase 3 (7° e 8° ano),-1,2,3,Ágata,Pública,6.3,7.616666667,-1,-1,False,False,False
RA-1117,2023,FASE 2,2K,Aluno-1117,11,Feminino,2023,Pública,Topázio,8.382366667,9.0,9.6,7.52,7.708333333,7.3,6.0,8.5,,,,7.946666667,10.0,Fase 2 (5° e 6° ano),0,2,2,Topázio,Pública,9.0,7.946666667,0,0,False,False,False
RA-1118,2023,FASE 2,2K,Aluno-1118,12,Feminino,2023,Pública,Ametista,7.163833333,5.3,8.8,7.52,7.708333333,6.0,4.8,7.2,,,,8.28,5.0,Fase 3 (7° e 8° ano),-1,2,3,Ametista,Pública,5.3,8.28,-1,-1,False,False,False
RA-610,2023,FASE 2,2K,Aluno-610,10,Feminino,2022,Pública,Topázio,8.2857,10.0,10.0,2.52,8.541666667,7.0,6.3,7.7,,,,8.896666667,10.0,Fase 2 (5° e 6° ano),0,2,2,Topázio,Pública,10.0,8.896666667,0,0,False,False,False
RA-409,2023,FASE 2,2K,Aluno-409,12,Feminino,2022,Pública,Ametista,7.621466667,8.4,9.5,2.52,7.916666667,8.0,6.2,9.7,,,,8.73,5.0,Fase 3 (7° e 8° ano),-1,2,3,Ametista,Pública,8.4,8.73,-1,-1,False,False,False
RA-466,2023,FASE 2,2L,Aluno-466,14,Masculino,2022,Pública,Agata,6.595533333,9.5,7.6,6.89,6.25,4.5,2.5,6.5,,,,7.056666667,5.0,Fase 4 (9° ano),-2,2,4,Ágata,Pública,9.5,7.056666667,-2,-2,False,False,False
RA-760,2023,FASE 2,2L,Aluno-760,12,Masculino,2021,Pública,Agata,6.548333333,0.0,8.8,7.52,7.083333333,6.3,5.8,6.8,,,,7.84,5.0,Fase 3 (7° e 8° ano),-1,2,3,Ágata,Pública,0.0,7.84,-1,-1,False,False,False
RA-404,2023,FASE 2,2L,Aluno-404,13,Feminino,2020,Pública,Agata,6.7093,7.9,8.3,5.02,6.875,6.0,4.7,7.2,,,,6.89,5.0,Fase 3 (7° e 8° ano),-1,2,3,Ágata,Pública,7.9,6.89,-1,-1,False,True,False
RA-590,2023,FASE 2,2L,Aluno-590,11,Feminino,2020,Privada,Ametista,7.647666667,6.3,9.7,3.77,7.291666667,6.5,5.7,7.3,,,,8.34,10.0,Fase 2 (5° e 6° ano),0,2,2,Ametista,Privada,6.3,8.34,0,0,False,True,False
RA-469,2023,FASE 2,2L,Aluno-469,12,Feminino,2022,Pública,Ametista,7.482533333,7.5,9.3,2.52,7.916666667,7.8,6.8,8.8,,,,8.843333333,5.0,Fase 3 (7° e 8° ano),-1,2,3,Ametista,Pública,7.5,8.843333333,-1,-1,False,False,False
RA-1119,2023,FASE 2,2L,Aluno-1119,13,Feminino,2023,Pública,Ametista,7.192,7.3,9.7,3.77,7.708333333,5.9,3.0,8.8,,,,8.453333333,5.0,Fase 3 (7° e 8° ano),-1,2,3,Ametista,Pública,7.3,8.453333333,-1,-1,False,False,False
RA-1120,2023,FASE 2,2L,Aluno-1120,11,Feminino,2023,Pública,Topázio,9.103366667,9.5,9.6,7.52,8.958333333,8.3,7.3,9.2,,,,9.676666667,10.0,Fase 2 (5° e 6° ano),0,2,2,Topázio,Pública,9.5,9.676666667,0,0,False,False,False
RA-472,2023,FASE 2,2L,Aluno-472,13,Feminino,2022,Pública,Agata,6.6858,5.1,7.1,7.52,7.708333333,5.5,3.7,7.2,,,,8.223333333,5.0,Fase 3 (7° e 8° ano),-1,2,3,Ágata,Pública,5.1,8.223333333,-1,-1,False,False,False
RA-1121,2023,FASE 2,2L,Aluno-1121,11,Masculino,2023,Pública,Topázio,8.049,0.0,9.9,6.26,8.75,8.0,6.5,9.5,,,,9.84,10.0,Fase 2 (5° e 6° ano),0,2,2,Topázio,Pública,0.0,9.84,0,0,False,False,False
RA-1122,2023,FASE 2,2L,Aluno-1122,11,Masculino,2023,Pública,Ametista,7.3715,0.0,9.3,6.89,7.291666667,6.9,5.2,8.5,,,,8.616666667,10.0,Fase 2 (5° e 6° ano),0,2,2,Ametista,Pública,0.0,8.616666667,0,0,False,False,False
RA-438,2023,FASE 2,2L,Aluno-438,11,Masculino,2022,Pública,Agata,6.9883,6.9,7.5,6.26,6.458333333,5.4,3.5,7.3,,,,7.223333333,10.0,Fase 2 (5° e 6° ano),0,2,2,Ágata,Pública,6.9,7.223333333,0,0,False,False,False
RA-408,2023,FASE 2,2L,Aluno-408,13,Feminino,2022,Pública,Ametista,7.242133333,7.9,8.5,3.77,8.333333333,6.8,6.0,7.5,,,,8.45,5.0,Fase 3 (7° e 8° ano),-1,2,3,Ametista,Pública,7.9,8.45,-1,-1,False,False,False
RA-1123,2023,FASE 2,2L,Aluno-1123,12,Masculino,2023,Pública,Agata,6.9565,7.3,8.9,7.52,7.083333333,5.3,3.8,6.8,,,,7.113333333,5.0,Fase 3 (7° e 8° ano),-1,2,3,Ágata,Pública,7.3,7.113333333,-1,-1,False,False,False
RA-1124,2023,FASE 2,2M,Aluno-1124,14,Feminino,2023,Pública,Agata,6.667866667,9.5,8.0,7.52,7.083333333,3.0,1.0,5.0,,,,7.786666667,5.0,Fase 4 (9° ano),-2,2,4,Ágata,Pública,9.5,7.786666667,-2,-2,False,False,False
RA-623,2023,FASE 2,2M,Aluno-623,14,Masculino,2022,Pública,Ametista,7.8307,10.0,9.5,7.52,7.291666667,7.3,5.8,8.8,,,,7.446666667,5.0,Fase 4 (9° ano),-2,2,4,Ametista,Pública,10.0,7.446666667,-2,-2,False,False,False
RA-661,2023,FASE 2,2M,Aluno-661,11,Masculino,2022,Pública,Agata,6.846333333,0.0,7.7,6.89,7.5,6.5,4.3,8.7,,,,7.836666667,10.0,Fase 2 (5° e 6° ano),0,2,2,Ágata,Pública,0.0,7.836666667,0,0,False,False,False
RA-626,2023,FASE 2,2M,Aluno-626,12,Masculino,2021,Pública,Ametista,7.231033333,9.0,9.2,4.39,7.291666667,6.5,4.7,8.3,,,,7.613333333,5.0,Fase 3 (7° e 8° ano),-1,2,3,Ametista,Pública,9.0,7.613333333,-1,-1,False,False,False
RA-433,2023,FASE 2,2M,Aluno-433,13,Masculino,2022,Pública,Agata,6.5982,8.5,7.2,7.52,5.833333333,4.8,1.8,7.7,,,,7.613333333,5.0,Fase 3 (7° e 8° ano),-1,2,3,Ágata,Pública,8.5,7.613333333,-1,-1,False,False,False
RA-614,2023,FASE 2,2M,Aluno-614,13,Masculino,2021,Pública,Topázio,8.2282,9.0,9.1,7.52,8.333333333,8.6,8.8,8.3,,,,8.563333333,5.0,Fase 3 (7° e 8° ano),-1,2,3,Topázio,Pública,9.0,8.563333333,-1,-1,False,False,False
RA-434,2023,FASE 2,2M,Aluno-434,12,Masculino,2022,Pública,Ametista,7.069766667,6.3,8.0,7.52,7.5,6.6,5.2,8.0,,,,7.613333333,5.0,Fase 3 (7° e 8° ano),-1,2,3,Ametista,Pública,6.3,7.613333333,-1,-1,False,False,False
RA-603,2023,FASE 2,2M,Aluno-603,11,Masculino,2022,Pública,Agata,6.748833333,0.0,8.9,2.52,7.708333333,7.0,5.7,8.2,,,,7.78,10.0,Fase 2 (5° e 6° ano),0,2,2,Ágata,Pública,0.0,7.78,0,0,True,False,False
RA-436,2023,FASE 2,2M,Aluno-436,12,Masculino,2022,Pública,Quartzo,5.322366667,7.5,4.7,2.52,6.875,3.4,3.7,3.0,,,,7.613333333,5.0,Fase 3 (7° e 8° ano),-1,2,3,Quartzo,Pública,7.5,7.613333333,-1,-1,False,False,False
RA-616,2023,FASE 2,2M,Aluno-616,13,Masculino,2019,Pública,Quartzo,5.612,0.0,6.6,5.02,5.833333333,6.8,5.5,8.0,,,,6.783333333,5.0,Fase 3 (7° e 8° ano),-1,2,3,Quartzo,Pública,0.0,6.783333333,-1,-1,False,True,False
RA-437,2023,FASE 2,2M,Aluno-437,14,Masculino,2022,Pública,Agata,6.947366667,8.0,8.4,7.52,7.291666667,4.7,2.5,6.8,,,,7.78,5.0,Fase 4 (9° ano),-2,2,4,Ágata,Pública,8.0,7.78,-2,-2,False,False,False
RA-1125,2023,FASE 2,2M,Aluno-1125,11,Feminino,2023,Pública,Agata,6.655366667,4.7,7.9,7.52,6.666666667,4.0,1.0,7.0,,,,6.95,10.0,Fase 2 (5° e 6° ano),0,2,2,Ágata,Pública,4.7,6.95,0,0,False,False,False
RA-619,2023,FASE 2,2M,Aluno-619,11,Feminino,2021,Pública,Ametista,7.891366667,9.0,7.1,3.77,7.708333333,9.0,8.5,9.5,,,,8.116666667,10.0,Fase 2 (5° e 6° ano),0,2,2,Ametista,Pública,9.0,8.116666667,0,0,False,False,False
RA-620,2023,FASE 2,2M,Aluno-620,13,Masculino,2021,Pública,Ametista,7.043666667,6.8,8.4,7.52,6.875,6.2,5.2,7.2,,,,7.503333333,5.0,Fase 3 (7° e 8° ano),-1,2,3,Ametista,Pública,6.8,7.503333333,-1,-1,False,False,False
RA-1126,2023,FASE 2,2M,Aluno-1126,12,Feminino,2023,Pública,,,0.0,5.2,3.77,7.291666667,,,,,,,7.06,5.0,Fase 3 (7° e 8° ano),-1,2,3,,Pública,0.0,7.06,-1,-1,False,False,False
RA-1127,2023,FASE 2,2N,Aluno-1127,11,Feminino,2023,Pública,Topázio,8.3167,8.5,9.9,5.02,8.125,6.9,5.0,8.7,,,,9.01,10.0,Fase 2 (5° e 6° ano),0,2,2,Topázio,Pública,8.5,9.01,0,0,False,False,False
RA-1128,2023,FASE 2,2N,Aluno-1128,12,Masculino,2023,Pública,Agata,6.404533333,9.5,7.3,5.02,7.916666667,3.5,3.0,4.0,,,,7.503333333,5.0,Fase 3 (7° e 8° ano),-1,2,3,Ágata,Pública,9.5,7.503333333,-1,-1,False,False,False
RA-1129,2023,FASE 2,2N,Aluno-1129,11,Masculino,2023,Pública,Ametista,7.309333333,0.0,9.2,6.27,7.916666667,7.8,6.8,8.7,,,,7.503333333,10.0,Fase 2 (5° e 6° ano),0,2,2,Ametista,Pública,0.0,7.503333333,0,0,False,False,False
RA-1130,2023,FASE 2,2N,Aluno-1130,11,Masculino,2023,Pública,Topázio,8.0037,8.5,8.4,7.52,7.708333333,7.3,6.3,8.2,,,,7.503333333,10.0,Fase 2 (5° e 6° ano),0,2,2,Topázio,Pública,8.5,7.503333333,0,0,False,False,False
RA-1131,2023,FASE 2,2N,Aluno-1131,12,Feminino,2023,Pública,Topázio,8.316133333,7.9,9.9,5.02,8.75,9.1,8.3,9.8,,,,9.286666667,5.0,Fase 3 (7° e 8° ano),-1,2,3,Topázio,Pública,7.9,9.286666667,-1,-1,False,False,False
RA-1132,2023,FASE 2,2N,Aluno-1132,12,Masculino,2023,Pública,Agata,6.829533333,10.0,6.3,6.27,7.916666667,5.8,5.2,6.3,,,,7.503333333,5.0,Fase 3 (7° e 8° ano),-1,2,3,Ágata,Pública,10.0,7.503333333,-1,-1,False,False,False
RA-1133,2023,FASE 2,2N,Aluno-1133,10,Feminino,2023,Pública,Topázio,8.600033333,9.5,10.0,6.27,8.541666667,6.5,5.0,8.0,,,,9.343333333,10.0,Fase 2 (5° e 6° ano),0,2,2,Topázio,Pública,9.5,9.343333333,0,0,False,False,False
RA-1134,2023,FASE 2,2N,Aluno-1134,11,Masculino,2023,Pública,Ametista,7.769866667,8.0,9.7,3.76,7.916666667,6.8,5.5,8.0,,,,7.56,10.0,Fase 2 (5° e 6° ano),0,2,2,Ametista,Pública,8.0,7.56,0,0,False,False,False
RA-618,2023,FASE 2,2N,Aluno-618,14,Masculino,2020,Pública,Agata,6.4745,0.0,9.2,5.02,8.125,6.2,4.5,7.8,,,,7.95,5.0,Fase 4 (9° ano),-2,2,4,Ágata,Pública,0.0,7.95,-2,-2,False,True,False
RA-631,2023,FASE 2,2N,Aluno-631,13,Masculino,2022,Pública,Quartzo,5.954666667,0.0,6.4,6.27,7.916666667,7.0,6.0,8.0,,,,6.78,5.0,Fase 3 (7° e 8° ano),-1,2,3,Quartzo,Pública,0.0,6.78,-1,-1,False,False,False
RA-646,2023,FASE 2,2P,Aluno-646,13,Masculino,2019,Pública,Topázio,8.3547,10.0,8.9,7.52,8.958333333,8.4,8.2,8.5,,,,8.783333333,5.0,Fase 3 (7° e 8° ano),-1,2,3,Topázio,Pública,10.0,8.783333333,-1,-1,False,True,False
RA-451,2023,FASE 2,2P,Aluno-451,14,Feminino,2019,Pública,Topázio,8.386033333,8.5,9.5,4.39,9.375,8.9,7.8,10.0,,,,9.896666667,5.0,Fase 4 (9° ano),-2,2,4,Topázio,Pública,8.5,9.896666667,-2,-2,False,False,False
RA-1135,2023,FASE 2,2P,Aluno-1135,11,Masculino,2023,Pública,Ametista,7.453833333,0.0,9.4,7.52,8.125,7.2,4.8,9.5,,,,7.896666667,10.0,Fase 2 (5° e 6° ano),0,2,2,Ametista,Pública,0.0,7.896666667,0,0,False,False,False
RA-649,2023,FASE 2,2P,Aluno-649,13,Feminino,2019,Pública,Ametista,7.579533333,9.0,9.3,3.77,8.75,6.5,3.8,9.2,,,,8.836666667,5.0,Fase 3 (7° e 8° ano),-1,2,3,Ametista,Pública,9.0,8.836666667,-1,-1,False,True,False
RA-651,2023,FASE 2,2P,Aluno-651,11,Feminino,2022,Pública,Ametista,7.332,0.0,8.2,3.77,8.75,9.3,9.8,8.7,,,,7.95,10.0,Fase 2 (5° e 6° ano),0,2,2,Ametista,Pública,0.0,7.95,0,0,False,False,False
RA-1136,2023,FASE 2,2P,Aluno-1136,13,Feminino,2023,Pública,Agata,6.7351,6.8,8.1,2.52,8.333333333,6.6,4.8,8.3,,,,7.723333333,5.0,Fase 3 (7° e 8° ano),-1,2,3,Ágata,Pública,6.8,7.723333333,-1,-1,False,False,False
RA-653,2023,FASE 2,2P,Aluno-653,12,Feminino,2022,Pública,Ametista,7.385666667,0.0,9.8,6.27,9.166666667,7.9,7.7,8.0,,,,9.06,5.0,Fase 3 (7° e 8° ano),-1,2,3,Ametista,Pública,0.0,9.06,-1,-1,False,False,False
RA-456,2023,FASE 2,2P,Aluno-456,12,Feminino,2022,Pública,Ametista,7.518,0.0,8.3,4.39,9.583333333,9.9,9.7,10.0,,,,9.953333333,5.0,Fase 3 (7° e 8° ano),-1,2,3,Ametista,Pública,0.0,9.953333333,-1,-1,False,False,False
RA-655,2023,FASE 2,2P,Aluno-655,13,Feminino,2019,Pública,Topázio,8.3198,7.4,9.9,7.52,9.166666667,8.3,7.2,9.3,,,,8.896666667,5.0,Fase 3 (7° e 8° ano),-1,2,3,Topázio,Pública,7.4,8.896666667,-1,-1,False,True,False
RA-656,2023,FASE 2,2P,Aluno-656,12,Feminino,2020,Pública,Agata,6.780833333,0.0,8.9,7.52,8.541666667,7.3,5.8,8.8,,,,7.173333333,5.0,Fase 3 (7° e 8° ano),-1,2,3,Ágata,Pública,0.0,7.173333333,-1,-1,False,True,False
RA-657,2023,FASE 2,2P,Aluno-657,12,Feminino,2021,Pública,Topázio,8.3532,8.5,10.0,7.52,8.75,8.2,7.0,9.3,,,,8.73,5.0,Fase 3 (7° e 8° ano),-1,2,3,Topázio,Pública,8.5,8.73,-1,-1,False,False,False
RA-644,2023,FASE 2,2P,Aluno-644,12,Feminino,2021,Pública,Agata,6.897033333,10.0,5.6,7.52,8.541666667,5.9,4.0,7.7,,,,7.503333333,5.0,Fase 3 (7° e 8° ano),-1,2,3,Ágata,Pública,10.0,7.503333333,-1,-1,False,False,False
RA-461,2023,FASE 2,2P,Aluno-461,12,Feminino,2018,Pública,Ametista,7.2379,7.3,7.9,3.77,8.541666667,7.4,5.7,9.0,,,,8.616666667,5.0,Fase 3 (7° e 8° ano),-1,2,3,Ametista,Pública,7.3,8.616666667,-1,-1,False,True,False
RA-632,2023,FASE 2,2R,Aluno-632,11,Feminino,2022,Pública,Ametista,7.8768,4.7,9.1,5.64,8.333333333,7.4,6.8,8.0,,,,8.563333333,10.0,Fase 2 (5° e 6° ano),0,2,2,Ametista,Pública,4.7,8.563333333,0,0,False,False,False
RA-633,2023,FASE 2,2R,Aluno-633,12,Feminino,2020,Pública,Agata,6.6552,1.7,8.1,6.27,8.541666667,7.2,5.3,9.0,,,,7.286666667,5.0,Fase 3 (7° e 8° ano),-1,2,3,Ágata,Pública,1.7,7.286666667,-1,-1,False,True,False
RA-1137,2023,FASE 2,2R,Aluno-1137,10,Feminino,2023,Pública,Topázio,8.743366667,9.5,9.8,6.27,9.375,6.5,6.0,7.0,,,,9.843333333,10.0,Fase 2 (5° e 6° ano),0,2,2,Topázio,Pública,9.5,9.843333333,0,0,False,False,False
RA-1138,2023,FASE 2,2R,Aluno-1138,12,Feminino,2023,Pública,Topázio,8.3472,9.0,9.2,6.27,9.166666667,9.3,9.0,9.5,,,,8.566666667,5.0,Fase 3 (7° e 8° ano),-1,2,3,Topázio,Pública,9.0,8.566666667,-1,-1,False,False,False
RA-1139,2023,FASE 2,2R,Aluno-1139,11,Masculino,2023,Pública,Ametista,7.6647,8.5,9.1,5.64,8.125,5.3,6.3,4.3,,,,7.79,10.0,Fase 2 (5° e 6° ano),0,2,2,Ametista,Pública,8.5,7.79,0,0,False,False,False
RA-1140,2023,FASE 2,2R,Aluno-1140,11,Feminino,2023,Pública,Ametista,7.703533333,4.7,8.7,7.52,7.708333333,7.3,8.5,6.0,,,,7.62,10.0,Fase 2 (5° e 6° ano),0,2,2,Ametista,Pública,4.7,7.62,0,0,False,False,False
RA-445,2023,FASE 2,2R,Aluno-445,13,Masculino,2022,Pública,Ametista,7.9087,8.0,8.8,6.89,8.541666667,8.4,7.7,9.0,,,,8.176666667,5.0,Fase 3 (7° e 8° ano),-1,2,3,Ametista,Pública,8.0,8.176666667,-1,-1,False,False,False
RA-1141,2023,FASE 2,2R,Aluno-1141,12,Feminino,2023,Pública,Ametista,7.2757,9.0,8.8,7.52,7.708333333,5.9,5.5,6.2,,,,7.113333333,5.0,Fase 3 (7° e 8° ano),-1,2,3,Ametista,Pública,9.0,7.113333333,-1,-1,False,False,False
RA-639,2023,FASE 2,2R,Aluno-639,11,Feminino,2021,Pública,Ametista,7.5853,7.4,8.1,6.27,8.125,6.3,4.8,7.8,,,,7.62,10.0,Fase 2 (5° e 6° ano),0,2,2,Ametista,Pública,7.4,7.62,0,0,False,False,False
RA-1142,2023,FASE 2,2R,Aluno-1142,11,Feminino,2023,Pública,Topázio,9.175033333,9.0,10.0,7.52,8.541666667,10.0,10.0,10.0,,,,8.343333333,10.0,Fase 2 (5° e 6° ano),0,2,2,Topázio,Pública,9.0,8.343333333,0,0,False,False,False
RA-642,2023,FASE 2,2R,Aluno-642,11,Feminino,2021,Pública,Topázio,8.416866667,9.5,9.2,6.27,8.75,6.5,5.7,7.2,,,,9.173333333,10.0,Fase 2 (5° e 6° ano),0,2,2,Topázio,Pública,9.5,9.173333333,0,0,False,False,False
RA-658,2023,FASE 2,2U,Aluno-658,10,Feminino,2022,Pública,Topázio,8.438533333,9.5,9.5,7.52,7.916666667,6.1,5.3,6.8,,,,9.173333333,10.0,Fase 2 (5° e 6° ano),0,2,2,Topázio,Pública,9.5,9.173333333,0,0,False,False,False
RA-588,2023,FASE 2,2U,Aluno-588,10,Feminino,2021,Privada - Programa de Apadrinhamento,Topázio,8.3527,8.0,9.6,2.52,8.958333333,7.8,7.5,8.0,,,,9.673333333,10.0,Fase 2 (5° e 6° ano),0,2,2,Topázio,Privada - Programa de Apadrinhamento,8.0,9.673333333,0,0,False,False,False
RA-662,2023,FASE 2,2U,Aluno-662,12,Feminino,2022,Pública,Agata,6.733566667,6.8,7.6,6.27,7.291666667,6.7,4.3,9.0,,,,6.72,5.0,Fase 3 (7° e 8° ano),-1,2,3,Ágata,Pública,6.8,6.72,-1,-1,False,False,False
RA-403,2023,FASE 2,2U,Aluno-403,13,Masculino,2020,Pública,Ametista,7.716366667,8.5,8.8,6.27,7.291666667,7.8,6.8,8.8,,,,8.45,5.0,Fase 3 (7° e 8° ano),-1,2,3,Ametista,Pública,8.5,8.45,-1,-1,False,True,False
RA-591,2023,FASE 2,2U,Aluno-591,12,Masculino,2021,Pública,Ametista,7.1472,9.0,8.5,6.27,5.833333333,6.9,6.2,7.5,,,,7.333333333,5.0,Fase 3 (7° e 8° ano),-1,2,3,Ametista,Pública,9.0,7.333333333,-1,-1,False,False,False
RA-592,2023,FASE 2,2U,Aluno-592,11,Feminino,2020,Privada,Ametista,7.935466667,6.2,9.2,3.77,7.916666667,7.6,5.5,9.7,,,,8.95,10.0,Fase 2 (5° e 6° ano),0,2,2,Ametista,Privada,6.2,8.95,0,0,False,True,False
RA-602,2023,FASE 2,2U,Aluno-602,12,Masculino,2019,Pública,Topázio,8.5592,10.0,9.6,7.52,8.75,8.1,7.3,8.8,,,,9.51,5.0,Fase 3 (7° e 8° ano),-1,2,3,Topázio,Pública,10.0,9.51,-1,-1,False,True,False
RA-666,2023,FASE 2,2U,Aluno-666,11,Masculino,2022,Pública,Topázio,8.720366667,9.5,9.1,7.52,8.541666667,7.1,6.7,7.5,,,,9.62,10.0,Fase 2 (5° e 6° ano),0,2,2,Topázio,Pública,9.5,9.62,0,0,False,False,False
RA-667,2023,FASE 2,2U,Aluno-667,12,Masculino,2021,Pública,Agata,6.774866667,9.0,6.9,6.89,7.083333333,5.2,3.0,7.3,,,,7.836666667,5.0,Fase 3 (7° e 8° ano),-1,2,3,Ágata,Pública,9.0,7.836666667,-1,-1,False,False,False
RA-422,2023,FASE 2,2U,Aluno-422,13,Masculino,2022,Pública,Quartzo,5.57,0.0,7.8,7.52,6.666666667,4.4,3.0,5.7,,,,6.106666667,5.0,Fase 3 (7° e 8° ano),-1,2,3,Quartzo,Pública,0.0,6.106666667,-1,-1,False,False,False
RA-595,2023,FASE 2,2U,Aluno-595,13,Masculino,2018,Pública,Quartzo,5.078666667,0.0,7.0,7.52,6.666666667,3.3,3.2,3.3,,,,5.55,5.0,Fase 3 (7° e 8° ano),-1,2,3,Quartzo,Pública,0.0,5.55,-1,-1,False,False,False
RA-423,2023,FASE 2,2U,Aluno-423,13,Feminino,2022,Pública,Agata,6.607533333,8.0,8.7,6.89,7.083333333,3.4,2.3,4.5,,,,7.45,5.0,Fase 3 (7° e 8° ano),-1,2,3,Ágata,Pública,8.0,7.45,-1,-1,False,False,False
RA-669,2023,FASE 2,2U,Aluno-669,11,Masculino,2022,Pública,Ametista,7.345033333,8.5,7.8,7.52,7.708333333,5.0,3.3,6.7,,,,7.06,10.0,Fase 2 (5° e 6° ano),0,2,2,Ametista,Pública,8.5,7.06,0,0,False,False,False
RA-670,2023,FASE 2,2U,Aluno-670,11,Feminino,2022,Pública,Topázio,8.6067,9.5,8.7,7.52,8.958333333,7.0,5.8,8.2,,,,9.343333333,10.0,Fase 2 (5° e 6° ano),0,2,2,Topázio,Pública,9.5,9.343333333,0,0,False,False,False
RA-609,2023,FASE 2,2U,Aluno-609,12,Masculino,2019,Pública,Agata,6.463033333,9.5,6.4,7.52,6.875,5.3,3.2,7.3,,,,6.216666667,5.0,Fase 3 (7° e 8° ano),-1,2,3,Ágata,Pública,9.5,6.216666667,-1,-1,False,False,False
RA-326,2023,FASE 3,3A,Aluno-326,13,Feminino,2022,Privada,Topázio,8.65075,9.6,9.4,3.14,9.0625,8.2,8.3,7.5,8.8,,,9.76,10.0,Fase 3 (7° e 8° ano),0,3,3,Topázio,Privada,9.6,9.76,0,0,False,False,False
RA-179,2023,FASE 3,3A,Aluno-179,12,Masculino,2022,Pública,Topázio,8.437641667,8.8,9.4,7.52,8.59375,6.4,8.7,6.3,4.3,,,8.9225,10.0,Fase 3 (7° e 8° ano),0,3,3,Topázio,Pública,8.8,8.9225,0,0,False,False,False
RA-1143,2023,FASE 3,3A,Aluno-1143,15,Feminino,2023,Pública,Agata,6.445933333,8.8,7.0,6.26,7.5,5.3,6.0,6.3,3.5,,,6.2075,5.0,Fase 5 (1° EM),-2,3,5,Ágata,Pública,8.8,6.2075,-2,-2,False,True,False
RA-330,2023,FASE 3,3A,Aluno-330,15,Feminino,2018,Pública,Agata,6.084875,9.6,7.2,6.89,6.71875,3.3,3.8,3.8,2.3,,,5.8275,5.0,Fase 5 (1° EM),-2,3,5,Ágata,Pública,9.6,5.8275,-2,-2,False,False,False
RA-332,2023,FASE 3,3A,Aluno-332,14,Masculino,2017,Privada - Programa de Apadrinhamento,Topázio,8.002591667,9.2,8.4,8.76,8.28125,6.8,6.3,7.7,6.5,,,9.175,5.0,Fase 4 (9° ano),-1,3,4,Topázio,Privada - Programa de Apadrinhamento,9.2,9.175,-1,-1,False,True,False
RA-199,2023,FASE 3,3A,Aluno-199,14,Masculino,2022,Privada,Ametista,7.892341667,9.2,7.6,7.51,7.96875,8.5,8.2,8.2,9.2,,,8.505,5.0,Fase 4 (9° ano),-1,3,4,Ametista,Privada,9.2,8.505,-1,-1,False,False,False
RA-1144,2023,FASE 3,3B,Aluno-1144,13,Feminino,2023,Pública,Ametista,7.410625,0.0,9.4,5.02,8.28125,8.0,7.0,8.2,8.8,,,8.0025,10.0,Fase 3 (7° e 8° ano),0,3,3,Ametista,Pública,0.0,8.0025,0,0,False,False,False
RA-352,2023,FASE 3,3B,Aluno-352,12,Masculino,2019,Pública,Ametista,7.840341667,9.2,8.1,6.26,7.96875,7.2,8.2,6.0,7.5,,,7.17,10.0,Fase 3 (7° e 8° ano),0,3,3,Ametista,Pública,9.2,7.17,0,0,False,True,False
RA-1145,2023,FASE 3,3B,Aluno-1145,11,Feminino,2023,Pública,Ametista,7.484375,0.0,9.5,4.39,8.59375,7.8,7.7,7.7,8.0,,,8.63,10.0,Fase 2 (5° e 6° ano),1,3,2,Ametista,Pública,0.0,8.63,1,1,False,False,False
RA-1146,2023,FASE 3,3B,Aluno-1146,14,Feminino,2023,Pública,Agata,6.689583333,9.6,8.8,6.26,7.1875,3.7,5.0,3.3,2.7,,,6.965,5.0,Fase 4 (9° ano),-1,3,4,Ágata,Pública,9.6,6.965,-1,-1,False,False,False
RA-331,2023,FASE 3,3B,Aluno-331,13,Feminino,2019,Pública,Ametista,7.039791667,9.6,8.6,2.52,7.03125,5.2,5.7,4.8,5.2,,,6.7975,10.0,Fase 3 (7° e 8° ano),0,3,3,Ametista,Pública,9.6,6.7975,0,0,False,True,False
RA-227,2023,FASE 3,3B,Aluno-227,12,Masculino,2022,Pública,Ametista,7.722125,9.6,7.5,5.63,8.28125,6.9,7.2,6.5,7.0,,,7.4625,10.0,Fase 3 (7° e 8° ano),0,3,3,Ametista,Pública,9.6,7.4625,0,0,False,False,False
RA-247,2023,FASE 3,3B,Aluno-247,13,Feminino,2021,Pública,Ametista,7.221958333,0.0,8.5,7.52,8.28125,7.2,6.5,6.7,8.3,,,7.5425,10.0,Fase 3 (7° e 8° ano),0,3,3,Ametista,Pública,0.0,7.5425,0,0,False,False,False
RA-343,2023,FASE 3,3B,Aluno-343,15,Masculino,2020,Pública,Agata,6.779591667,9.2,7.2,6.26,7.65625,5.7,4.5,6.7,6.0,,,6.9225,5.0,Fase 5 (1° EM),-2,3,5,Ágata,Pública,9.2,6.9225,-2,-2,False,False,False
RA-1147,2023,FASE 3,3B,Aluno-1147,14,Feminino,2023,Pública,Ametista,7.072983333,8.3,8.3,6.26,7.1875,6.7,5.0,7.5,7.5,,,7.0075,5.0,Fase 4 (9° ano),-1,3,4,Ametista,Pública,8.3,7.0075,-1,-1,False,False,False
RA-345,2023,FASE 3,3B,Aluno-345,14,Masculino,2021,Pública,Agata,6.534766667,8.8,6.8,6.26,8.125,4.6,5.7,5.7,2.5,,,7.1725,5.0,Fase 4 (9° ano),-1,3,4,Ágata,Pública,8.8,7.1725,-1,-1,False,False,False
RA-336,2023,FASE 3,3B,Aluno-336,14,Masculino,2016,Pública,Quartzo,5.887708333,0.0,7.5,6.89,7.34375,5.1,6.7,5.2,3.3,,,7.255,5.0,Fase 4 (9° ano),-1,3,4,Quartzo,Pública,0.0,7.255,-1,-1,False,True,False
RA-346,2023,FASE 3,3B,Aluno-346,11,Masculino,2022,Pública,Ametista,7.305541667,0.0,9.4,8.14,7.96875,6.2,6.7,5.5,6.5,,,7.84,10.0,Fase 2 (5° e 6° ano),1,3,2,Ametista,Pública,0.0,7.84,1,1,False,False,False
RA-1148,2023,FASE 3,3B,Aluno-1148,11,Feminino,2023,Pública,Ametista,7.227866667,7.9,8.6,3.77,7.5,5.7,5.7,5.3,6.2,,,7.2125,10.0,Fase 2 (5° e 6° ano),1,3,2,Ametista,Pública,7.9,7.2125,1,1,False,False,False
RA-1149,2023,FASE 3,3C,Aluno-1149,14,Feminino,2023,Pública,Ametista,7.410108333,8.3,9.8,2.52,7.96875,7.2,6.0,6.8,8.7,,,8.1725,5.0,Fase 4 (9° ano),-1,3,4,Ametista,Pública,8.3,8.1725,-1,-1,False,False,False
RA-1150,2023,FASE 3,3C,Aluno-1150,16,Masculino,2023,Pública,Ametista,7.076008333,9.2,9.8,2.52,7.96875,6.7,7.0,6.5,6.5,,,7.835,2.5,Fase 6 (2° EM),-3,3,6,Ametista,Pública,9.2,7.835,-3,-3,False,False,False
RA-1151,2023,FASE 3,3C,Aluno-1151,12,Feminino,2023,Pública,Ametista,7.829958333,7.5,9.5,2.52,7.65625,8.3,7.3,8.8,8.7,,,7.545,10.0,Fase 3 (7° e 8° ano),0,3,3,Ametista,Pública,7.5,7.545,0,0,False,False,False
RA-356,2023,FASE 3,3C,Aluno-356,13,Masculino,2019,Pública,Agata,6.452008333,9.2,8.5,2.52,6.09375,3.4,4.3,4.5,1.3,,,6.5025,10.0,Fase 3 (7° e 8° ano),0,3,3,Ágata,Pública,9.2,6.5025,0,0,False,True,False
RA-1152,2023,FASE 3,3C,Aluno-1152,14,Masculino,2023,Pública,Agata,6.544916667,0.0,9.4,5.0,7.8125,6.8,6.7,6.0,7.8,,,7.585,5.0,Fase 4 (9° ano),-1,3,4,Ágata,Pública,0.0,7.585,-1,-1,False,False,False
RA-221,2023,FASE 3,3C,Aluno-221,15,Masculino,2022,Pública,Agata,6.959916667,9.6,9.0,5.0,7.1875,5.0,5.5,4.8,4.8,,,7.38,5.0,Fase 5 (1° EM),-2,3,5,Ágata,Pública,9.6,7.38,-2,-2,False,False,False
RA-359,2023,FASE 3,3C,Aluno-359,13,Feminino,2019,Pública,Ametista,7.627125,9.6,9.2,2.52,7.65625,5.8,6.0,6.7,4.7,,,8.255,10.0,Fase 3 (7° e 8° ano),0,3,3,Ametista,Pública,9.6,8.255,0,0,False,True,False
RA-360,2023,FASE 3,3C,Aluno-360,13,Feminino,2019,Pública,Quartzo,5.790875,0.0,7.3,2.52,7.34375,4.3,5.3,4.8,2.8,,,7.4225,10.0,Fase 3 (7° e 8° ano),0,3,3,Quartzo,Pública,0.0,7.4225,0,0,False,True,False
RA-338,2023,FASE 3,3D,Aluno-338,13,Masculino,2019,Pública,Topázio,8.287441667,8.3,9.1,7.52,8.59375,6.7,8.7,7.0,4.5,,,8.38,10.0,Fase 3 (7° e 8° ano),0,3,3,Topázio,Pública,8.3,8.38,0,0,False,True,False
RA-339,2023,FASE 3,3D,Aluno-339,12,Feminino,2019,Pública,Ametista,7.377583333,0.0,8.9,7.52,7.8125,7.1,7.7,5.7,7.8,,,8.255,10.0,Fase 3 (7° e 8° ano),0,3,3,Ametista,Pública,0.0,8.255,0,0,False,True,False
RA-353,2023,FASE 3,3D,Aluno-353,12,Feminino,2022,Pública,Topázio,8.309016667,8.8,9.9,2.52,7.8125,8.4,8.5,7.3,9.5,,,8.67,10.0,Fase 3 (7° e 8° ano),0,3,3,Topázio,Pública,8.8,8.67,0,0,False,False,False
RA-1153,2023,FASE 3,3D,Aluno-1153,14,Feminino,2023,Pública,Ametista,7.968658333,7.9,10.0,7.52,7.65625,7.2,6.7,7.8,7.0,,,8.63,5.0,Fase 4 (9° ano),-1,3,4,Ametista,Pública,7.9,8.63,-1,-1,False,True,False
RA-183,2023,FASE 3,3D,Aluno-183,14,Feminino,2022,Pública,Ametista,7.586241667,7.9,9.7,2.52,7.96875,7.7,7.0,8.0,8.2,,,8.795,5.0,Fase 4 (9° ano),-1,3,4,Ametista,Pública,7.9,8.795,-1,-1,False,False,False
RA-342,2023,FASE 3,3D,Aluno-342,15,Feminino,2021,Pública,Ametista,7.539875,7.5,8.6,7.52,7.96875,6.6,6.3,7.8,5.7,,,8.505,5.0,Fase 5 (1° EM),-2,3,5,Ametista,Pública,7.5,8.505,-2,-2,False,False,False
RA-187,2023,FASE 3,3D,Aluno-187,13,Feminino,2019,Privada - Programa de Apadrinhamento,Ametista,7.809875,7.5,9.9,2.52,7.96875,6.9,7.3,8.7,4.7,,,8.255,10.0,Fase 3 (7° e 8° ano),0,3,3,Ametista,Privada - Programa de Apadrinhamento,7.5,8.255,0,0,False,True,False
RA-190,2023,FASE 3,3D,Aluno-190,14,Feminino,2022,Pública,Agata,6.934158333,7.9,9.5,2.52,7.65625,5.7,5.8,5.2,6.0,,,7.9575,5.0,Fase 4 (9° ano),-1,3,4,Ágata,Pública,7.9,7.9575,-1,-1,False,False,False
RA-347,2023,FASE 3,3D,Aluno-347,13,Feminino,2019,Pública,Ametista,7.61835,6.7,9.5,2.52,7.8125,7.3,6.7,6.2,9.0,,,7.7925,10.0,Fase 3 (7° e 8° ano),0,3,3,Ametista,Pública,6.7,7.7925,0,0,False,True,False
RA-234,2023,FASE 3,3D,Aluno-234,13,Masculino,2022,Pública,Agata,6.248741667,6.7,8.0,2.52,4.84375,5.6,6.3,5.3,5.3,,,5.595,10.0,Fase 3 (7° e 8° ano),0,3,3,Ágata,Pública,6.7,5.595,0,0,False,False,False
RA-1154,2023,FASE 3,3F,Aluno-1154,13,Masculino,2023,Pública,Ametista,7.701125,9.6,9.3,5.63,7.65625,5.1,5.3,5.0,5.0,,,7.67,10.0,Fase 3 (7° e 8° ano),0,3,3,Ametista,Pública,9.6,7.67,0,0,False,False,False
RA-249,2023,FASE 3,3F,Aluno-249,15,Masculino,2017,Pública,Quartzo,5.444625,0.0,8.2,5.0,5.15625,4.9,6.2,5.3,3.2,,,6.545,5.0,Fase 5 (1° EM),-2,3,5,Quartzo,Pública,0.0,6.545,-2,-2,False,True,False
RA-380,2023,FASE 3,3F,Aluno-380,14,Masculino,2017,Pública,Quartzo,4.912375,0.0,6.4,2.52,6.71875,4.5,7.0,4.0,2.5,,,6.5425,5.0,Fase 4 (9° ano),-1,3,4,Quartzo,Pública,0.0,6.5425,-1,-1,False,False,False
RA-250,2023,FASE 3,3F,Aluno-250,13,Feminino,2022,Pública,Ametista,7.598208333,0.0,9.3,5.63,7.96875,8.3,7.7,8.8,8.3,,,8.625,10.0,Fase 3 (7° e 8° ano),0,3,3,Ametista,Pública,0.0,8.625,0,0,False,False,False
RA-367,2023,FASE 3,3F,Aluno-367,12,Feminino,2018,Pública,Ametista,7.38685,8.8,8.7,2.52,7.8125,5.9,7.0,5.5,5.2,,,7.7925,10.0,Fase 3 (7° e 8° ano),0,3,3,Ametista,Pública,8.8,7.7925,0,0,False,True,False
RA-1155,2023,FASE 3,3F,Aluno-1155,14,Feminino,2023,Pública,Ametista,7.821633333,9.2,9.2,5.63,7.5,8.0,6.7,8.2,9.0,,,8.2925,5.0,Fase 4 (9° ano),-1,3,4,Ametista,Pública,9.2,8.2925,-1,-1,False,False,False
RA-1156,2023,FASE 3,3F,Aluno-1156,12,Feminino,2023,Pública,Ametista,7.340775,8.3,9.2,2.52,7.96875,5.3,6.2,6.0,3.7,,,7.7925,10.0,Fase 3 (7° e 8° ano),0,3,3,Ametista,Pública,8.3,7.7925,0,0,False,False,False
RA-368,2023,FASE 3,3F,Aluno-368,14,Masculino,2018,Pública,Quartzo,5.796458333,0.0,7.7,2.52,7.03125,6.7,5.0,7.2,7.8,,,7.34,5.0,Fase 4 (9° ano),-1,3,4,Quartzo,Pública,0.0,7.34,-1,-1,False,True,False
RA-387,2023,FASE 3,3F,Aluno-387,14,Masculino,2019,Pública,Quartzo,4.794333333,0.0,6.8,2.52,6.875,3.0,4.3,2.8,1.8,,,7.0075,5.0,Fase 4 (9° ano),-1,3,4,Quartzo,Pública,0.0,7.0075,-1,-1,False,True,False
RA-388,2023,FASE 3,3F,Aluno-388,15,Feminino,2019,Pública,Quartzo,5.630833333,0.0,7.4,5.63,6.875,4.2,6.0,4.3,2.2,,,7.835,5.0,Fase 5 (1° EM),-2,3,5,Quartzo,Pública,0.0,7.835,-2,-2,False,True,False
RA-374,2023,FASE 3,3F,Aluno-374,13,Feminino,2021,Privada,Ametista,7.533891667,8.8,8.3,5.63,7.65625,5.4,6.3,6.3,3.7,,,7.9175,10.0,Fase 3 (7° e 8° ano),0,3,3,Ametista,Privada,8.8,7.9175,0,0,False,False,False
RA-377,2023,FASE 3,3F,Aluno-377,13,Feminino,2021,Pública,Ametista,7.205041667,9.6,7.6,5.0,7.34375,4.8,6.0,5.7,2.8,,,7.6275,10.0,Fase 3 (7° e 8° ano),0,3,3,Ametista,Pública,9.6,7.6275,0,0,False,False,False
RA-223,2023,FASE 3,3G,Aluno-223,14,Feminino,2022,Pública,Quartzo,5.089833333,0.0,4.5,7.52,7.5,3.8,5.5,4.0,1.8,,,7.1725,5.0,Fase 4 (9° ano),-1,3,4,Quartzo,Pública,0.0,7.1725,-1,-1,False,False,False
RA-236,2023,FASE 3,3G,Aluno-236,13,Feminino,2022,Pública,Ametista,7.337116667,10.0,7.5,7.52,7.1875,4.5,6.3,4.0,3.3,,,7.2975,10.0,Fase 3 (7° e 8° ano),0,3,3,Ametista,Pública,10.0,7.2975,0,0,False,False,False
RA-362,2023,FASE 3,3G,Aluno-362,13,Feminino,2018,Pública,Agata,6.392625,0.0,7.5,7.52,7.03125,5.1,5.7,6.8,2.8,,,7.0875,10.0,Fase 3 (7° e 8° ano),0,3,3,Ágata,Pública,0.0,7.0875,0,0,False,False,False
RA-381,2023,FASE 3,3G,Aluno-381,14,Masculino,2018,Pública,Quartzo,5.758041667,0.0,8.4,6.89,7.34375,3.9,5.3,5.3,1.2,,,6.84,5.0,Fase 4 (9° ano),-1,3,4,Quartzo,Pública,0.0,6.84,-1,-1,False,True,False
RA-364,2023,FASE 3,3G,Aluno-364,12,Masculino,2019,Pública,Ametista,7.734891667,8.8,9.0,6.89,7.03125,5.8,8.0,5.2,4.3,,,7.505,10.0,Fase 3 (7° e 8° ano),0,3,3,Ametista,Pública,8.8,7.505,0,0,False,True,False
RA-382,2023,FASE 3,3G,Aluno-382,15,Masculino,2017,Pública,Agata,6.223833333,0.0,9.4,6.26,7.5,5.2,5.0,5.8,4.7,,,7.1725,5.0,Fase 5 (1° EM),-2,3,5,Ágata,Pública,0.0,7.1725,-2,-2,False,True,False
RA-383,2023,FASE 3,3G,Aluno-383,12,Masculino,2019,Pública,Ametista,7.5408,9.2,8.8,3.14,7.5,6.5,6.3,6.2,7.0,,,7.5,10.0,Fase 3 (7° e 8° ano),0,3,3,Ametista,Pública,9.2,7.5,0,0,False,True,False
RA-384,2023,FASE 3,3G,Aluno-384,13,Feminino,2017,Pública,Agata,6.757958333,0.0,9.1,2.52,7.65625,7.3,6.3,7.2,8.3,,,7.335,10.0,Fase 3 (7° e 8° ano),0,3,3,Ágata,Pública,0.0,7.335,0,0,False,True,False
RA-1157,2023,FASE 3,3G,Aluno-1157,14,Masculino,2023,Pública,Ametista,7.086633333,9.2,8.8,6.26,7.5,5.7,5.0,6.3,5.7,,,7.0025,5.0,Fase 4 (9° ano),-1,3,4,Ametista,Pública,9.2,7.0025,-1,-1,False,False,False
RA-386,2023,FASE 3,3G,Aluno-386,14,Masculino,2019,Pública,Quartzo,5.758425,9.2,7.0,2.52,7.03125,3.3,5.0,3.7,1.2,,,6.6325,5.0,Fase 4 (9° ano),-1,3,4,Quartzo,Pública,9.2,6.6325,-1,-1,False,False,False
RA-260,2023,FASE 3,3G,Aluno-260,13,Feminino,2019,Pública,Topázio,8.080008333,9.2,9.9,7.52,7.34375,6.1,6.3,5.2,6.7,,,7.4175,10.0,Fase 3 (7° e 8° ano),0,3,3,Topázio,Pública,9.2,7.4175,0,0,False,True,False
RA-390,2023,FASE 3,3G,Aluno-390,12,Feminino,2022,Pública,Agata,6.905741667,7.9,8.8,2.52,7.34375,4.8,5.7,5.8,3.0,,,7.005,10.0,Fase 3 (7° e 8° ano),0,3,3,Ágata,Pública,7.9,7.005,0,0,False,False,False
RA-1158,2023,FASE 3,3G,Aluno-1158,14,Feminino,2023,Pública,Agata,6.306666667,7.5,8.6,2.52,7.5,4.3,5.3,5.0,2.7,,,7.34,5.0,Fase 4 (9° ano),-1,3,4,Ágata,Pública,7.5,7.34,-1,-1,False,False,False
RA-391,2023,FASE 3,3I,Aluno-391,13,Feminino,2022,Pública,Agata,6.5107,7.9,7.5,2.52,7.5,3.5,4.2,5.0,1.3,,,7.585,10.0,Fase 3 (7° e 8° ano),0,3,3,Ágata,Pública,7.9,7.585,0,0,False,False,False
RA-1159,2023,FASE 3,3I,Aluno-1159,12,Feminino,2023,Pública,Quartzo,5.913883333,5.8,6.6,2.52,7.1875,3.1,5.2,1.5,2.5,,,7.1325,10.0,Fase 3 (7° e 8° ano),0,3,3,Quartzo,Pública,5.8,7.1325,0,0,False,False,False
RA-392,2023,FASE 3,3I,Aluno-392,15,Masculino,2022,Pública,Agata,6.567208333,9.6,9.5,2.52,6.09375,4.6,6.2,4.7,2.8,,,7.17,5.0,Fase 5 (1° EM),-2,3,5,Ágata,Pública,9.6,7.17,-2,-2,False,False,False
RA-1160,2023,FASE 3,3I,Aluno-1160,13,Masculino,2023,Pública,Agata,6.636166667,9.6,8.7,2.52,6.875,2.7,4.8,2.7,0.7,,,7.2575,10.0,Fase 3 (7° e 8° ano),0,3,3,Ágata,Pública,9.6,7.2575,0,0,False,False,False
RA-1161,2023,FASE 3,3I,Aluno-1161,13,Feminino,2023,Pública,Ametista,7.317791667,6.3,8.1,2.52,8.28125,6.3,7.3,6.5,5.2,,,8.63,10.0,Fase 3 (7° e 8° ano),0,3,3,Ametista,Pública,6.3,8.63,0,0,False,False,False
RA-395,2023,FASE 3,3I,Aluno-395,12,Feminino,2018,Pública,Ametista,7.469175,9.2,8.6,2.52,7.96875,6.0,6.7,5.3,6.0,,,7.9175,10.0,Fase 3 (7° e 8° ano),0,3,3,Ametista,Pública,9.2,7.9175,0,0,False,True,False
RA-450,2023,FASE 3,3K,Aluno-450,14,Masculino,2021,Pública,Agata,6.819625,9.6,8.4,2.52,7.65625,5.4,7.0,6.5,2.7,,,7.9175,5.0,Fase 4 (9° ano),-1,3,4,Ágata,Pública,9.6,7.9175,-1,-1,False,False,False
RA-463,2023,FASE 3,3K,Aluno-463,13,Feminino,2020,Pública,Agata,6.382383333,9.2,5.4,2.52,7.8125,4.0,6.3,4.3,1.3,,,7.795,10.0,Fase 3 (7° e 8° ano),0,3,3,Ágata,Pública,9.2,7.795,0,0,False,False,False
RA-298,2023,FASE 3,3K,Aluno-298,14,Masculino,2019,Pública,Agata,6.824333333,9.6,8.6,2.52,7.5,5.5,7.7,4.5,4.2,,,7.7525,5.0,Fase 4 (9° ano),-1,3,4,Ágata,Pública,9.6,7.7525,-1,-1,False,False,False
RA-464,2023,FASE 3,3K,Aluno-464,14,Feminino,2022,Pública,Agata,6.081675,9.2,7.7,2.52,7.96875,3.0,4.8,3.7,0.5,,,7.38,5.0,Fase 4 (9° ano),-1,3,4,Ágata,Pública,9.2,7.38,-1,-1,False,False,False
RA-465,2023,FASE 3,3K,Aluno-465,12,Masculino,2019,Pública,Topázio,8.012875,7.5,9.4,2.52,7.96875,8.5,8.3,8.2,9.0,,,8.17,10.0,Fase 3 (7° e 8° ano),0,3,3,Topázio,Pública,7.5,8.17,0,0,False,False,False
RA-442,2023,FASE 3,3K,Aluno-442,12,Feminino,2022,Pública,Agata,6.814166667,0.0,7.6,7.52,7.5,5.8,6.7,6.5,4.3,,,8.1275,10.0,Fase 3 (7° e 8° ano),0,3,3,Ágata,Pública,0.0,8.1275,0,0,False,False,False
RA-300,2023,FASE 3,3K,Aluno-300,15,Masculino,2022,Pública,Quartzo,5.616691667,5.0,7.5,2.52,6.40625,4.5,4.5,5.3,3.8,,,6.5875,5.0,Fase 5 (1° EM),-2,3,5,Quartzo,Pública,5.0,6.5875,-2,-2,False,False,False
RA-467,2023,FASE 3,3K,Aluno-467,14,Feminino,2022,Pública,Agata,6.552916667,6.3,9.2,3.14,7.1875,5.2,6.0,6.0,3.7,,,7.5425,5.0,Fase 4 (9° ano),-1,3,4,Ágata,Pública,6.3,7.5425,-1,-1,False,False,False
RA-468,2023,FASE 3,3K,Aluno-468,14,Masculino,2022,Pública,Quartzo,5.911108333,8.3,6.0,6.27,7.34375,3.4,4.8,3.0,2.3,,,6.715,5.0,Fase 4 (9° ano),-1,3,4,Quartzo,Pública,8.3,6.715,-1,-1,False,False,False
RA-1162,2023,FASE 3,3K,Aluno-1162,13,Feminino,2023,Pública,Ametista,7.44215,8.3,8.5,3.77,7.8125,6.0,7.3,5.5,5.2,,,7.7525,10.0,Fase 3 (7° e 8° ano),0,3,3,Ametista,Pública,8.3,7.7525,0,0,False,False,False
RA-470,2023,FASE 3,3K,Aluno-470,14,Feminino,2019,Pública,Agata,6.993766667,8.8,9.2,5.0,7.5,4.9,6.0,4.3,4.5,,,7.71,5.0,Fase 4 (9° ano),-1,3,4,Ágata,Pública,8.8,7.71,-1,-1,False,True,False
RA-474,2023,FASE 3,3K,Aluno-474,14,Masculino,2019,Pública,Quartzo,5.283583333,0.0,7.8,5.0,7.1875,3.3,4.8,3.8,1.2,,,6.7575,5.0,Fase 4 (9° ano),-1,3,4,Quartzo,Pública,0.0,6.7575,-1,-1,False,True,False
RA-476,2023,FASE 3,3K,Aluno-476,13,Feminino,2019,Pública,Agata,6.492408333,7.9,7.0,2.52,7.34375,4.1,5.0,4.5,2.7,,,7.505,10.0,Fase 3 (7° e 8° ano),0,3,3,Ágata,Pública,7.9,7.505,0,0,False,True,False
RA-478,2023,FASE 3,3K,Aluno-478,12,Feminino,2019,Pública,Agata,6.443616667,6.7,7.3,2.52,7.1875,4.4,4.3,4.7,4.3,,,7.2975,10.0,Fase 3 (7° e 8° ano),0,3,3,Ágata,Pública,6.7,7.2975,0,0,False,False,False
RA-410,2023,FASE 3,3K,Aluno-410,14,Masculino,2018,Pública,Agata,6.140808333,8.8,5.8,7.52,6.71875,4.9,5.0,4.8,4.8,,,6.0425,5.0,Fase 4 (9° ano),-1,3,4,Ágata,Pública,8.8,6.0425,-1,-1,False,False,False
RA-411,2023,FASE 3,3L,Aluno-411,13,Feminino,2019,Privada,Ametista,7.779983333,6.2,9.0,7.52,7.8125,6.6,5.7,6.7,7.3,,,7.5425,10.0,Fase 3 (7° e 8° ano),0,3,3,Ametista,Privada,6.2,7.5425,0,0,False,True,False
RA-412,2023,FASE 3,3L,Aluno-412,13,Feminino,2018,Pública,Ametista,7.373891667,8.8,8.9,2.52,7.03125,6.2,5.8,5.2,7.7,,,7.585,10.0,Fase 3 (7° e 8° ano),0,3,3,Ametista,Pública,8.8,7.585,0,0,False,True,False
RA-400,2023,FASE 3,3L,Aluno-400,14,Masculino,2018,Pública,Agata,6.529425,9.2,9.0,2.52,7.65625,4.1,4.8,4.7,2.8,,,7.375,5.0,Fase 4 (9° ano),-1,3,4,Ágata,Pública,9.2,7.375,-1,-1,False,False,False
RA-414,2023,FASE 3,3L,Aluno-414,13,Feminino,2021,Pública,Ametista,7.25025,0.0,9.5,7.52,7.8125,6.5,6.0,7.0,6.5,,,7.585,10.0,Fase 3 (7° e 8° ano),0,3,3,Ametista,Pública,0.0,7.585,0,0,False,False,False
RA-415,2023,FASE 3,3L,Aluno-415,12,Feminino,2019,Pública,Ametista,7.18805,7.1,8.2,7.52,7.8125,3.7,2.8,4.0,4.3,,,7.8325,10.0,Fase 3 (7° e 8° ano),0,3,3,Ametista,Pública,7.1,7.8325,0,0,False,False,False
RA-1163,2023,FASE 3,3L,Aluno-1163,14,Masculino,2023,Pública,Ametista,7.749391667,8.8,9.3,7.52,7.65625,7.2,7.0,6.7,8.0,,,7.75,5.0,Fase 4 (9° ano),-1,3,4,Ametista,Pública,8.8,7.75,-1,-1,False,False,False
RA-273,2023,FASE 3,3L,Aluno-273,14,Feminino,2018,Pública,Agata,6.337116667,7.9,7.4,2.52,7.8125,5.0,5.3,6.8,3.0,,,7.6275,5.0,Fase 4 (9° ano),-1,3,4,Ágata,Pública,7.9,7.6275,-1,-1,False,True,False
RA-471,2023,FASE 3,3L,Aluno-471,13,Feminino,2020,Pública,Agata,6.855541667,0.0,9.0,6.27,7.96875,5.0,6.3,4.0,4.8,,,8.125,10.0,Fase 3 (7° e 8° ano),0,3,3,Ágata,Pública,0.0,8.125,0,0,False,True,False
RA-416,2023,FASE 3,3L,Aluno-416,13,Masculino,2018,Privada - Programa de Apadrinhamento,Topázio,8.144425,9.2,9.8,2.52,8.28125,7.6,7.0,7.0,8.8,,,8.3375,10.0,Fase 3 (7° e 8° ano),0,3,3,Topázio,Privada - Programa de Apadrinhamento,9.2,8.3375,0,0,False,True,False
RA-417,2023,FASE 3,3L,Aluno-417,13,Feminino,2022,Pública,Topázio,8.257658333,5.4,9.7,7.52,8.28125,7.8,6.7,8.3,8.3,,,8.2125,10.0,Fase 3 (7° e 8° ano),0,3,3,Topázio,Pública,5.4,8.2125,0,0,False,False,False
RA-305,2023,FASE 3,3L,Aluno-305,15,Masculino,2019,Pública,Agata,6.394291667,0.0,8.9,7.52,7.65625,5.2,5.2,4.8,5.7,,,7.75,5.0,Fase 5 (1° EM),-2,3,5,Ágata,Pública,0.0,7.75,-2,-2,False,True,False
RA-418,2023,FASE 3,3L,Aluno-418,11,Feminino,2020,Privada - Programa de Apadrinhamento,Topázio,8.1686,8.8,10.0,2.52,8.125,8.1,6.7,8.3,9.3,,,8.045,10.0,Fase 2 (5° e 6° ano),1,3,2,Topázio,Privada - Programa de Apadrinhamento,8.8,8.045,1,1,False,True,False
RA-419,2023,FASE 3,3L,Aluno-419,13,Feminino,2019,Privada - Programa de Apadrinhamento,Ametista,7.7261,6.7,9.5,2.52,8.125,7.6,7.0,7.3,8.5,,,7.875,10.0,Fase 3 (7° e 8° ano),0,3,3,Ametista,Privada - Programa de Apadrinhamento,6.7,7.875,0,0,False,True,False
RA-421,2023,FASE 3,3L,Aluno-421,12,Masculino,2021,Pública,Topázio,8.030716667,9.2,9.9,2.52,7.8125,7.3,8.0,6.2,7.8,,,8.17,10.0,Fase 3 (7° e 8° ano),0,3,3,Topázio,Pública,9.2,8.17,0,0,False,False,False
RA-407,2023,FASE 3,3L,Aluno-407,14,Masculino,2022,Pública,Ametista,7.665083333,9.6,8.6,7.52,7.8125,7.3,7.3,7.2,7.3,,,7.5,5.0,Fase 4 (9° ano),-1,3,4,Ametista,Pública,9.6,7.5,-1,-1,False,False,False
RA-425,2023,FASE 3,3L,Aluno-425,13,Masculino,2022,Pública,Topázio,8.10555,9.2,9.9,2.52,7.8125,7.5,6.7,7.3,8.5,,,8.3775,10.0,Fase 3 (7° e 8° ano),0,3,3,Topázio,Pública,9.2,8.3775,0,0,False,False,False
RA-426,2023,FASE 3,3M,Aluno-426,14,Feminino,2022,Pública,Agata,6.329158333,5.4,7.6,5.0,7.65625,5.0,4.7,5.2,5.0,,,7.5425,5.0,Fase 4 (9° ano),-1,3,4,Ágata,Pública,5.4,7.5425,-1,-1,False,False,False
RA-430,2023,FASE 3,3M,Aluno-430,14,Masculino,2022,Pública,Ametista,7.146716667,9.2,9.3,2.52,7.8125,6.4,7.3,5.5,6.5,,,7.75,5.0,Fase 4 (9° ano),-1,3,4,Ametista,Pública,9.2,7.75,-1,-1,False,False,False
RA-1164,2023,FASE 3,3M,Aluno-1164,13,Masculino,2023,Pública,Agata,6.910091667,9.2,7.5,2.52,7.65625,4.8,7.0,7.5,0.0,,,7.545,10.0,Fase 3 (7° e 8° ano),0,3,3,Ágata,Pública,9.2,7.545,0,0,False,False,False
RA-1165,2023,FASE 3,3M,Aluno-1165,12,Feminino,2023,Pública,Ametista,7.880716667,9.2,9.1,5.0,7.1875,7.3,7.0,6.0,9.0,,,7.2925,10.0,Fase 3 (7° e 8° ano),0,3,3,Ametista,Pública,9.2,7.2925,0,0,False,False,False
RA-432,2023,FASE 3,3M,Aluno-432,15,Feminino,2019,Pública,Agata,6.850183333,8.8,9.0,2.52,7.8125,5.2,5.0,6.3,4.2,,,8.0425,5.0,Fase 5 (1° EM),-2,3,5,Ágata,Pública,8.8,8.0425,-2,-2,False,True,False
RA-303,2023,FASE 3,3M,Aluno-303,15,Masculino,2019,Pública,Quartzo,5.914291667,0.0,7.3,7.52,7.65625,5.1,5.7,5.2,4.5,,,7.05,5.0,Fase 5 (1° EM),-2,3,5,Quartzo,Pública,0.0,7.05,-2,-2,False,True,False
RA-420,2023,FASE 3,3M,Aluno-420,12,Feminino,2019,Privada - Programa de Apadrinhamento,Ametista,7.356358333,8.3,9.3,2.52,7.65625,5.3,5.7,5.8,4.3,,,7.96,10.0,Fase 3 (7° e 8° ano),0,3,3,Ametista,Privada - Programa de Apadrinhamento,8.3,7.96,0,0,False,True,False
RA-1166,2023,FASE 3,3M,Aluno-1166,15,Feminino,2023,Pública,Ametista,7.307858333,8.3,9.6,7.52,7.65625,4.8,5.3,2.8,6.2,,,7.9175,5.0,Fase 5 (1° EM),-2,3,5,Ametista,Pública,8.3,7.9175,-2,-2,False,False,False
RA-1167,2023,FASE 3,3M,Aluno-1167,16,Masculino,2023,Pública,Agata,6.021891667,8.8,7.6,2.52,7.65625,3.8,6.0,3.7,1.8,,,7.9625,2.5,Fase 6 (2° EM),-3,3,6,Ágata,Pública,8.8,7.9625,-3,-3,False,False,False
RA-424,2023,FASE 3,3M,Aluno-424,13,Feminino,2022,Pública,Ametista,7.72685,8.8,9.9,2.52,7.8125,6.4,5.0,6.7,7.5,,,7.7925,10.0,Fase 3 (7° e 8° ano),0,3,3,Ametista,Pública,8.8,7.7925,0,0,False,False,False
RA-398,2023,FASE 3,3N,Aluno-398,11,Feminino,2022,Pública,Ametista,7.153766667,6.7,8.1,2.52,7.5,6.5,9.3,5.8,4.5,,,7.7925,10.0,Fase 2 (5° e 6° ano),1,3,2,Ametista,Pública,6.7,7.7925,1,1,False,False,False
RA-399,2023,FASE 3,3N,Aluno-399,13,Feminino,2022,Pública,Ametista,7.000033333,7.9,8.2,2.52,7.5,4.7,5.0,4.2,4.8,,,8.165,10.0,Fase 3 (7° e 8° ano),0,3,3,Ametista,Pública,7.9,8.165,0,0,False,False,False
RA-428,2023,FASE 3,3N,Aluno-428,13,Masculino,2022,Pública,Ametista,7.821816667,8.3,9.5,2.52,7.8125,7.2,9.3,4.7,7.7,,,8.0425,10.0,Fase 3 (7° e 8° ano),0,3,3,Ametista,Pública,8.3,8.0425,0,0,False,False,False
RA-315,2023,FASE 3,3N,Aluno-315,14,Feminino,2022,Pública,Quartzo,5.977708333,0.0,6.8,5.0,7.96875,6.3,5.7,6.8,6.3,,,7.8375,5.0,Fase 4 (9° ano),-1,3,4,Quartzo,Pública,0.0,7.8375,-1,-1,False,False,False
RA-402,2023,FASE 3,3N,Aluno-402,13,Feminino,2019,Pública,Agata,6.632716667,9.2,7.3,2.52,7.8125,4.2,4.7,4.0,4.0,,,6.88,10.0,Fase 3 (7° e 8° ano),0,3,3,Ágata,Pública,9.2,6.88,0,0,False,True,False
RA-1168,2023,FASE 3,3N,Aluno-1168,13,Feminino,2023,Pública,Quartzo,5.886625,0.0,8.8,2.52,7.65625,3.5,5.0,2.0,3.5,,,7.045,10.0,Fase 3 (7° e 8° ano),0,3,3,Quartzo,Pública,0.0,7.045,0,0,False,False,False
RA-613,2023,FASE 3,3N,Aluno-613,14,Masculino,2020,Pública,Agata,6.864508333,9.2,9.4,5.0,6.71875,4.8,4.3,6.2,3.8,,,7.2125,5.0,Fase 4 (9° ano),-1,3,4,Ágata,Pública,9.2,7.2125,-1,-1,False,True,False
RA-304,2023,FASE 3,3N,Aluno-304,15,Masculino,2020,Pública,Agata,6.241583333,0.0,8.8,5.0,7.8125,5.7,7.0,3.7,6.3,,,7.835,5.0,Fase 5 (1° EM),-2,3,5,Ágata,Pública,0.0,7.835,-2,-2,False,True,False
RA-457,2023,FASE 3,3N,Aluno-457,13,Feminino,2022,Pública,Topázio,8.256833333,7.5,8.6,7.52,8.125,8.1,6.7,8.5,9.0,,,8.045,10.0,Fase 3 (7° e 8° ano),0,3,3,Topázio,Pública,7.5,8.045,0,0,False,False,False
RA-307,2023,FASE 3,3N,Aluno-307,15,Masculino,2022,Pública,Agata,6.047333333,0.0,6.5,7.52,7.5,6.3,6.3,7.3,5.2,,,7.46,5.0,Fase 5 (1° EM),-2,3,5,Ágata,Pública,0.0,7.46,-2,-2,False,False,False
RA-283,2023,FASE 3,3N,Aluno-283,15,Masculino,2020,Pública,Ametista,7.549025,8.3,9.5,7.52,7.03125,6.8,6.8,4.8,8.8,,,7.5025,5.0,Fase 5 (1° EM),-2,3,5,Ametista,Pública,8.3,7.5025,-2,-2,False,True,False
RA-459,2023,FASE 3,3N,Aluno-459,13,Masculino,2019,Pública,Topázio,8.240016667,6.7,9.3,7.52,7.1875,8.3,8.3,9.2,7.5,,,7.88,10.0,Fase 3 (7° e 8° ano),0,3,3,Topázio,Pública,6.7,7.88,0,0,False,True,False
RA-440,2023,FASE 3,3P,Aluno-440,12,Masculino,2022,Pública,Agata,6.989208333,0.0,8.2,7.52,7.96875,6.2,7.3,7.0,4.2,,,7.835,10.0,Fase 3 (7° e 8° ano),0,3,3,Ágata,Pública,0.0,7.835,0,0,False,False,False
RA-443,2023,FASE 3,3P,Aluno-443,14,Feminino,2019,Pública,Agata,6.895508333,7.1,7.5,2.52,7.96875,7.6,7.0,8.7,7.0,,,8.125,5.0,Fase 4 (9° ano),-1,3,4,Ágata,Pública,7.1,8.125,-1,-1,False,False,False
RA-454,2023,FASE 3,3P,Aluno-454,15,Masculino,2018,Pública,Quartzo,4.603416667,0.0,7.5,5.0,4.6875,2.6,4.2,1.2,2.5,,,5.54,5.0,Fase 5 (1° EM),-2,3,5,Quartzo,Pública,0.0,5.54,-2,-2,False,True,False
RA-444,2023,FASE 3,3P,Aluno-444,11,Masculino,2018,Pública,Quartzo,5.958791667,0.0,7.9,5.0,6.40625,4.7,4.7,5.8,3.7,,,6.4575,10.0,Fase 2 (5° e 6° ano),1,3,2,Quartzo,Pública,0.0,6.4575,1,1,False,True,True
RA-170,2023,FASE 3,3P,Aluno-170,15,Feminino,2018,Privada - Programa de Apadrinhamento,Ametista,7.062433333,8.8,8.9,2.52,6.875,7.2,6.3,8.7,6.5,,,7.6725,5.0,Fase 5 (1° EM),-2,3,5,Ametista,Privada - Programa de Apadrinhamento,8.8,7.6725,-2,-2,False,True,False
RA-1169,2023,FASE 3,3P,Aluno-1169,14,Feminino,2023,Pública,Ametista,7.213625,7.5,9.5,5.0,7.03125,6.3,6.8,7.3,4.8,,,8.0025,5.0,Fase 4 (9° ano),-1,3,4,Ametista,Pública,7.5,8.0025,-1,-1,False,False,False
RA-458,2023,FASE 3,3P,Aluno-458,14,Masculino,2019,Pública,Agata,6.312083333,9.6,6.9,7.52,7.1875,3.8,4.3,4.8,2.2,,,6.2475,5.0,Fase 4 (9° ano),-1,3,4,Ágata,Pública,9.6,6.2475,-1,-1,False,True,False
RA-1170,2023,FASE 3,3P,Aluno-1170,14,Masculino,2023,Pública,Agata,6.874683333,8.8,7.7,7.52,7.1875,5.9,6.0,6.8,4.8,,,6.5775,5.0,Fase 4 (9° ano),-1,3,4,Ágata,Pública,8.8,6.5775,-1,-1,False,False,False
RA-1171,2023,FASE 3,3P,Aluno-1171,14,Masculino,2023,Pública,Ametista,7.856033333,7.9,8.4,5.0,8.75,8.7,7.3,9.0,9.7,,,8.88,5.0,Fase 4 (9° ano),-1,3,4,Ametista,Pública,7.9,8.88,-1,-1,False,False,False
RA-449,2023,FASE 3,3P,Aluno-449,12,Feminino,2022,Pública,Ametista,7.396508333,7.1,7.2,7.52,7.34375,7.0,5.5,7.7,7.7,,,6.8425,10.0,Fase 3 (7° e 8° ano),0,3,3,Ametista,Pública,7.1,6.8425,0,0,False,False,False
RA-462,2023,FASE 3,3P,Aluno-462,15,Feminino,2022,Pública,Agata,6.2267,10.0,8.1,5.0,7.5,2.7,4.0,2.8,1.3,,,6.5825,5.0,Fase 5 (1° EM),-2,3,5,Ágata,Pública,10.0,6.5825,-2,-2,True,False,False
RA-176,2023,FASE 4,4A,Aluno-176,14,Feminino,2018,Privada - Programa de Apadrinhamento,Topázio,8.316833333,9.6,9.5,2.52,8.125,8.0,7.3,7.3,9.3,,,9.0025,10.0,Fase 4 (9° ano),0,4,4,Topázio,Privada - Programa de Apadrinhamento,9.6,9.0025,0,0,False,True,False
RA-178,2023,FASE 4,4A,Aluno-178,14,Feminino,2016,Privada - Programa de Apadrinhamento,Ametista,7.406658333,7.9,8.7,2.52,7.65625,5.9,6.3,5.8,5.5,,,8.42,10.0,Fase 4 (9° ano),0,4,4,Ametista,Privada - Programa de Apadrinhamento,7.9,8.42,0,0,False,True,False
RA-193,2023,FASE 4,4A,Aluno-193,13,Masculino,2016,Privada - Programa de Apadrinhamento,Ametista,7.718566667,8.3,9.4,2.52,8.125,6.5,6.0,6.3,7.3,,,8.17,10.0,Fase 3 (7° e 8° ano),1,4,3,Ametista,Privada - Programa de Apadrinhamento,8.3,8.17,1,1,False,True,False
RA-1172,2023,FASE 4,4A,Aluno-1172,16,Feminino,2023,Pública,Ametista,7.030108333,8.3,7.8,2.52,8.59375,6.7,6.0,5.7,8.3,,,8.46,5.0,Fase 6 (2° EM),-2,4,6,Ametista,Pública,8.3,8.46,-2,-2,False,False,False
RA-180,2023,FASE 4,4A,Aluno-180,13,Masculino,2018,Privada - Programa de Apadrinhamento,Topázio,8.283216667,9.2,9.4,2.52,8.4375,8.0,8.3,7.3,8.5,,,8.92,10.0,Fase 3 (7° e 8° ano),1,4,3,Topázio,Privada - Programa de Apadrinhamento,9.2,8.92,1,1,False,True,False
RA-181,2023,FASE 4,4A,Aluno-181,14,Feminino,2019,Privada - Programa de Apadrinhamento,Ametista,7.671208333,9.6,8.3,2.52,7.96875,6.8,8.3,6.5,5.5,,,8.2525,10.0,Fase 4 (9° ano),0,4,4,Ametista,Privada - Programa de Apadrinhamento,9.6,8.2525,0,0,False,True,False
RA-195,2023,FASE 4,4A,Aluno-195,14,Feminino,2017,Privada - Programa de Apadrinhamento,Ametista,7.60205,7.1,9.2,2.52,8.4375,6.0,6.3,6.2,5.5,,,8.79,10.0,Fase 4 (9° ano),0,4,4,Ametista,Privada - Programa de Apadrinhamento,7.1,8.79,0,0,False,True,False
RA-196,2023,FASE 4,4A,Aluno-196,13,Masculino,2018,Privada - Programa de Apadrinhamento,Ametista,7.560991667,7.9,9.0,2.52,8.28125,6.2,7.0,6.0,5.7,,,8.2125,10.0,Fase 3 (7° e 8° ano),1,4,3,Ametista,Privada - Programa de Apadrinhamento,7.9,8.2125,1,1,False,True,False
RA-211,2023,FASE 4,4A,Aluno-211,14,Masculino,2021,Privada - Programa de Apadrinhamento,Topázio,8.024791667,9.6,9.4,2.52,7.65625,7.1,7.7,8.0,5.7,,,8.71,10.0,Fase 4 (9° ano),0,4,4,Topázio,Privada - Programa de Apadrinhamento,9.6,8.71,0,0,False,False,False
RA-197,2023,FASE 4,4A,Aluno-197,13,Feminino,2021,Privada - Programa de Apadrinhamento,Ametista,7.967608333,8.3,9.8,2.52,7.96875,7.2,7.0,7.3,7.2,,,8.46,10.0,Fase 3 (7° e 8° ano),1,4,3,Ametista,Privada - Programa de Apadrinhamento,8.3,8.46,1,1,False,False,False
RA-229,2023,FASE 4,4A,Aluno-229,13,Masculino,2022,Privada - Programa de Apadrinhamento,Topázio,8.207591667,9.2,9.8,2.52,8.28125,7.8,8.0,8.2,7.3,,,8.42,10.0,Fase 3 (7° e 8° ano),1,4,3,Topázio,Privada - Programa de Apadrinhamento,9.2,8.42,1,1,False,False,False
RA-186,2023,FASE 4,4A,Aluno-186,14,Feminino,2019,Privada,Ametista,7.817541667,7.5,9.7,2.52,7.96875,6.9,6.8,7.0,7.0,,,8.46,10.0,Fase 4 (9° ano),0,4,4,Ametista,Privada,7.5,8.46,0,0,False,True,False
RA-189,2023,FASE 4,4A,Aluno-189,14,Masculino,2018,Privada - Programa de Apadrinhamento,Ametista,7.727325,7.9,9.4,2.52,8.28125,6.5,6.3,6.5,6.7,,,8.3775,10.0,Fase 4 (9° ano),0,4,4,Ametista,Privada - Programa de Apadrinhamento,7.9,8.3775,0,0,False,True,False
RA-191,2023,FASE 4,4A,Aluno-191,14,Masculino,2019,Privada - Programa de Apadrinhamento,Ametista,7.263666667,0.0,9.7,2.52,8.125,7.8,8.7,7.0,7.8,,,8.4625,10.0,Fase 4 (9° ano),0,4,4,Ametista,Privada - Programa de Apadrinhamento,0.0,8.4625,0,0,False,True,False
RA-1173,2023,FASE 4,4A,Aluno-1173,14,Masculino,2023,Pública,Ametista,7.67285,8.8,9.7,2.52,7.8125,6.0,7.0,5.0,6.0,,,8.1225,10.0,Fase 4 (9° ano),0,4,4,Ametista,Pública,8.8,8.1225,0,0,False,False,False
RA-217,2023,FASE 4,4B,Aluno-217,15,Feminino,2021,Pública,Agata,6.96965,8.3,8.6,2.52,8.4375,5.6,6.7,5.3,4.8,,,8.5025,5.0,Fase 5 (1° EM),-1,4,5,Ágata,Pública,8.3,8.5025,-1,-1,False,False,False
RA-1174,2023,FASE 4,4B,Aluno-1174,15,Feminino,2023,Pública,Ametista,7.333591667,9.2,8.7,2.52,8.90625,6.8,6.5,7.2,6.8,,,8.3375,5.0,Fase 5 (1° EM),-1,4,5,Ametista,Pública,9.2,8.3375,-1,-1,False,False,False
RA-192,2023,FASE 4,4B,Aluno-192,16,Masculino,2021,Privada,Agata,6.616016667,8.8,6.2,5.0,7.1875,6.5,6.0,5.8,7.8,,,7.3775,5.0,Fase 6 (2° EM),-2,4,6,Ágata,Privada,8.8,7.3775,-2,-2,False,False,False
RA-184,2023,FASE 4,4B,Aluno-184,13,Masculino,2019,Pública,Topázio,8.430241667,7.9,9.5,7.52,8.59375,7.1,7.3,6.3,7.8,,,8.5025,10.0,Fase 3 (7° e 8° ano),1,4,3,Topázio,Pública,7.9,8.5025,1,1,False,True,True
RA-200,2023,FASE 4,4B,Aluno-200,16,Masculino,2018,Privada - Programa de Apadrinhamento,Quartzo,5.661166667,9.6,4.5,2.52,7.5,4.3,4.3,4.2,4.5,,,7.17,5.0,Fase 6 (2° EM),-2,4,6,Quartzo,Privada - Programa de Apadrinhamento,9.6,7.17,-2,-2,False,False,False
RA-1175,2023,FASE 4,4B,Aluno-1175,17,Feminino,2023,Pública,Quartzo,5.939858333,8.3,5.3,2.52,7.65625,6.3,6.3,6.3,6.2,,,7.6275,2.5,Fase 7 (3° EM),-3,4,7,Quartzo,Pública,8.3,7.6275,-3,-3,False,False,False
RA-204,2023,FASE 4,4B,Aluno-204,14,Feminino,2019,Pública,Ametista,7.557558333,8.8,7.9,2.52,8.28125,7.1,4.7,8.0,8.5,,,8.045,10.0,Fase 4 (9° ano),0,4,4,Ametista,Pública,8.8,8.045,0,0,False,True,False
RA-1176,2023,FASE 4,4B,Aluno-1176,13,Masculino,2023,Pública,Topázio,8.881483333,8.3,9.3,7.52,9.6875,8.2,8.0,7.8,8.7,,,9.17,10.0,Fase 3 (7° e 8° ano),1,4,3,Topázio,Pública,8.3,9.17,1,1,False,False,False
RA-1177,2023,FASE 4,4B,Aluno-1177,14,Feminino,2023,Pública,Topázio,8.345491667,10.0,9.9,2.52,8.90625,7.2,7.0,6.7,8.0,,,8.88,10.0,Fase 4 (9° ano),0,4,4,Topázio,Pública,10.0,8.88,0,0,False,False,False
RA-215,2023,FASE 4,4C,Aluno-215,14,Feminino,2021,Pública,Ametista,7.166475,8.8,6.6,2.52,7.96875,6.9,5.7,6.7,8.3,,,7.7125,10.0,Fase 4 (9° ano),0,4,4,Ametista,Pública,8.8,7.7125,0,0,False,False,False
RA-1178,2023,FASE 4,4C,Aluno-1178,16,Masculino,2023,Pública,Ametista,7.066475,8.8,9.3,2.52,7.96875,5.7,6.3,4.5,6.3,,,8.2125,5.0,Fase 6 (2° EM),-2,4,6,Ametista,Pública,8.8,8.2125,-2,-2,False,False,False
RA-149,2023,FASE 4,4C,Aluno-149,16,Feminino,2022,Pública,Quartzo,5.622266667,8.8,4.2,2.52,7.5,4.7,5.7,3.5,5.0,,,7.2925,5.0,Fase 6 (2° EM),-2,4,6,Quartzo,Pública,8.8,7.2925,-2,-2,False,False,False
RA-1179,2023,FASE 4,4C,Aluno-1179,15,Masculino,2023,Pública,Agata,6.631333333,9.6,8.1,4.38,6.875,5.0,6.7,3.7,4.5,,,7.17,5.0,Fase 5 (1° EM),-1,4,5,Ágata,Pública,9.6,7.17,-1,-1,False,False,False
RA-218,2023,FASE 4,4C,Aluno-218,15,Feminino,2022,Pública,Quartzo,5.811541667,0.0,6.7,2.52,7.96875,6.7,5.7,7.0,7.5,,,7.88,5.0,Fase 5 (1° EM),-1,4,5,Quartzo,Pública,0.0,7.88,-1,-1,False,False,False
RA-220,2023,FASE 4,4C,Aluno-220,14,Feminino,2022,Pública,Ametista,7.102016667,8.8,7.6,2.52,7.1875,6.1,6.3,5.8,6.3,,,7.5475,10.0,Fase 4 (9° ano),0,4,4,Ametista,Pública,8.8,7.5475,0,0,False,False,False
RA-202,2023,FASE 4,4C,Aluno-202,15,Feminino,2017,Pública,Agata,6.791641667,8.8,7.9,2.52,7.96875,5.9,6.3,4.8,6.7,,,8.005,5.0,Fase 5 (1° EM),-1,4,5,Ágata,Pública,8.8,8.005,-1,-1,False,True,False
RA-1180,2023,FASE 4,4C,Aluno-1180,15,Masculino,2023,Pública,Ametista,7.067983333,8.3,9.5,5.0,7.1875,5.4,6.0,4.8,5.3,,,7.7125,5.0,Fase 5 (1° EM),-1,4,5,Ametista,Pública,8.3,7.7125,-1,-1,False,False,False
RA-1181,2023,FASE 4,4C,Aluno-1181,14,Feminino,2023,Pública,Agata,6.971266667,8.8,8.3,2.52,7.5,4.8,5.7,4.3,4.5,,,7.3375,10.0,Fase 4 (9° ano),0,4,4,Ágata,Pública,8.8,7.3375,0,0,False,False,False
RA-1182,2023,FASE 4,4C,Aluno-1182,16,Feminino,2023,Pública,Quartzo,5.709808333,7.5,6.3,2.52,6.71875,4.2,5.3,2.0,5.2,,,7.2125,5.0,Fase 6 (2° EM),-2,4,6,Quartzo,Pública,7.5,7.2125,-2,-2,False,False,False
RA-205,2023,FASE 4,4C,Aluno-205,15,Masculino,2020,Pública,Agata,6.857625,9.6,7.6,4.38,7.03125,6.6,7.0,5.5,7.3,,,7.09,5.0,Fase 5 (1° EM),-1,4,5,Ágata,Pública,9.6,7.09,-1,-1,False,False,False
RA-1183,2023,FASE 4,4C,Aluno-1183,15,Masculino,2023,Pública,Agata,6.269541667,7.5,8.7,2.52,6.09375,5.3,6.0,4.0,6.0,,,6.7575,5.0,Fase 5 (1° EM),-1,4,5,Ágata,Pública,7.5,6.7575,-1,-1,False,False,False
RA-237,2023,FASE 4,4F,Aluno-237,15,Feminino,2022,Privada - Programa de Apadrinhamento,Ametista,7.436566667,8.3,9.5,2.52,8.125,6.7,7.7,7.0,5.5,,,8.96,5.0,Fase 5 (1° EM),-1,4,5,Ametista,Privada - Programa de Apadrinhamento,8.3,8.96,-1,-1,False,False,False
RA-147,2023,FASE 4,4F,Aluno-147,15,Feminino,2022,Pública,Quartzo,5.5425,0.0,7.0,5.63,6.875,4.5,5.0,6.0,2.5,,,7.46,5.0,Fase 5 (1° EM),-1,4,5,Quartzo,Pública,0.0,7.46,-1,-1,False,False,False
RA-240,2023,FASE 4,4F,Aluno-240,14,Feminino,2017,Privada - Programa de Apadrinhamento,Agata,6.337966667,7.1,6.7,2.52,6.875,4.8,7.0,3.3,4.2,,,6.9175,10.0,Fase 4 (9° ano),0,4,4,Ágata,Privada - Programa de Apadrinhamento,7.1,6.9175,0,0,False,False,False
RA-1184,2023,FASE 4,4F,Aluno-1184,16,Masculino,2023,Pública,Ametista,7.381566667,8.3,8.3,5.0,8.125,7.3,8.0,5.5,8.5,,,8.045,5.0,Fase 6 (2° EM),-2,4,6,Ametista,Pública,8.3,8.045,-2,-2,False,False,False
RA-241,2023,FASE 4,4F,Aluno-241,15,Masculino,2016,Privada - Programa de Apadrinhamento,Ametista,7.016,0.0,9.9,2.52,8.75,7.5,9.3,7.0,6.2,,,9.545,5.0,Fase 5 (1° EM),-1,4,5,Ametista,Privada - Programa de Apadrinhamento,0.0,9.545,-1,-1,False,True,False
RA-242,2023,FASE 4,4F,Aluno-242,14,Masculino,2018,Privada - Programa de Apadrinhamento,Topázio,8.221841667,7.1,9.7,2.52,8.59375,7.9,9.3,7.3,7.2,,,9.3775,10.0,Fase 4 (9° ano),0,4,4,Topázio,Privada - Programa de Apadrinhamento,7.1,9.3775,0,0,False,True,False
RA-138,2023,FASE 4,4F,Aluno-138,16,Masculino,2016,Pública,Agata,6.784075,10.0,7.9,6.26,7.34375,4.3,4.0,3.7,5.2,,,7.4175,5.0,Fase 6 (2° EM),-2,4,6,Ágata,Pública,10.0,7.4175,-2,-2,False,True,False
RA-244,2023,FASE 4,4F,Aluno-244,13,Feminino,2018,Privada - Programa de Apadrinhamento,Ametista,7.044333333,0.0,8.8,2.52,8.125,7.3,7.0,8.0,6.8,,,8.8325,10.0,Fase 3 (7° e 8° ano),1,4,3,Ametista,Privada - Programa de Apadrinhamento,0.0,8.8325,1,1,False,True,False
RA-245,2023,FASE 4,4F,Aluno-245,15,Masculino,2016,Privada - Programa de Apadrinhamento,Ametista,7.171166667,0.0,10.0,2.52,8.75,8.1,9.3,7.8,7.3,,,9.5875,5.0,Fase 5 (1° EM),-1,4,5,Ametista,Privada - Programa de Apadrinhamento,0.0,9.5875,-1,-1,False,True,False
RA-246,2023,FASE 4,4F,Aluno-246,14,Masculino,2022,Privada,Topázio,8.256766667,8.8,9.9,4.39,8.125,6.8,7.7,7.0,5.8,,,8.9175,10.0,Fase 4 (9° ano),0,4,4,Topázio,Privada,8.8,8.9175,0,0,False,False,False
RA-141,2023,FASE 4,4F,Aluno-141,15,Masculino,2017,Pública,Agata,6.719791667,9.6,8.4,5.63,7.03125,4.5,6.0,5.3,2.3,,,7.0425,5.0,Fase 5 (1° EM),-1,4,5,Ágata,Pública,9.6,7.0425,-1,-1,False,False,False
RA-239,2023,FASE 4,4G,Aluno-239,16,Feminino,2021,Pública,Agata,6.411333333,0.0,8.4,5.0,8.125,7.0,6.0,7.2,7.7,,,7.6275,5.0,Fase 6 (2° EM),-2,4,6,Ágata,Pública,0.0,7.6275,-2,-2,False,False,False
RA-1185,2023,FASE 4,4G,Aluno-1185,13,Feminino,2023,Pública,Topázio,8.02675,7.5,9.1,5.0,7.8125,7.5,6.7,6.3,9.5,,,8.3775,10.0,Fase 3 (7° e 8° ano),1,4,3,Topázio,Pública,7.5,8.3775,1,1,False,False,False
RA-262,2023,FASE 4,4G,Aluno-262,16,Masculino,2021,Privada,Quartzo,4.406458333,0.0,3.7,5.0,7.03125,3.8,5.0,3.3,3.0,,,6.05,5.0,Fase 6 (2° EM),-2,4,6,Quartzo,Privada,0.0,6.05,-2,-2,False,False,False
RA-1186,2023,FASE 4,4G,Aluno-1186,16,Feminino,2023,Pública,Ametista,7.281433333,8.8,9.8,6.89,6.875,5.5,6.7,5.2,4.5,,,7.3825,5.0,Fase 6 (2° EM),-2,4,6,Ametista,Pública,8.8,7.3825,-2,-2,False,False,False
RA-397,2023,FASE 4,4G,Aluno-397,15,Feminino,2017,Pública,Agata,6.207083333,7.5,7.9,2.52,7.1875,4.6,6.7,5.0,2.0,,,7.465,5.0,Fase 5 (1° EM),-1,4,5,Ágata,Pública,7.5,7.465,-1,-1,False,True,False
RA-1187,2023,FASE 4,4G,Aluno-1187,13,Feminino,2023,Pública,Agata,6.644475,8.8,6.9,2.52,7.34375,5.3,4.7,5.0,6.2,,,6.715,10.0,Fase 3 (7° e 8° ano),1,4,3,Ágata,Pública,8.8,6.715,1,1,False,False,False
RA-145,2023,FASE 4,4H,Aluno-145,17,Masculino,2017,Pública,,,7.9,9.0,,7.96875,6.2,5.3,6.0,7.2,,,7.4625,2.5,Fase 7 (3° EM),-3,4,7,,Pública,7.9,7.4625,-3,-3,False,False,False
RA-1188,2023,FASE 4,4H,Aluno-1188,15,Feminino,2023,Pública,,,9.6,9.4,,7.8125,6.4,6.5,7.5,5.2,,,7.5875,5.0,Fase 5 (1° EM),-1,4,5,,Pública,9.6,7.5875,-1,-1,False,False,False
RA-265,2023,FASE 4,4H,Aluno-265,14,Masculino,2019,Pública,,,8.3,8.7,,7.96875,7.0,7.3,6.8,6.8,,,7.88,10.0,Fase 4 (9° ano),0,4,4,,Pública,8.3,7.88,0,0,False,False,False
RA-254,2023,FASE 4,4H,Aluno-254,15,Masculino,2019,Pública,,,9.6,8.8,,7.8125,5.9,5.7,5.7,6.2,,,7.71,5.0,Fase 5 (1° EM),-1,4,5,,Pública,9.6,7.71,-1,-1,False,False,False
RA-267,2023,FASE 4,4H,Aluno-267,16,Feminino,2016,Pública,,,7.9,7.7,,4.6875,2.7,2.7,4.0,1.3,,,6.505,5.0,Fase 6 (2° EM),-2,4,6,,Pública,7.9,6.505,-2,-2,False,True,False
RA-1189,2023,FASE 4,4H,Aluno-1189,15,Feminino,2023,Pública,,,8.8,9.0,,7.8125,6.1,6.3,5.7,6.2,,,7.3775,5.0,Fase 5 (1° EM),-1,4,5,,Pública,8.8,7.3775,-1,-1,False,False,False
RA-295,2023,FASE 4,4L,Aluno-295,15,Feminino,2022,Pública,Ametista,7.641016667,8.8,8.8,2.52,9.0625,7.7,7.3,7.2,8.7,,,9.005,5.0,Fase 5 (1° EM),-1,4,5,Ametista,Pública,8.8,9.005,-1,-1,False,False,False
RA-269,2023,FASE 4,4L,Aluno-269,14,Masculino,2022,Pública,Topázio,8.116041667,9.6,9.0,2.52,8.59375,7.4,8.0,7.3,7.0,,,8.7975,10.0,Fase 4 (9° ano),0,4,4,Topázio,Pública,9.6,8.7975,0,0,False,False,False
RA-313,2023,FASE 4,4L,Aluno-313,14,Feminino,2022,Pública,Ametista,7.011091667,9.2,8.7,2.52,7.65625,3.9,4.0,2.8,5.0,,,7.75,10.0,Fase 4 (9° ano),0,4,4,Ametista,Pública,9.2,7.75,0,0,False,False,False
RA-1190,2023,FASE 4,4L,Aluno-1190,14,Masculino,2023,Pública,Agata,6.330041667,0.0,9.2,5.0,7.34375,4.2,3.0,4.2,5.5,,,7.045,10.0,Fase 4 (9° ano),0,4,4,Ágata,Pública,0.0,7.045,0,0,False,False,False
RA-301,2023,FASE 4,4L,Aluno-301,14,Feminino,2019,Pública,Agata,6.760341667,9.2,5.4,7.52,6.71875,5.2,4.7,6.5,4.5,,,6.465,10.0,Fase 4 (9° ano),0,4,4,Ágata,Pública,9.2,6.465,0,0,False,True,False
RA-286,2023,FASE 4,4L,Aluno-286,15,Feminino,2022,Pública,Quartzo,5.713333333,0.0,7.5,5.0,8.125,4.7,3.7,5.0,5.3,,,7.3375,5.0,Fase 5 (1° EM),-1,4,5,Quartzo,Pública,0.0,7.3375,-1,-1,False,False,False
RA-1191,2023,FASE 4,4L,Aluno-1191,14,Masculino,2023,Pública,Agata,6.175333333,7.5,7.2,5.0,5.0,3.7,2.3,2.5,6.2,,,6.26,10.0,Fase 4 (9° ano),0,4,4,Ágata,Pública,7.5,6.26,0,0,False,False,False
RA-1192,2023,FASE 4,4L,Aluno-1192,15,Feminino,2023,Pública,Agata,6.780741667,7.9,8.7,2.52,7.96875,5.8,4.7,6.0,6.8,,,7.6675,5.0,Fase 5 (1° EM),-1,4,5,Ágata,Pública,7.9,7.6675,-1,-1,False,False,False
RA-174,2023,FASE 4,4L,Aluno-174,16,Feminino,2019,Pública,Agata,6.1242,7.9,5.6,5.0,7.5,5.1,3.7,7.3,4.3,,,7.2125,5.0,Fase 6 (2° EM),-2,4,6,Ágata,Pública,7.9,7.2125,-2,-2,False,False,False
RA-1193,2023,FASE 4,4L,Aluno-1193,14,Feminino,2023,Pública,Agata,6.018083333,0.0,7.8,5.0,7.1875,4.1,3.7,3.5,5.0,,,7.13,10.0,Fase 4 (9° ano),0,4,4,Ágata,Pública,0.0,7.13,0,0,False,False,False
RA-308,2023,FASE 4,4L,Aluno-308,14,Masculino,2019,Pública,Agata,6.578558333,5.4,6.8,5.0,7.03125,4.9,4.7,5.2,4.7,,,7.5025,10.0,Fase 4 (9° ano),0,4,4,Ágata,Pública,5.4,7.5025,0,0,False,True,False
RA-152,2023,FASE 4,4M,Aluno-152,16,Feminino,2022,Pública,Agata,6.30695,7.9,7.7,2.52,7.8125,4.5,4.0,5.0,4.5,,,7.71,5.0,Fase 6 (2° EM),-2,4,6,Ágata,Pública,7.9,7.71,-2,-2,False,False,False
RA-270,2023,FASE 4,4M,Aluno-270,14,Feminino,2019,Privada - Programa de Apadrinhamento,Ametista,7.982633333,9.2,9.0,2.52,8.75,6.6,7.7,6.2,5.8,,,9.1275,10.0,Fase 4 (9° ano),0,4,4,Ametista,Privada - Programa de Apadrinhamento,9.2,9.1275,0,0,False,True,False
RA-271,2023,FASE 4,4M,Aluno-271,16,Feminino,2022,Pública,Agata,6.140333333,0.0,9.3,2.52,8.125,5.9,4.3,7.0,6.3,,,7.7125,5.0,Fase 6 (2° EM),-2,4,6,Ágata,Pública,0.0,7.7125,-2,-2,False,False,False
RA-299,2023,FASE 4,4M,Aluno-299,14,Feminino,2019,Privada - Programa de Apadrinhamento,Agata,6.796541667,0.0,9.6,2.52,7.96875,6.1,5.0,7.2,6.2,,,8.005,10.0,Fase 4 (9° ano),0,4,4,Ágata,Privada - Programa de Apadrinhamento,0.0,8.005,0,0,False,True,False
RA-316,2023,FASE 4,4M,Aluno-316,14,Feminino,2022,Pública,Topázio,8.436908333,10.0,9.5,7.52,8.59375,5.7,6.3,5.7,5.0,,,8.96,10.0,Fase 4 (9° ano),0,4,4,Topázio,Pública,10.0,8.96,0,0,False,False,False
RA-318,2023,FASE 4,4M,Aluno-318,15,Feminino,2019,Pública,Agata,6.856575,7.9,8.1,6.26,7.96875,4.9,5.0,5.0,4.7,,,7.71,5.0,Fase 5 (1° EM),-1,4,5,Ágata,Pública,7.9,7.71,-1,-1,False,True,False
RA-274,2023,FASE 4,4M,Aluno-274,12,Feminino,2019,Privada - Programa de Apadrinhamento,Topázio,8.137625,7.5,9.5,5.63,7.65625,7.5,7.0,7.7,7.8,,,8.295,10.0,Fase 3 (7° e 8° ano),1,4,3,Topázio,Privada - Programa de Apadrinhamento,7.5,8.295,1,1,False,True,False
RA-320,2023,FASE 4,4M,Aluno-320,14,Feminino,2022,Pública,Topázio,8.393508333,9.2,9.9,7.52,8.59375,5.5,5.7,6.0,4.7,,,8.96,10.0,Fase 4 (9° ano),0,4,4,Topázio,Pública,9.2,8.96,0,0,False,False,False
RA-277,2023,FASE 4,4M,Aluno-277,15,Masculino,2021,Pública,Ametista,7.7284,8.3,9.9,7.52,8.125,5.5,5.7,6.0,4.8,,,8.7525,5.0,Fase 5 (1° EM),-1,4,5,Ametista,Pública,8.3,8.7525,-1,-1,False,False,False
RA-278,2023,FASE 4,4M,Aluno-278,13,Masculino,2018,Pública,Ametista,7.1935,0.0,9.8,5.63,8.75,5.6,6.0,5.3,5.5,,,8.3775,10.0,Fase 3 (7° e 8° ano),1,4,3,Ametista,Pública,0.0,8.3775,1,1,False,True,False
RA-291,2023,FASE 4,4M,Aluno-291,14,Masculino,2022,Privada - Programa de Apadrinhamento,Topázio,8.493058333,8.8,8.6,7.52,8.90625,7.1,8.0,6.5,6.7,,,9.21,10.0,Fase 4 (9° ano),0,4,4,Topázio,Privada - Programa de Apadrinhamento,8.8,9.21,0,0,False,False,False
RA-306,2023,FASE 4,4M,Aluno-306,15,Feminino,2021,Pública,Quartzo,5.732375,0.0,7.9,6.26,7.34375,4.0,4.7,4.5,2.8,,,7.46,5.0,Fase 5 (1° EM),-1,4,5,Quartzo,Pública,0.0,7.46,-1,-1,False,False,False
RA-279,2023,FASE 4,4M,Aluno-279,14,Masculino,2019,Pública,Topázio,9.006266667,8.8,10.0,6.27,8.75,8.9,9.0,8.5,9.3,,,9.2125,10.0,Fase 4 (9° ano),0,4,4,Topázio,Pública,8.8,9.2125,0,0,False,True,False
RA-280,2023,FASE 4,4M,Aluno-280,14,Feminino,2021,Privada - Programa de Apadrinhamento,Topázio,8.189225,6.7,9.5,7.52,8.28125,6.5,6.3,7.7,5.5,,,8.7125,10.0,Fase 4 (9° ano),0,4,4,Topázio,Privada - Programa de Apadrinhamento,6.7,8.7125,0,0,False,False,False
RA-276,2023,FASE 4,4M,Aluno-276,14,Feminino,2017,Privada - Programa de Apadrinhamento,Agata,6.690458333,6.3,8.5,2.52,7.03125,5.5,3.7,4.7,8.0,,,6.585,10.0,Fase 4 (9° ano),0,4,4,Ágata,Privada - Programa de Apadrinhamento,6.3,6.585,0,0,False,False,False
RA-285,2023,FASE 4,4N,Aluno-285,17,Feminino,2020,Pública,Quartzo,5.380358333,8.3,4.6,2.52,7.65625,4.7,4.0,6.0,4.0,,,7.13,2.5,Fase 7 (3° EM),-3,4,7,Quartzo,Pública,8.3,7.13,-3,-3,False,False,False
RA-1194,2023,FASE 4,4N,Aluno-1194,13,Masculino,2023,Pública,Ametista,7.671933333,8.8,9.0,5.0,7.5,6.1,6.0,4.2,8.0,,,7.6675,10.0,Fase 3 (7° e 8° ano),1,4,3,Ametista,Pública,8.8,7.6675,1,1,False,False,False
RA-287,2023,FASE 4,4N,Aluno-287,18,Feminino,2022,Pública,Quartzo,3.745541667,0.0,4.8,2.52,4.21875,3.9,3.0,2.3,6.5,,,5.375,2.5,Fase 8 (Universitários),-4,4,8,Quartzo,Pública,0.0,5.375,-4,-4,False,False,False
RA-319,2023,FASE 4,4N,Aluno-319,14,Masculino,2022,Concluiu o 3º EM,Topázio,8.367208333,9.6,9.2,5.0,8.59375,7.2,5.7,5.8,10.0,,,8.88,10.0,Fase 4 (9° ano),0,4,4,Topázio,Concluiu o 3º EM,9.6,8.88,0,0,False,False,False
RA-321,2023,FASE 4,4N,Aluno-321,13,Feminino,2022,Pública,Ametista,7.695233333,8.3,9.4,2.52,8.125,6.2,6.0,5.8,6.7,,,8.42,10.0,Fase 3 (7° e 8° ano),1,4,3,Ametista,Pública,8.3,8.42,1,1,False,False,False
RA-1195,2023,FASE 4,4N,Aluno-1195,17,Feminino,2022,Pública,Quartzo,5.677291667,0.0,8.3,2.52,8.28125,5.4,4.3,4.7,7.3,,,8.0025,2.5,Fase 7 (3° EM),-3,4,7,Quartzo,Pública,0.0,8.0025,-3,-3,False,False,False
RA-159,2023,FASE 4,4N,Aluno-159,16,Feminino,2021,Pública,Agata,6.805033333,7.9,8.1,2.52,8.125,6.3,5.0,6.0,7.8,,,7.8775,5.0,Fase 6 (2° EM),-2,4,6,Ágata,Pública,7.9,7.8775,-2,-2,False,False,False
RA-322,2023,FASE 4,4N,Aluno-322,14,Feminino,2022,Pública,Ametista,7.037808333,6.7,8.3,2.52,7.96875,5.3,4.0,5.5,6.3,,,8.045,10.0,Fase 4 (9° ano),0,4,4,Ametista,Pública,6.7,8.045,0,0,False,False,False
RA-251,2023,FASE 4,4N,Aluno-251,15,Masculino,2018,Pública,Agata,6.665208333,9.6,8.0,2.52,7.34375,5.3,5.0,5.5,5.3,,,7.835,5.0,Fase 5 (1° EM),-1,4,5,Ágata,Pública,9.6,7.835,-1,-1,False,True,False
RA-116,2023,FASE 5,5A,Aluno-116,17,Feminino,2019,Pública,Agata,6.433075,6.7,7.6,5.0,7.96875,4.7,2.3,5.0,6.8,,,7.5475,5.0,Fase 7 (3° EM),-2,5,7,Ágata,Pública,6.7,7.5475,-2,-2,False,True,False
RA-103,2023,FASE 5,5A,Aluno-103,14,Feminino,2020,Privada - Programa de Apadrinhamento,Topázio,8.0239,8.3,9.2,5.0,8.125,7.1,7.3,6.3,7.7,,,8.09,10.0,Fase 4 (9° ano),1,5,4,Topázio,Privada - Programa de Apadrinhamento,8.3,8.09,1,1,False,True,False
RA-42,2023,FASE 5,5A,Aluno-42,16,Masculino,2019,Privada - Programa de Apadrinhamento,Agata,6.794516667,8.8,8.6,5.63,6.5625,5.7,6.3,4.2,6.7,,,6.6675,5.0,Fase 6 (2° EM),-1,5,6,Ágata,Privada - Programa de Apadrinhamento,8.8,6.6675,-1,-1,False,True,False
RA-121,2023,FASE 5,5A,Aluno-121,16,Feminino,2021,Pública,Agata,6.811875,6.3,8.8,5.0,7.34375,6.0,5.0,5.7,7.3,,,7.4625,5.0,Fase 6 (2° EM),-1,5,6,Ágata,Pública,6.3,7.4625,-1,-1,False,False,False
RA-106,2023,FASE 5,5A,Aluno-106,15,Feminino,2016,Privada - Programa de Apadrinhamento,Ametista,7.769658333,7.9,9.1,5.0,7.03125,7.3,6.7,6.8,8.3,,,7.5075,10.0,Fase 5 (1° EM),0,5,5,Ametista,Privada - Programa de Apadrinhamento,7.9,7.5075,0,0,False,True,False
RA-123,2023,FASE 5,5A,Aluno-123,17,Masculino,2017,Privada - Programa de Apadrinhamento,Agata,6.068333333,0.0,9.4,5.0,6.875,5.7,5.0,5.3,6.7,,,6.8375,5.0,Fase 7 (3° EM),-2,5,7,Ágata,Privada - Programa de Apadrinhamento,0.0,6.8375,-2,-2,False,True,False
RA-46,2023,FASE 5,5A,Aluno-46,18,Feminino,2022,Pública,Quartzo,5.545383333,7.1,7.4,2.52,6.5625,4.4,2.8,3.0,7.3,,,6.6275,2.5,Fase 8 (Universitários),-3,5,8,Quartzo,Pública,7.1,6.6275,-3,-3,False,False,False
RA-125,2023,FASE 5,5A,Aluno-125,16,Feminino,2022,Privada,Agata,6.989633333,9.2,7.7,5.0,8.125,5.8,3.3,5.8,8.2,,,7.835,5.0,Fase 6 (2° EM),-1,5,6,Ágata,Privada,9.2,7.835,-1,-1,False,False,False
RA-110,2023,FASE 5,5A,Aluno-110,15,Masculino,2017,Privada - Programa de Apadrinhamento,Topázio,8.0879,8.3,8.6,5.0,8.75,7.5,8.3,6.2,8.0,,,8.2975,10.0,Fase 5 (1° EM),0,5,5,Topázio,Privada - Programa de Apadrinhamento,8.3,8.2975,0,0,False,True,False
RA-128,2023,FASE 5,5A,Aluno-128,16,Masculino,2019,Privada,Agata,6.503908333,6.7,7.3,5.0,7.34375,5.7,6.3,4.0,6.7,,,7.5475,5.0,Fase 6 (2° EM),-1,5,6,Ágata,Privada,6.7,7.5475,-1,-1,False,False,False
RA-143,2023,FASE 5,5A,Aluno-143,14,Masculino,2019,Privada - Programa de Apadrinhamento,Ametista,7.794358333,8.3,9.6,2.52,8.28125,6.5,9.2,5.0,5.2,,,8.3375,10.0,Fase 4 (9° ano),1,5,4,Ametista,Privada - Programa de Apadrinhamento,8.3,8.3375,1,1,False,True,False
RA-111,2023,FASE 5,5A,Aluno-111,14,Feminino,2020,Privada - Programa de Apadrinhamento,Ametista,7.566458333,7.5,8.7,5.0,7.65625,6.0,6.0,5.2,6.7,,,8.0875,10.0,Fase 4 (9° ano),1,5,4,Ametista,Privada - Programa de Apadrinhamento,7.5,8.0875,1,1,False,True,False
RA-112,2023,FASE 5,5A,Aluno-112,16,Feminino,2016,Privada - Programa de Apadrinhamento,Ametista,7.141308333,6.7,8.1,5.0,7.96875,7.4,7.3,6.5,8.3,,,7.9225,5.0,Fase 6 (2° EM),-1,5,6,Ametista,Privada - Programa de Apadrinhamento,6.7,7.9225,-1,-1,False,True,False
RA-115,2023,FASE 5,5A,Aluno-115,16,Feminino,2019,Pública,Agata,6.319141667,8.8,7.1,5.0,7.34375,4.2,3.7,3.8,5.2,,,7.215,5.0,Fase 6 (2° EM),-1,5,6,Ágata,Pública,8.8,7.215,-1,-1,False,True,False
RA-1196,2023,FASE 5,5B,Aluno-1196,15,Masculino,2023,Privada,Ametista,7.03025,0.0,8.2,5.0,7.8125,7.5,8.0,6.2,8.3,,,8.045,10.0,Fase 5 (1° EM),0,5,5,Ametista,Privada,0.0,8.045,0,0,False,False,False
RA-52,2023,FASE 5,5B,Aluno-52,14,Masculino,2018,Privada - Programa de Apadrinhamento,Ametista,7.9642,10.0,9.8,2.52,8.125,6.4,7.7,4.8,6.7,,,8.2975,10.0,Fase 4 (9° ano),1,5,4,Ametista,Privada - Programa de Apadrinhamento,10.0,8.2975,1,1,False,True,False
RA-1197,2023,FASE 5,5B,Aluno-1197,16,Feminino,2023,Pública,Agata,6.946058333,6.7,8.4,5.0,7.03125,7.3,5.3,7.2,9.3,,,7.215,5.0,Fase 6 (2° EM),-1,5,6,Ágata,Pública,6.7,7.215,-1,-1,False,False,False
RA-108,2023,FASE 5,5B,Aluno-108,17,Feminino,2019,Concluiu o 3º EM,Quartzo,4.9308,5.8,7.3,2.52,4.375,2.9,2.7,3.2,2.8,,,5.59,5.0,Fase 7 (3° EM),-2,5,7,Quartzo,Concluiu o 3º EM,5.8,5.59,-2,-2,False,False,False
RA-1198,2023,FASE 5,5B,Aluno-1198,16,Feminino,2023,Pública,Ametista,7.515233333,8.3,9.4,6.26,7.5,6.7,7.3,3.7,9.0,,,7.9625,5.0,Fase 6 (2° EM),-1,5,6,Ametista,Pública,8.3,7.9625,-1,-1,False,False,False
RA-127,2023,FASE 5,5B,Aluno-127,15,Feminino,2022,Pública,Ametista,7.91935,8.8,7.8,6.26,8.4375,6.4,4.7,6.3,8.2,,,8.6725,10.0,Fase 5 (1° EM),0,5,5,Ametista,Pública,8.8,8.6725,0,0,False,False,False
RA-114,2023,FASE 5,5B,Aluno-114,17,Masculino,2022,Pública,Quartzo,5.335,0.0,6.0,3.14,7.5,5.6,4.0,4.5,8.3,,,7.255,5.0,Fase 7 (3° EM),-2,5,7,Quartzo,Pública,0.0,7.255,-2,-2,False,False,False
RA-146,2023,FASE 5,5C,Aluno-146,16,Feminino,2022,Pública,Ametista,7.584483333,6.2,9.5,5.0,8.4375,7.9,7.8,5.8,10.0,,,8.2125,5.0,Fase 6 (2° EM),-1,5,6,Ametista,Pública,6.2,8.2125,-1,-1,False,False,False
RA-1199,2023,FASE 5,5C,Aluno-1199,17,Masculino,2023,Pública,Ametista,7.024933333,6.7,9.1,5.0,6.875,6.2,6.8,5.0,6.7,,,8.0875,5.0,Fase 7 (3° EM),-2,5,7,Ametista,Pública,6.7,8.0875,-2,-2,False,False,False
RA-70,2023,FASE 5,5C,Aluno-70,17,Feminino,2017,Pública,Agata,6.869133333,9.2,9.2,5.0,7.5,4.3,3.0,3.5,6.3,,,7.545,5.0,Fase 7 (3° EM),-2,5,7,Ágata,Pública,9.2,7.545,-2,-2,False,False,False
RA-107,2023,FASE 5,5C,Aluno-107,15,Feminino,2018,Pública,Agata,6.845208333,0.0,8.5,5.0,7.34375,7.0,6.0,5.2,9.7,,,7.5875,10.0,Fase 5 (1° EM),0,5,5,Ágata,Pública,0.0,7.5875,0,0,False,True,False
RA-1200,2023,FASE 5,5C,Aluno-1200,15,Feminino,2023,Pública,Quartzo,5.711166667,0.0,6.4,5.0,7.5,4.0,4.3,2.3,5.5,,,6.8725,10.0,Fase 5 (1° EM),0,5,5,Quartzo,Pública,0.0,6.8725,0,0,False,False,False
RA-151,2023,FASE 5,5C,Aluno-151,17,Feminino,2020,Pública,Agata,6.892541667,0.0,7.8,7.52,8.59375,7.9,6.8,7.0,10.0,,,8.1725,5.0,Fase 7 (3° EM),-2,5,7,Ágata,Pública,0.0,8.1725,-2,-2,False,False,False
RA-85,2023,FASE 5,5C,Aluno-85,16,Masculino,2022,Pública,Ametista,7.08435,8.8,8.9,6.27,5.9375,5.7,5.8,3.8,7.5,,,7.8425,5.0,Fase 6 (2° EM),-1,5,6,Ametista,Pública,8.8,7.8425,-1,-1,False,False,False
RA-1201,2023,FASE 5,5C,Aluno-1201,15,Masculino,2023,Pública,Topázio,8.378008333,9.2,9.6,3.77,8.59375,7.8,8.3,6.5,8.5,,,8.7575,10.0,Fase 5 (1° EM),0,5,5,Topázio,Pública,9.2,8.7575,0,0,False,False,False
RA-131,2023,FASE 5,5F,Aluno-131,16,Feminino,2016,Pública,Quartzo,5.952358333,8.3,7.8,5.0,7.65625,2.2,0.0,3.0,3.5,,,6.8,5.0,Fase 6 (2° EM),-1,5,6,Quartzo,Pública,8.3,6.8,-1,-1,False,True,False
RA-132,2023,FASE 5,5F,Aluno-132,15,Feminino,2019,Privada - Programa de Apadrinhamento,Ametista,7.350625,7.5,8.7,2.52,7.65625,6.5,6.3,6.5,6.7,,,7.715,10.0,Fase 5 (1° EM),0,5,5,Ametista,Privada - Programa de Apadrinhamento,7.5,7.715,0,0,False,True,False
RA-133,2023,FASE 5,5F,Aluno-133,16,Feminino,2016,Pública,Agata,6.168416667,7.5,7.9,2.52,7.1875,5.3,5.0,4.3,6.7,,,6.505,5.0,Fase 6 (2° EM),-1,5,6,Ágata,Pública,7.5,6.505,-1,-1,False,False,False
RA-104,2023,FASE 5,5F,Aluno-104,19,Masculino,2022,Pública,Quartzo,4.25,0.0,7.7,2.52,5.625,2.6,3.7,1.8,2.3,,,5.6275,2.5,Fase 8 (Universitários),-3,5,8,Quartzo,Pública,0.0,5.6275,-3,-3,False,False,False
RA-137,2023,FASE 5,5F,Aluno-137,17,Feminino,2016,Privada - Programa de Apadrinhamento,Quartzo,5.937025,7.1,6.3,2.52,6.40625,6.0,7.3,4.5,6.2,,,6.88,5.0,Fase 7 (3° EM),-2,5,7,Quartzo,Privada - Programa de Apadrinhamento,7.1,6.88,-2,-2,False,True,False
RA-144,2023,FASE 5,5F,Aluno-144,14,Feminino,2017,Privada - Programa de Apadrinhamento,Quartzo,4.990333333,0.0,5.2,2.52,6.25,4.4,3.3,2.5,7.3,,,6.0,10.0,Fase 4 (9° ano),1,5,4,Quartzo,Privada - Programa de Apadrinhamento,0.0,6.0,1,1,False,False,False
RA-1202,2023,FASE 5,5F,Aluno-1202,16,Feminino,2023,Pública,Agata,6.202008333,7.1,7.6,7.52,7.34375,3.3,4.5,3.3,2.0,,,6.67,5.0,Fase 6 (2° EM),-1,5,6,Ágata,Pública,7.1,6.67,-1,-1,False,False,False
RA-90,2023,FASE 5,5L,Aluno-90,14,Feminino,2019,Privada - Programa de Apadrinhamento,Topázio,8.699408333,10.0,9.6,7.52,8.59375,7.7,6.7,6.8,9.5,,,8.1725,10.0,Fase 4 (9° ano),1,5,4,Topázio,Privada - Programa de Apadrinhamento,10.0,8.1725,1,1,False,True,False
RA-167,2023,FASE 5,5L,Aluno-167,17,Feminino,2018,Privada - Programa de Apadrinhamento,Ametista,7.806141667,8.8,9.9,5.0,7.96875,7.9,8.3,7.2,8.3,,,7.8375,5.0,Fase 7 (3° EM),-2,5,7,Ametista,Privada - Programa de Apadrinhamento,8.8,7.8375,-2,-2,False,True,False
RA-168,2023,FASE 5,5L,Aluno-168,15,Feminino,2018,Privada - Programa de Apadrinhamento,Agata,6.483083333,0.0,9.6,6.89,6.5625,4.7,4.3,3.0,6.7,,,6.4225,10.0,Fase 5 (1° EM),0,5,5,Ágata,Privada - Programa de Apadrinhamento,0.0,6.4225,0,0,False,False,False
RA-1203,2023,FASE 5,5L,Aluno-1203,16,Feminino,2023,Pública,Ametista,7.487841667,9.2,10.0,2.52,7.96875,7.2,6.7,5.8,9.2,,,7.8775,5.0,Fase 6 (2° EM),-1,5,6,Ametista,Pública,9.2,7.8775,-1,-1,False,False,False
RA-155,2023,FASE 5,5L,Aluno-155,17,Masculino,2022,Pública,Agata,6.318991667,7.9,8.1,5.0,7.03125,4.4,5.3,2.8,5.2,,,6.5875,5.0,Fase 7 (3° EM),-2,5,7,Ágata,Pública,7.9,6.5875,-2,-2,False,False,False
RA-94,2023,FASE 5,5L,Aluno-94,16,Feminino,2018,Privada - Programa de Apadrinhamento,Ametista,7.289333333,7.5,9.6,2.52,8.75,7.2,7.7,4.8,9.0,,,7.795,5.0,Fase 6 (2° EM),-1,5,6,Ametista,Privada - Programa de Apadrinhamento,7.5,7.795,-1,-1,False,True,False
RA-81,2023,FASE 5,5L,Aluno-81,15,Feminino,2017,Privada - Programa de Apadrinhamento,Ametista,7.45425,9.6,8.8,2.52,7.8125,6.3,8.7,4.7,5.5,,,7.2125,10.0,Fase 5 (1° EM),0,5,5,Ametista,Privada - Programa de Apadrinhamento,9.6,7.2125,0,0,False,True,False
RA-302,2023,FASE 5,5L,Aluno-302,17,Masculino,2022,Pública,Quartzo,5.314333333,0.0,7.3,5.0,7.5,4.3,4.7,2.3,5.8,,,6.255,5.0,Fase 7 (3° EM),-2,5,7,Quartzo,Pública,0.0,6.255,-2,-2,False,False,False
RA-171,2023,FASE 5,5L,Aluno-171,17,Masculino,2022,Pública,Agata,6.293083333,7.5,7.2,5.0,7.1875,5.2,4.5,4.8,6.2,,,6.755,5.0,Fase 7 (3° EM),-2,5,7,Ágata,Pública,7.5,6.755,-2,-2,False,False,False
RA-160,2023,FASE 5,5L,Aluno-160,16,Feminino,2021,Privada - Programa de Apadrinhamento,Agata,6.598266667,8.8,8.3,2.52,8.125,5.0,3.3,3.8,8.0,,,7.46,5.0,Fase 6 (2° EM),-1,5,6,Ágata,Privada - Programa de Apadrinhamento,8.8,7.46,-1,-1,False,False,False
RA-1204,2023,FASE 5,5L,Aluno-1204,16,Masculino,2023,Pública,Agata,6.940416667,7.5,8.7,5.0,7.8125,6.1,5.0,3.7,9.7,,,7.2125,5.0,Fase 6 (2° EM),-1,5,6,Ágata,Pública,7.5,7.2125,-1,-1,False,False,False
RA-1205,2023,FASE 5,5L,Aluno-1205,18,Feminino,2023,Pública,Agata,6.806466667,9.2,9.2,6.26,7.5,5.0,5.2,3.7,6.2,,,7.085,2.5,Fase 8 (Universitários),-3,5,8,Ágata,Pública,9.2,7.085,-3,-3,False,False,False
RA-173,2023,FASE 5,5L,Aluno-173,17,Masculino,2019,Privada - Programa de Apadrinhamento,Ametista,7.757466667,9.2,8.5,6.26,8.125,8.1,9.0,6.2,9.2,,,7.8775,5.0,Fase 7 (3° EM),-2,5,7,Ametista,Privada - Programa de Apadrinhamento,9.2,7.8775,-2,-2,False,True,False
RA-166,2023,FASE 5,5L,Aluno-166,15,Masculino,2020,Privada - Programa de Apadrinhamento,Topázio,8.105583333,7.5,8.9,6.26,8.4375,8.1,7.0,7.2,10.0,,,7.4625,10.0,Fase 5 (1° EM),0,5,5,Topázio,Privada - Programa de Apadrinhamento,7.5,7.4625,0,0,False,True,False
RA-175,2023,FASE 5,5L,Aluno-175,16,Feminino,2018,Privada - Programa de Apadrinhamento,Agata,6.569516667,8.8,9.2,2.52,7.1875,4.8,5.0,5.0,4.5,,,7.085,5.0,Fase 6 (2° EM),-1,5,6,Ágata,Privada - Programa de Apadrinhamento,8.8,7.085,-1,-1,False,True,False
RA-153,2023,FASE 5,5M,Aluno-153,15,Feminino,2018,Privada - Programa de Apadrinhamento,Ametista,7.289966667,9.2,7.4,2.52,8.125,6.4,6.0,5.3,8.0,,,7.71,10.0,Fase 5 (1° EM),0,5,5,Ametista,Privada - Programa de Apadrinhamento,9.2,7.71,0,0,False,True,False
RA-1206,2023,FASE 5,5M,Aluno-1206,17,Feminino,2023,Pública,Agata,6.724183333,8.8,8.3,2.52,7.8125,5.6,4.7,3.7,8.3,,,7.7125,5.0,Fase 7 (3° EM),-2,5,7,Ágata,Pública,8.8,7.7125,-2,-2,False,False,False
RA-157,2023,FASE 5,5M,Aluno-157,13,Feminino,2018,Privada - Programa de Apadrinhamento,Ametista,7.879008333,7.1,9.9,2.52,8.59375,6.8,6.0,6.8,7.5,,,8.63,10.0,Fase 3 (7° e 8° ano),2,5,3,Ametista,Privada - Programa de Apadrinhamento,7.1,8.63,2,2,False,True,False
RA-1207,2023,FASE 5,5M,Aluno-1207,15,Feminino,2023,Pública,Ametista,7.58235,8.8,9.0,5.0,7.8125,5.5,5.0,4.0,7.5,,,7.63,10.0,Fase 5 (1° EM),0,5,5,Ametista,Pública,8.8,7.63,0,0,False,False,False
RA-1208,2023,FASE 5,5M,Aluno-1208,15,Masculino,2023,Pública,Ametista,7.0651,8.8,8.8,2.52,6.875,6.2,5.0,4.8,8.8,,,6.2525,10.0,Fase 5 (1° EM),0,5,5,Ametista,Pública,8.8,6.2525,0,0,False,False,False
RA-1209,2023,FASE 5,5M,Aluno-1209,16,Feminino,2023,Pública,Ametista,7.43375,7.5,9.4,5.0,7.8125,7.4,7.7,5.7,8.8,,,7.7125,5.0,Fase 6 (2° EM),-1,5,6,Ametista,Pública,7.5,7.7125,-1,-1,False,False,False
RA-158,2023,FASE 5,5M,Aluno-158,14,Feminino,2017,Privada - Programa de Apadrinhamento,Ametista,7.297425,7.1,9.0,2.52,8.28125,6.0,6.0,5.7,6.3,,,7.545,10.0,Fase 4 (9° ano),1,5,4,Ametista,Privada - Programa de Apadrinhamento,7.1,7.545,1,1,False,True,True
RA-161,2023,FASE 5,5M,Aluno-161,14,Feminino,2018,Privada - Programa de Apadrinhamento,Agata,6.250166667,0.0,7.3,2.52,8.125,5.8,7.0,4.5,6.0,,,7.795,10.0,Fase 4 (9° ano),1,5,4,Ágata,Privada - Programa de Apadrinhamento,0.0,7.795,1,1,False,True,True
RA-164,2023,FASE 5,5M,Aluno-164,16,Masculino,2018,Privada,Quartzo,5.638666667,0.0,8.2,2.52,6.875,5.8,6.0,4.2,7.3,,,6.9625,5.0,Fase 6 (2° EM),-1,5,6,Quartzo,Privada,0.0,6.9625,-1,-1,False,True,False
RA-1210,2023,FASE 5,5M,Aluno-1210,16,Feminino,2023,Pública,Ametista,7.171083333,9.6,9.4,5.0,7.8125,4.7,5.0,2.0,7.0,,,8.09,5.0,Fase 6 (2° EM),-1,5,6,Ametista,Pública,9.6,8.09,-1,-1,False,False,False
RA-165,2023,FASE 5,5M,Aluno-165,15,Feminino,2017,Privada - Programa de Apadrinhamento,Ametista,7.583433333,6.7,9.2,2.52,8.125,7.3,7.3,6.2,8.3,,,7.795,10.0,Fase 5 (1° EM),0,5,5,Ametista,Privada - Programa de Apadrinhamento,6.7,7.795,0,0,False,True,False
RA-1211,2023,FASE 5,5M,Aluno-1211,16,Feminino,2023,Pública,Ametista,7.09205,7.1,9.1,5.0,7.8125,6.2,6.3,4.5,7.8,,,7.7125,5.0,Fase 6 (2° EM),-1,5,6,Ametista,Pública,7.1,7.7125,-1,-1,False,False,False
RA-1212,2023,FASE 5,5M,Aluno-1212,16,Feminino,2023,Pública,Agata,6.755358333,8.3,8.9,5.0,7.65625,4.2,0.0,3.5,9.0,,,7.715,5.0,Fase 6 (2° EM),-1,5,6,Ágata,Pública,8.3,7.715,-1,-1,False,False,False
RA-1213,2023,FASE 5,5M,Aluno-1213,17,Feminino,2023,Pública,Quartzo,5.95625,0.0,8.4,2.52,7.8125,6.0,6.7,4.8,6.5,,,7.715,5.0,Fase 7 (3° EM),-2,5,7,Quartzo,Pública,0.0,7.715,-2,-2,False,False,False
RA-40,2023,FASE 6,6A,Aluno-40,17,Feminino,2016,Privada - Programa de Apadrinhamento,Ametista,7.169975,7.5,8.2,7.52,7.96875,5.9,6.2,5.7,5.8,,,7.755,5.0,Fase 7 (3° EM),-1,6,7,Ametista,Privada - Programa de Apadrinhamento,7.5,7.755,-1,-1,False,True,False
RA-1214,2023,FASE 6,6A,Aluno-1214,16,Masculino,2023,Pública,Topázio,8.378666667,9.6,9.8,6.89,7.5,7.4,8.0,5.0,9.3,,,7.6725,10.0,Fase 6 (2° EM),0,6,6,Topázio,Pública,9.6,7.6725,0,0,False,False,False
RA-71,2023,FASE 6,6A,Aluno-71,18,Feminino,2019,Pública,Ametista,7.3651,6.7,9.8,6.26,7.5,6.6,7.3,5.5,7.0,,,7.7125,5.0,Fase 8 (Universitários),-2,6,8,Ametista,Pública,6.7,7.7125,-2,-2,False,False,False
RA-53,2023,FASE 6,6A,Aluno-53,18,Masculino,2022,Concluiu o 3º EM,Ametista,7.600633333,9.2,9.1,5.63,7.5,7.7,7.3,6.5,9.2,,,7.5875,5.0,Fase 8 (Universitários),-2,6,8,Ametista,Concluiu o 3º EM,9.2,7.5875,-2,-2,False,False,False
RA-43,2023,FASE 6,6A,Aluno-43,17,Feminino,2019,Pública,Agata,6.4622,7.9,6.7,5.63,7.5,5.0,4.0,5.0,6.0,,,7.5875,5.0,Fase 7 (3° EM),-1,6,7,Ágata,Pública,7.9,7.5875,-1,-1,False,False,False
RA-55,2023,FASE 6,6A,Aluno-55,17,Feminino,2017,Pública,Agata,6.898033333,7.9,8.1,3.14,7.5,7.1,8.7,6.5,6.0,,,7.545,5.0,Fase 7 (3° EM),-1,6,7,Ágata,Pública,7.9,7.545,-1,-1,False,False,False
RA-44,2023,FASE 6,6A,Aluno-44,18,Feminino,2021,Pública,Agata,6.258333333,0.0,8.5,5.01,7.5,6.9,7.3,5.8,7.5,,,7.17,5.0,Fase 8 (Universitários),-2,6,8,Ágata,Pública,0.0,7.17,-2,-2,False,False,False
RA-1215,2023,FASE 6,6A,Aluno-1215,16,Feminino,2023,Pública,Agata,6.339466667,7.1,5.6,5.0,7.5,4.1,5.0,2.7,4.7,,,7.1725,10.0,Fase 6 (2° EM),0,6,6,Ágata,Pública,7.1,7.1725,0,0,False,False,False
RA-45,2023,FASE 6,6A,Aluno-45,16,Feminino,2019,Privada - Programa de Apadrinhamento,Topázio,8.303591667,7.1,9.6,6.26,8.28125,7.9,7.8,6.3,9.7,,,8.1725,10.0,Fase 6 (2° EM),0,6,6,Topázio,Privada - Programa de Apadrinhamento,7.1,8.1725,0,0,False,True,False
RA-56,2023,FASE 6,6A,Aluno-56,16,Feminino,2019,Privada - Programa de Apadrinhamento,Topázio,8.284333333,9.6,9.5,5.0,8.125,7.8,7.8,5.5,10.0,,,7.8,10.0,Fase 6 (2° EM),0,6,6,Topázio,Privada - Programa de Apadrinhamento,9.6,7.8,0,0,False,True,False
RA-57,2023,FASE 6,6A,Aluno-57,17,Masculino,2017,Privada - Programa de Apadrinhamento,Agata,6.450875,0.0,8.0,5.63,7.96875,7.2,7.8,6.8,7.0,,,7.755,5.0,Fase 7 (3° EM),-1,6,7,Ágata,Privada - Programa de Apadrinhamento,0.0,7.755,-1,-1,False,True,False
RA-58,2023,FASE 6,6A,Aluno-58,16,Masculino,2017,Privada - Programa de Apadrinhamento,Ametista,7.70625,0.0,9.7,6.26,8.4375,8.1,7.8,6.5,10.0,,,8.3825,10.0,Fase 6 (2° EM),0,6,6,Ametista,Privada - Programa de Apadrinhamento,0.0,8.3825,0,0,False,True,False
RA-59,2023,FASE 6,6A,Aluno-59,18,Masculino,2022,Privada - Programa de Apadrinhamento,Ametista,7.692291667,7.5,9.6,5.63,8.28125,7.2,7.7,6.8,7.2,,,8.4225,5.0,Fase 8 (Universitários),-2,6,8,Ametista,Privada - Programa de Apadrinhamento,7.5,8.4225,-2,-2,False,False,False
RA-1216,2023,FASE 6,6A,Aluno-1216,19,Feminino,2023,Concluiu o 3º EM,Ametista,7.7105,9.6,9.0,5.63,7.5,7.9,8.7,5.3,9.7,,,7.795,5.0,Fase 8 (Universitários),-2,6,8,Ametista,Concluiu o 3º EM,9.6,7.795,-2,-2,False,False,False
RA-78,2023,FASE 6,6A,Aluno-78,18,Feminino,2018,Privada - Programa de Apadrinhamento,Agata,6.434625,0.0,7.7,6.26,8.28125,6.7,8.5,4.8,6.8,,,8.0025,5.0,Fase 8 (Universitários),-2,6,8,Ágata,Privada - Programa de Apadrinhamento,0.0,8.0025,-2,-2,True,True,False
RA-79,2023,FASE 6,6A,Aluno-79,17,Feminino,2018,Privada - Programa de Apadrinhamento,Agata,6.635883333,5.8,6.2,5.0,7.8125,7.6,6.0,7.7,9.0,,,7.59,5.0,Fase 7 (3° EM),-1,6,7,Ágata,Privada - Programa de Apadrinhamento,5.8,7.59,-1,-1,False,False,False
RA-61,2023,FASE 6,6A,Aluno-61,16,Masculino,2021,Pública,Ametista,7.382108333,8.3,7.0,6.26,7.96875,6.2,6.7,4.3,7.5,,,7.4625,10.0,Fase 6 (2° EM),0,6,6,Ametista,Pública,8.3,7.4625,0,0,False,False,False
RA-63,2023,FASE 6,6A,Aluno-63,17,Masculino,2018,Pública,Topázio,8.0641,6.7,9.0,6.89,8.75,8.7,9.3,7.3,9.5,,,8.9675,5.0,Fase 7 (3° EM),-1,6,7,Topázio,Pública,6.7,8.9675,-1,-1,False,False,False
RA-64,2023,FASE 6,6A,Aluno-64,17,Feminino,2019,Privada - Programa de Apadrinhamento,Ametista,7.452541667,7.5,9.2,6.89,7.34375,6.7,7.0,6.0,7.2,,,7.9625,5.0,Fase 7 (3° EM),-1,6,7,Ametista,Privada - Programa de Apadrinhamento,7.5,7.9625,-1,-1,True,True,False
RA-48,2023,FASE 6,6A,Aluno-48,16,Feminino,2017,Privada - Programa de Apadrinhamento,Ametista,7.797058333,6.7,8.4,6.26,7.65625,7.7,8.3,5.7,9.0,,,7.6275,10.0,Fase 6 (2° EM),0,6,6,Ametista,Privada - Programa de Apadrinhamento,6.7,7.6275,0,0,False,True,False
RA-109,2023,FASE 6,6A,Aluno-109,17,Masculino,2021,Privada - Programa de Apadrinhamento,Topázio,8.3184,8.3,9.9,7.52,8.75,8.3,7.0,8.2,9.7,,,8.59,5.0,Fase 7 (3° EM),-1,6,7,Topázio,Privada - Programa de Apadrinhamento,8.3,8.59,-1,-1,False,False,False
RA-80,2023,FASE 6,6L,Aluno-80,17,Feminino,2017,Privada - Programa de Apadrinhamento,Ametista,7.252275,8.3,8.4,6.89,7.96875,6.3,8.2,5.7,5.0,,,7.465,5.0,Fase 7 (3° EM),-1,6,7,Ametista,Privada - Programa de Apadrinhamento,8.3,7.465,-1,-1,False,True,False
RA-91,2023,FASE 6,6L,Aluno-91,17,Feminino,2016,Privada - Programa de Apadrinhamento,Ametista,7.42395,10.0,7.4,6.89,7.8125,7.4,9.5,5.0,7.7,,,7.4675,5.0,Fase 7 (3° EM),-1,6,7,Ametista,Privada - Programa de Apadrinhamento,10.0,7.4675,-1,-1,False,True,False
RA-1217,2023,FASE 6,6L,Aluno-1217,17,Feminino,2023,Pública,Agata,6.064625,0.0,7.9,5.63,7.65625,5.9,7.0,4.0,6.7,,,7.38,5.0,Fase 7 (3° EM),-1,6,7,Ágata,Pública,0.0,7.38,-1,-1,False,False,False
RA-92,2023,FASE 6,6L,Aluno-92,17,Feminino,2016,Privada - Programa de Apadrinhamento,Ametista,7.375916667,9.6,9.4,5.63,7.1875,6.7,8.7,4.8,6.7,,,7.045,5.0,Fase 7 (3° EM),-1,6,7,Ametista,Privada - Programa de Apadrinhamento,9.6,7.045,-1,-1,False,True,False
RA-96,2023,FASE 6,6L,Aluno-96,17,Masculino,2021,Privada - Programa de Apadrinhamento,Ametista,7.610791667,9.6,8.9,7.52,7.65625,6.4,6.8,4.8,7.7,,,7.84,5.0,Fase 7 (3° EM),-1,6,7,Ametista,Privada - Programa de Apadrinhamento,9.6,7.84,-1,-1,False,False,False
RA-1218,2023,FASE 6,6L,Aluno-1218,17,Masculino,2023,Pública,Agata,6.8265,7.5,9.2,5.0,7.5,5.3,6.7,3.5,5.7,,,7.1325,5.0,Fase 7 (3° EM),-1,6,7,Ágata,Pública,7.5,7.1325,-1,-1,False,False,False
RA-1219,2023,FASE 6,6L,Aluno-1219,16,Feminino,2023,Pública,Ametista,7.215141667,8.8,6.5,5.63,7.34375,6.3,7.2,5.5,6.3,,,7.38,10.0,Fase 6 (2° EM),0,6,6,Ametista,Pública,8.8,7.38,0,0,False,False,False
RA-1220,2023,FASE 6,6L,Aluno-1220,17,Feminino,2023,Pública,Agata,6.46725,0.0,9.0,5.0,7.8125,6.8,8.8,5.3,6.3,,,7.63,5.0,Fase 7 (3° EM),-1,6,7,Ágata,Pública,0.0,7.63,-1,-1,False,False,False
RA-84,2023,FASE 6,6L,Aluno-84,18,Feminino,2018,Privada - Programa de Apadrinhamento,Agata,6.034416667,0.0,8.8,2.52,7.8125,6.0,6.8,5.8,5.5,,,7.6725,5.0,Fase 8 (Universitários),-2,6,8,Ágata,Privada - Programa de Apadrinhamento,0.0,7.6725,-2,-2,False,False,False
RA-99,2023,FASE 6,6L,Aluno-99,17,Masculino,2019,Pública,Agata,6.68045,7.9,8.3,5.63,7.8125,4.5,4.7,4.0,4.8,,,7.4225,5.0,Fase 7 (3° EM),-1,6,7,Ágata,Pública,7.9,7.4225,-1,-1,False,False,False
RA-87,2023,FASE 6,6L,Aluno-87,16,Masculino,2021,Privada - Programa de Apadrinhamento,Topázio,8.6625,7.5,10.0,5.63,8.125,9.3,9.5,8.7,9.7,,,8.385,10.0,Fase 6 (2° EM),0,6,6,Topázio,Privada - Programa de Apadrinhamento,7.5,8.385,0,0,False,False,False
RA-89,2023,FASE 6,6L,Aluno-89,17,Masculino,2021,Pública,Agata,6.700775,8.3,8.1,5.0,7.34375,5.1,6.3,2.3,6.7,,,7.465,5.0,Fase 7 (3° EM),-1,6,7,Ágata,Pública,8.3,7.465,-1,-1,False,False,False
RA-1221,2023,FASE 7,7A,Aluno-1221,22,Feminino,2023,Concluiu o 3º EM,Topázio,8.027466667,9.2,9.1,6.26,8.0,8.7,8.2,8.0,10.0,,,8.09,5.0,Fase 8 (Universitários),-1,7,8,Topázio,Concluiu o 3º EM,9.2,8.09,-1,-1,False,False,False
RA-27,2023,FASE 7,7A,Aluno-27,17,Masculino,2016,Privada - Programa de Apadrinhamento,Ametista,7.921266667,6.7,7.7,6.89,8.625,6.9,7.0,5.8,8.0,,,8.8825,10.0,Fase 7 (3° EM),0,7,7,Ametista,Privada - Programa de Apadrinhamento,6.7,8.8825,0,0,False,True,False
RA-1222,2023,FASE 7,7A,Aluno-1222,19,Feminino,2023,Nenhuma das opções acima,Ametista,7.026466667,7.1,10.0,5.63,6.875,6.8,5.0,6.5,9.0,,,6.005,5.0,Fase 8 (Universitários),-1,7,8,Ametista,Nenhuma das opções acima,7.1,6.005,-1,-1,False,False,False
RA-32,2023,FASE 7,7A,Aluno-32,17,Feminino,2018,Privada - Programa de Apadrinhamento,Agata,6.716666667,0.0,8.2,3.77,7.375,7.9,9.0,5.8,9.0,,,6.8775,10.0,Fase 7 (3° EM),0,7,7,Ágata,Privada - Programa de Apadrinhamento,0.0,6.8775,0,0,False,False,False
RA-19,2023,FASE 7,7A,Aluno-19,19,Feminino,2022,Nenhuma das opções acima,Ametista,7.710866667,7.9,9.4,5.63,7.75,7.8,7.7,7.0,8.8,,,8.1725,5.0,Fase 8 (Universitários),-1,7,8,Ametista,Nenhuma das opções acima,7.9,8.1725,-1,-1,False,False,False
RA-62,2023,FASE 7,7A,Aluno-62,17,Feminino,2022,Pública,Ametista,7.610333333,0.0,9.8,6.89,8.25,7.5,9.3,6.8,6.3,,,8.215,10.0,Fase 7 (3° EM),0,7,7,Ametista,Pública,0.0,8.215,0,0,True,False,False
RA-1223,2023,FASE 7,7A,Aluno-1223,17,Masculino,2023,Pública,Topázio,8.187766667,8.8,9.3,5.0,6.875,9.0,9.5,8.3,9.3,,,7.2925,10.0,Fase 7 (3° EM),0,7,7,Topázio,Pública,8.8,7.2925,0,0,False,False,False
RA-38,2023,FASE 7,7A,Aluno-38,17,Feminino,2017,Privada - Programa de Apadrinhamento,Topázio,8.835333333,9.6,9.7,7.52,8.75,7.7,8.2,8.8,6.0,,,8.8825,10.0,Fase 7 (3° EM),0,7,7,Topázio,Privada - Programa de Apadrinhamento,9.6,8.8825,0,0,False,True,False
RA-1224,2023,FASE 7,7A,Aluno-1224,20,Masculino,2023,Concluiu o 3º EM,Ametista,7.5524,8.3,9.4,5.0,7.125,8.0,8.2,6.3,9.5,,,7.6325,5.0,Fase 8 (Universitários),-1,7,8,Ametista,Concluiu o 3º EM,8.3,7.6325,-1,-1,False,False,False
RA-39,2023,FASE 7,7A,Aluno-39,17,Feminino,2017,Privada - Programa de Apadrinhamento,Topázio,8.710333333,9.6,9.1,7.52,8.75,7.8,8.3,7.8,7.2,,,8.7575,10.0,Fase 7 (3° EM),0,7,7,Topázio,Privada - Programa de Apadrinhamento,9.6,8.7575,0,0,False,True,False
RA-1225,2023,FASE 7,7E,Aluno-1225,18,Feminino,2023,Concluiu o 3º EM,,,7.5,,2.52,,,,,,,,,5.0,Fase 8 (Universitários),-1,7,8,,Concluiu o 3º EM,7.5,,-1,-1,False,True,False
RA-76,2023,FASE 7,7E,Aluno-76,15,Feminino,2017,Privada *Parcerias com Bolsa 100%,,,10.0,,2.52,,,,,,,,,10.0,Fase 5 (1° EM),2,7,5,,Privada *Parcerias com Bolsa 100%,10.0,,2,2,False,True,False
RA-26,2023,FASE 7,7E,Aluno-26,18,Masculino,2022,Privada *Parcerias com Bolsa 100%,,,0.0,,7.52,,,,,,,,,5.0,Fase 8 (Universitários),-1,7,8,,Privada *Parcerias com Bolsa 100%,0.0,,-1,-1,False,False,False
RA-1226,2023,FASE 7,7E,Aluno-1226,16,Feminino,2023,Privada *Parcerias com Bolsa 100%,,,9.2,,7.52,,,,,,,,,10.0,Fase 6 (2° EM),1,7,6,,Privada *Parcerias com Bolsa 100%,9.2,,1,1,False,True,False
RA-93,2023,FASE 7,7E,Aluno-93,16,Feminino,2016,Privada - Programa de Apadrinhamento,,,7.9,,3.14,,,,,,,,,10.0,Fase 6 (2° EM),1,7,6,,Privada - Programa de Apadrinhamento,7.9,,1,1,False,True,False
RA-119,2023,FASE 7,7E,Aluno-119,15,Feminino,2016,Privada - Programa de Apadrinhamento,,,6.7,,2.52,,,,,,,,,10.0,Fase 5 (1° EM),2,7,5,,Privada - Programa de Apadrinhamento,6.7,,2,2,False,True,False
RA-1227,2023,FASE 7,7E,Aluno-1227,16,Feminino,2023,Privada - Programa de Apadrinhamento,,,9.2,,2.52,,,,,,,,,10.0,Fase 6 (2° EM),1,7,6,,Privada - Programa de Apadrinhamento,9.2,,1,1,False,True,False
RA-1228,2023,FASE 7,7E,Aluno-1228,17,Feminino,2023,Privada - Programa de Apadrinhamento,,,7.5,,2.52,,,,,,,,,10.0,Fase 7 (3° EM),0,7,7,,Privada - Programa de Apadrinhamento,7.5,,0,0,False,True,False
RA-1229,2023,FASE 7,7E,Aluno-1229,16,Feminino,2023,Privada - Programa de Apadrinhamento,,,8.3,,7.52,,,,,,,,,10.0,Fase 6 (2° EM),1,7,6,,Privada - Programa de Apadrinhamento,8.3,,1,1,False,True,False
RA-98,2023,FASE 7,7E,Aluno-98,15,Feminino,2017,Privada *Parcerias com Bolsa 100%,,,7.9,,2.52,,,,,,,,,10.0,Fase 5 (1° EM),2,7,5,,Privada *Parcerias com Bolsa 100%,7.9,,2,2,False,True,False
RA-172,2023,FASE 7,7E,Aluno-172,15,Feminino,2018,Privada - Programa de Apadrinhamento,,,0.0,,3.77,,,,,,,,,10.0,Fase 5 (1° EM),2,7,5,,Privada - Programa de Apadrinhamento,0.0,,2,2,False,True,False
RA-86,2023,FASE 7,7E,Aluno-86,17,Masculino,2016,Privada *Parcerias com Bolsa 100%,,,8.3,,6.89,,,,,,,,,10.0,Fase 7 (3° EM),0,7,7,,Privada *Parcerias com Bolsa 100%,8.3,,0,0,False,True,False
RA-1230,2023,FASE 7,7E,Aluno-1230,16,Feminino,2021,Privada - Programa de Apadrinhamento,,,0.0,,2.52,,,,,,,,,10.0,Fase 6 (2° EM),1,7,6,,Privada - Programa de Apadrinhamento,0.0,,1,1,False,False,False
RA-1231,2023,FASE 8,8A,Aluno-1231,22,Masculino,2021,Privada *Parcerias com Bolsa 100%,,,,,,,,,,,,,,10.0,Fase 8 (Universitários),0,8,8,,Privada *Parcerias com Bolsa 100%,,,0,0,False,False,False
RA-1232,2023,FASE 8,8A,Aluno-1232,21,Masculino,2021,Privada *Parcerias com Bolsa 100%,,,,,,,,,,,,,,10.0,Fase 8 (Universitários),0,8,8,,Privada *Parcerias com Bolsa 100%,,,0,0,False,False,False
RA-1233,2023,FASE 8,8A,Aluno-1233,22,Feminino,2021,Privada *Parcerias com Bolsa 100%,,,,,,,,,,,,,,10.0,Fase 8 (Universitários),0,8,8,,Privada *Parcerias com Bolsa 100%,,,0,0,False,False,False
RA-1234,2023,FASE 8,8A,Aluno-1234,20,Feminino,2021,Privada *Parcerias com Bolsa 100%,,,,,,,,,,,,,,10.0,Fase 8 (Universitários),0,8,8,,Privada *Parcerias com Bolsa 100%,,,0,0,False,False,False
RA-1235,2023,FASE 8,8A,Aluno-1235,21,Masculino,2021,Privada *Parcerias com Bolsa 100%,,,,,,,,,,,,,,10.0,Fase 8 (Universitários),0,8,8,,Privada *Parcerias com Bolsa 100%,,,0,0,False,False,False
RA-1236,2023,FASE 8,8A,Aluno-1236,21,Feminino,2021,Privada *Parcerias com Bolsa 100%,,,,,,,,,,,,,,10.0,Fase 8 (Universitários),0,8,8,,Privada *Parcerias com Bolsa 100%,,,0,0,False,False,False
RA-1237,2023,FASE 8,8A,Aluno-1237,21,Feminino,2021,Privada *Parcerias com Bolsa 100%,,,,,,,,,,,,,,10.0,Fase 8 (Universitários),0,8,8,,Privada *Parcerias com Bolsa 100%,,,0,0,False,False,False
RA-1238,2023,FASE 8,8A,Aluno-1238,21,Feminino,2021,Privada *Parcerias com Bolsa 100%,,,,,,,,,,,,,,10.0,Fase 8 (Universitários),0,8,8,,Privada *Parcerias com Bolsa 100%,,,0,0,False,False,False
RA-1239,2023,FASE 8,8B,Aluno-1239,20,Feminino,2021,Privada *Parcerias com Bolsa 100%,,,,,,,,,,,,,,10.0,Fase 8 (Universitários),0,8,8,,Privada *Parcerias com Bolsa 100%,,,0,0,False,False,False
RA-1240,2023,FASE 8,8B,Aluno-1240,20,Masculino,2021,Privada *Parcerias com Bolsa 100%,,,,,,,,,,,,,,10.0,Fase 8 (Universitários),0,8,8,,Privada *Parcerias com Bolsa 100%,,,0,0,False,False,False
RA-1241,2023,FASE 8,8B,Aluno-1241,20,Feminino,2021,Privada *Parcerias com Bolsa 100%,,,,,,,,,,,,,,10.0,Fase 8 (Universitários),0,8,8,,Privada *Parcerias com Bolsa 100%,,,0,0,False,False,False
RA-1242,2023,FASE 8,8B,Aluno-1242,19,Feminino,2021,Privada *Parcerias com Bolsa 100%,,,,,,,,,,,,,,10.0,Fase 8 (Universitários),0,8,8,,Privada *Parcerias com Bolsa 100%,,,0,0,False,False,False
RA-1243,2023,FASE 8,8B,Aluno-1243,19,Feminino,2021,Privada *Parcerias com Bolsa 100%,,,,,,,,,,,,,,10.0,Fase 8 (Universitários),0,8,8,,Privada *Parcerias com Bolsa 100%,,,0,0,False,False,False
RA-1244,2023,FASE 8,8B,Aluno-1244,20,Feminino,2021,Privada *Parcerias com Bolsa 100%,,,,,,,,,,,,,,10.0,Fase 8 (Universitários),0,8,8,,Privada *Parcerias com Bolsa 100%,,,0,0,False,False,False
RA-1245,2023,FASE 8,8B,Aluno-1245,20,Masculino,2021,Privada *Parcerias com Bolsa 100%,,,,,,,,,,,,,,10.0,Fase 8 (Universitários),0,8,8,,Privada *Parcerias com Bolsa 100%,,,0,0,False,False,False
RA-1246,2023,FASE 8,8B,Aluno-1246,20,Feminino,2021,Privada - Pagamento por *Empresa Parceira,,,,,,,,,,,,,,10.0,Fase 8 (Universitários),0,8,8,,Privada - Pagamento por *Empresa Parceira,,,0,0,False,False,False
RA-1247,2023,FASE 8,8B,Aluno-1247,21,Feminino,2021,Privada *Parcerias com Bolsa 100%,,,,,,,,,,,,,,10.0,Fase 8 (Universitários),0,8,8,,Privada *Parcerias com Bolsa 100%,,,0,0,False,False,False
RA-1248,2023,FASE 8,8B,Aluno-1248,20,Masculino,2021,Privada *Parcerias com Bolsa 100%,,,,,,,,,,,,,,10.0,Fase 8 (Universitários),0,8,8,,Privada *Parcerias com Bolsa 100%,,,0,0,False,False,False
RA-1249,2023,FASE 8,8B,Aluno-1249,26,Masculino,2021,Privada *Parcerias com Bolsa 100%,,,,,,,,,,,,,,10.0,Fase 8 (Universitários),0,8,8,,Privada *Parcerias com Bolsa 100%,,,0,0,False,False,False
RA-1250,2023,FASE 8,8B,Aluno-1250,20,Masculino,2021,Privada - Pagamento por *Empresa Parceira,,,,,,,,,,,,,,10.0,Fase 8 (Universitários),0,8,8,,Privada - Pagamento por *Empresa Parceira,,,0,0,False,False,False
RA-1251,2023,FASE 8,8B,Aluno-1251,20,Feminino,2021,Privada *Parcerias com Bolsa 100%,,,,,,,,,,,,,,10.0,Fase 8 (Universitários),0,8,8,,Privada *Parcerias com Bolsa 100%,,,0,0,False,False,False
RA-1252,2023,FASE 8,8B,Aluno-1252,21,Feminino,2021,Privada *Parcerias com Bolsa 100%,,,,,,,,,,,,,,10.0,Fase 8 (Universitários),0,8,8,,Privada *Parcerias com Bolsa 100%,,,0,0,False,False,False
RA-1253,2023,FASE 8,8D,Aluno-1253,23,Feminino,2021,Privada *Parcerias com Bolsa 100%,,,,,,,,,,,,,,10.0,Fase 8 (Universitários),0,8,8,,Privada *Parcerias com Bolsa 100%,,,0,0,False,False,False
RA-1254,2023,FASE 8,8D,Aluno-1254,19,Masculino,2021,Privada *Parcerias com Bolsa 100%,,,,,,,,,,,,,,10.0,Fase 8 (Universitários),0,8,8,,Privada *Parcerias com Bolsa 100%,,,0,0,False,False,False
RA-1255,2023,FASE 8,8D,Aluno-1255,19,Masculino,2021,Privada *Parcerias com Bolsa 100%,,,,,,,,,,,,,,10.0,Fase 8 (Universitários),0,8,8,,Privada *Parcerias com Bolsa 100%,,,0,0,False,False,False
RA-1256,2023,FASE 8,8D,Aluno-1256,18,Feminino,2021,Privada *Parcerias com Bolsa 100%,,,,,,,,,,,,,,10.0,Fase 8 (Universitários),0,8,8,,Privada *Parcerias com Bolsa 100%,,,0,0,False,False,False
RA-1257,2023,FASE 8,8D,Aluno-1257,18,Masculino,2021,Privada *Parcerias com Bolsa 100%,,,,,,,,,,,,,,10.0,Fase 8 (Universitários),0,8,8,,Privada *Parcerias com Bolsa 100%,,,0,0,False,False,False
RA-1258,2023,FASE 8,8D,Aluno-1258,24,Masculino,2021,Privada *Parcerias com Bolsa 100%,,,,,,,,,,,,,,10.0,Fase 8 (Universitários),0,8,8,,Privada *Parcerias com Bolsa 100%,,,0,0,False,False,False
RA-1259,2023,FASE 8,8D,Aluno-1259,19,Feminino,2021,Privada *Parcerias com Bolsa 100%,,,,,,,,,,,,,,10.0,Fase 8 (Universitários),0,8,8,,Privada *Parcerias com Bolsa 100%,,,0,0,False,False,False
RA-1260,2023,FASE 8,8D,Aluno-1260,19,Masculino,2021,Privada *Parcerias com Bolsa 100%,,,,,,,,,,,,,,10.0,Fase 8 (Universitários),0,8,8,,Privada *Parcerias com Bolsa 100%,,,0,0,False,False,False
RA-1261,2023,FASE 8,8D,Aluno-1261,19,Feminino,2021,Privada *Parcerias com Bolsa 100%,,,,,,,,,,,,,,10.0,Fase 8 (Universitários),0,8,8,,Privada *Parcerias com Bolsa 100%,,,0,0,False,False,False
RA-1262,2023,FASE 8,8D,Aluno-1262,19,Feminino,2021,Privada *Parcerias com Bolsa 100%,,,,,,,,,,,,,,10.0,Fase 8 (Universitários),0,8,8,,Privada *Parcerias com Bolsa 100%,,,0,0,False,False,False
RA-1263,2023,FASE 8,8D,Aluno-1263,20,Feminino,2021,Privada *Parcerias com Bolsa 100%,,,,,,,,,,,,,,10.0,Fase 8 (Universitários),0,8,8,,Privada *Parcerias com Bolsa 100%,,,0,0,False,False,False
RA-1264,2023,FASE 8,8D,Aluno-1264,20,Feminino,2021,Privada *Parcerias com Bolsa 100%,,,,,,,,,,,,,,10.0,Fase 8 (Universitários),0,8,8,,Privada *Parcerias com Bolsa 100%,,,0,0,False,False,False
RA-1265,2023,FASE 8,8D,Aluno-1265,20,Masculino,2022,Privada *Parcerias com Bolsa 100%,,,,,,,,,,,,,,10.0,Fase 8 (Universitários),0,8,8,,Privada *Parcerias com Bolsa 100%,,,0,0,False,False,False
RA-1266,2023,FASE 8,8D,Aluno-1266,19,Feminino,2021,Privada *Parcerias com Bolsa 100%,,,,,,,,,,,,,,10.0,Fase 8 (Universitários),0,8,8,,Privada *Parcerias com Bolsa 100%,,,0,0,False,False,False
RA-1267,2023,FASE 8,8D,Aluno-1267,22,Feminino,2021,Privada *Parcerias com Bolsa 100%,,,,,,,,,,,,,,10.0,Fase 8 (Universitários),0,8,8,,Privada *Parcerias com Bolsa 100%,,,0,0,False,False,False
RA-1268,2023,FASE 8,8D,Aluno-1268,19,Masculino,2021,Privada *Parcerias com Bolsa 100%,,,,,,,,,,,,,,10.0,Fase 8 (Universitários),0,8,8,,Privada *Parcerias com Bolsa 100%,,,0,0,False,False,False
RA-14,2023,FASE 8,8E,Aluno-14,21,Masculino,2022,Privada *Parcerias com Bolsa 100%,,,,,,,,,,,,,,10.0,Fase 8 (Universitários),0,8,8,,Privada *Parcerias com Bolsa 100%,,,0,0,False,False,False
RA-13,2023,FASE 8,8E,Aluno-13,18,Masculino,2016,Privada *Parcerias com Bolsa 100%,,,,,,,,,,,,,,10.0,Fase 8 (Universitários),0,8,8,,Privada *Parcerias com Bolsa 100%,,,0,0,False,True,False
RA-12,2023,FASE 8,8E,Aluno-12,18,Feminino,2020,Privada *Parcerias com Bolsa 100%,,,,,,,,,,,,,,10.0,Fase 8 (Universitários),0,8,8,,Privada *Parcerias com Bolsa 100%,,,0,0,False,True,False
RA-7,2023,FASE 8,8E,Aluno-7,19,Masculino,2017,Privada *Parcerias com Bolsa 100%,,,,,,,,,,,,,,10.0,Fase 8 (Universitários),0,8,8,,Privada *Parcerias com Bolsa 100%,,,0,0,False,True,False
RA-6,2023,FASE 8,8E,Aluno-6,19,Feminino,2021,Privada - Pagamento por *Empresa Parceira,,,,,,,,,,,,,,10.0,Fase 8 (Universitários),0,8,8,,Privada - Pagamento por *Empresa Parceira,,,0,0,False,False,False
RA-5,2023,FASE 8,8E,Aluno-5,18,Feminino,2016,Privada *Parcerias com Bolsa 100%,,,,,,,,,,,,,,10.0,Fase 8 (Universitários),0,8,8,,Privada *Parcerias com Bolsa 100%,,,0,0,False,False,False
RA-1,2023,FASE 8,8E,Aluno-1,20,Feminino,2016,Privada *Parcerias com Bolsa 100%,,,,,,,,,,,,,,10.0,Fase 8 (Universitários),0,8,8,,Privada *Parcerias com Bolsa 100%,,,0,0,False,True,False
RA-36,2023,FASE 8,8E,Aluno-36,18,Feminino,2019,Privada *Parcerias com Bolsa 100%,,,,,,,,,,,,,,10.0,Fase 8 (Universitários),0,8,8,,Privada *Parcerias com Bolsa 100%,,,0,0,False,True,False
RA-35,2023,FASE 8,8E,Aluno-35,18,Feminino,2019,Privada *Parcerias com Bolsa 100%,,,,,,,,,,,,,,10.0,Fase 8 (Universitários),0,8,8,,Privada *Parcerias com Bolsa 100%,,,0,0,False,True,False
RA-34,2023,FASE 8,8E,Aluno-34,18,Masculino,2016,Privada *Parcerias com Bolsa 100%,,,,,,,,,,,,,,10.0,Fase 8 (Universitários),0,8,8,,Privada *Parcerias com Bolsa 100%,,,0,0,False,False,False
RA-31,2023,FASE 8,8E,Aluno-31,18,Feminino,2019,Privada *Parcerias com Bolsa 100%,,,,,,,,,,,,,,10.0,Fase 8 (Universitários),0,8,8,,Privada *Parcerias com Bolsa 100%,,,0,0,False,True,False
RA-23,2023,FASE 8,8E,Aluno-23,17,Masculino,2021,Privada *Parcerias com Bolsa 100%,,,,,,,,,,,,,,10.0,Fase 7 (3° EM),1,8,7,,Privada *Parcerias com Bolsa 100%,,,1,1,False,False,False
RA-88,2023,FASE 8,8E,Aluno-88,18,Masculino,2021,Privada - Pagamento por *Empresa Parceira,,,,,,,,,,,,,,10.0,Fase 8 (Universitários),0,8,8,,Privada - Pagamento por *Empresa Parceira,,,0,0,False,False,False
RA-1269,2023,FASE 8,8E,Aluno-1269,18,Feminino,2021,Privada - Pagamento por *Empresa Parceira,,,,,,,,,,,,,,10.0,Fase 8 (Universitários),0,8,8,,Privada - Pagamento por *Empresa Parceira,,,0,0,False,False,False
RA-49,2023,FASE 8,8E,Aluno-49,18,Feminino,2022,Privada *Parcerias com Bolsa 100%,,,,,,,,,,,,,,10.0,Fase 8 (Universitários),0,8,8,,Privada *Parcerias com Bolsa 100%,,,0,0,False,False,False
RA-1270,2023,FASE 8,8E,Aluno-1270,19,Feminino,2021,Privada *Parcerias com Bolsa 100%,,,,,,,,,,,,,,10.0,Fase 8 (Universitários),0,8,8,,Privada *Parcerias com Bolsa 100%,,,0,0,False,False,False
RA-29,2023,FASE 8,8E,Aluno-29,18,Masculino,2022,Privada *Parcerias com Bolsa 100%,,,,,,,,,,,,,,10.0,Fase 8 (Universitários),0,8,8,,Privada *Parcerias com Bolsa 100%,,,0,0,False,False,False
RA-17,2023,FASE 8,8E,Aluno-17,21,Masculino,2022,Privada - Pagamento por *Empresa Parceira,,,,,,,,,,,,,,10.0,Fase 8 (Universitários),0,8,8,,Privada - Pagamento por *Empresa Parceira,,,0,0,False,False,False
RA-21,2023,FASE 8,8E,Aluno-21,19,Masculino,2022,Privada *Parcerias com Bolsa 100%,,,,,,,,,,,,,,10.0,Fase 8 (Universitários),0,8,8,,Privada *Parcerias com Bolsa 100%,,,0,0,False,False,False
RA-25,2023,FASE 8,8E,Aluno-25,18,Feminino,2021,Privada *Parcerias com Bolsa 100%,,,,,,,,,,,,,,10.0,Fase 8 (Universitários),0,8,8,,Privada *Parcerias com Bolsa 100%,,,0,0,False,False,False
RA-2,2023,FASE 8,8E,Aluno-2,18,Feminino,2017,Privada *Parcerias com Bolsa 100%,,,,,,,,,,,,,,10.0,Fase 8 (Universitários),0,8,8,,Privada *Parcerias com Bolsa 100%,,,0,0,False,True,False
RA-1271,2023,FASE 8,8E,Aluno-1271,18,Feminino,2021,Privada *Parcerias com Bolsa 100%,,,,,,,,,,,,,,10.0,Fase 8 (Universitários),0,8,8,,Privada *Parcerias com Bolsa 100%,,,0,0,False,False,False
RA-1272,2023,FASE 8,8E,Aluno-1272,18,Feminino,2021,Privada *Parcerias com Bolsa 100%,,,,,,,,,,,,,,10.0,Fase 8 (Universitários),0,8,8,,Privada *Parcerias com Bolsa 100%,,,0,0,False,False,False
RA-1273,2023,FASE 8,8E,Aluno-1273,17,Feminino,2023,Privada - Pagamento por *Empresa Parceira,,,,,,,,,,,,,,10.0,Fase 7 (3° EM),1,8,7,,Privada - Pagamento por *Empresa Parceira,,,1,1,False,False,False
RA-1274,2023,FASE 8,8E,Aluno-1274,18,Feminino,2021,Privada - Pagamento por *Empresa Parceira,,,,,,,,,,,,,,10.0,Fase 8 (Universitários),0,8,8,,Privada - Pagamento por *Empresa Parceira,,,0,0,False,False,False
RA-1275,2024,ALFA,ALFA A - G0/G1,Aluno-1275,8,Masculino,2024,Pública,Ametista,7.611366666700001,10.0,8.6666666665,6.26,5.625,8.0,10.0,6.0,,,,5.446666667,10.0,ALFA (1° e 2° ano),0,0,0,Ametista,Pública,10.002,5.446666667,0,0,False,False,False
RA-1276,2024,ALFA,ALFA A - G0/G1,Aluno-1276,8,Feminino,2024,Pública,Topázio,8.002866666700001,10.0,9.3333333335,3.76,7.5,8.0,10.0,6.0,,,,7.05,10.0,ALFA (1° e 2° ano),0,0,0,Topázio,Pública,10.002,7.05,0,0,False,False,False
RA-1277,2024,ALFA,ALFA A - G0/G1,Aluno-1277,8,Masculino,2024,Pública,Ametista,7.952200000100001,10.0,9.0833333335,3.76,7.5,8.0,10.0,6.0,,,,7.046666667,10.0,ALFA (1° e 2° ano),0,0,0,Ametista,Pública,10.002,7.046666667,0,0,False,False,False
RA-868,2024,ALFA,ALFA A - G0/G1,Aluno-868,8,Masculino,2023,Pública,Ametista,7.156366666600001,8.002,9.75,3.76,6.875,7.0,8.0,6.0,,,,7.213333333,5.0,Fase 1 (3° e 4° ano),-1,0,1,Ametista,Pública,8.002,7.213333333,-1,-1,False,False,False
RA-1278,2024,ALFA,ALFA A - G0/G1,Aluno-1278,9,Masculino,2024,Pública,Quartzo,5.444199999900001,9.002,4.1666666665,3.76,5.0,7.5,8.0,7.0,,,,4.173333333,5.0,Fase 1 (3° e 4° ano),-1,0,1,Quartzo,Pública,9.002,4.173333333,-1,-1,False,False,False
RA-1279,2024,ALFA,ALFA B - G2/G3,Aluno-1279,9,Feminino,2024,Pública,Topázio,8.0822,10.0,10.0,6.26,7.5,8.25,9.0,7.5,,,,7.78,5.0,Fase 1 (3° e 4° ano),-1,0,1,Topázio,Pública,10.002,7.78,-1,-1,False,False,False
RA-861,2024,ALFA,ALFA B - G2/G3,Aluno-861,9,Feminino,2023,Pública,Topázio,8.959700000000002,9.502,10.0,7.51,8.125,10.0,10.0,10.0,,,,9.73,5.0,Fase 1 (3° e 4° ano),-1,0,1,Topázio,Pública,9.502,9.73,-1,-1,False,False,False
RA-862,2024,ALFA,ALFA B - G2/G3,Aluno-862,10,Masculino,2023,Pública,Ametista,7.346677272700001,9.002,8.6136363635,7.51,7.1875,7.5,10.0,5.0,,,,6.27,5.0,Fase 2 (5° e 6° ano),-2,0,2,Ametista,Pública,9.002,6.27,-2,-2,False,False,False
RA-1280,2024,ALFA,ALFA B - G2/G3,Aluno-1280,9,Masculino,2024,Pública,Topázio,8.152624242500002,10.0,9.5454545455,6.26,7.5,8.5,10.0,7.0,,,,8.336666667,5.0,Fase 1 (3° e 4° ano),-1,0,1,Topázio,Pública,10.002,8.336666667,-1,-1,False,False,False
RA-1281,2024,ALFA,ALFA B - G2/G3,Aluno-1281,9,Feminino,2024,Pública,Ametista,7.982890909100001,7.918,9.5454545455,6.26,7.5,9.25,10.0,8.5,,,,7.78,5.0,Fase 1 (3° e 4° ano),-1,0,1,Ametista,Pública,7.918,7.78,-1,-1,False,False,False
RA-895,2024,ALFA,ALFA B - G2/G3,Aluno-895,9,Feminino,2023,Pública,Topázio,8.2579575757,9.502,9.5454545455,6.26,7.5,9.5,10.0,9.0,,,,8.113333333,5.0,Fase 1 (3° e 4° ano),-1,0,1,Topázio,Pública,9.502,8.113333333,-1,-1,False,False,False
RA-884,2024,ALFA,ALFA B - G2/G3,Aluno-884,8,Feminino,2023,Pública,Topázio,8.0345030302,10.0,8.818181818,6.26,7.5,8.75,10.0,7.5,,,,8.223333333,5.0,Fase 1 (3° e 4° ano),-1,0,1,Topázio,Pública,10.002,8.223333333,-1,-1,False,False,False
RA-1282,2024,ALFA,ALFA B - G2/G3,Aluno-1282,9,Feminino,2024,Pública,Ametista,7.8769272727000015,9.502,8.1136363635,6.26,7.5,9.25,10.0,8.5,,,,7.89,5.0,Fase 1 (3° e 4° ano),-1,0,1,Ametista,Pública,9.502,7.89,-1,-1,False,False,False
RA-889,2024,ALFA,ALFA B - G2/G3,Aluno-889,9,Masculino,2023,Pública,Topázio,8.191290909100001,8.502,9.2954545455,6.26,7.5,9.75,10.0,9.5,,,,8.28,5.0,Fase 1 (3° e 4° ano),-1,0,1,Topázio,Pública,8.502,8.28,-1,-1,False,False,False
RA-867,2024,ALFA,ALFA B - G2/G3,Aluno-867,9,Masculino,2023,Pública,Ametista,7.583018181800001,9.002,7.409090909,7.51,7.5,8.5,10.0,7.0,,,,7.5,5.0,Fase 1 (3° e 4° ano),-1,0,1,Ametista,Pública,9.002,7.5,-1,-1,False,False,False
RA-1283,2024,ALFA,ALFA B - G2/G3,Aluno-1283,10,Masculino,2024,Pública,Topázio,8.3033538462,10.0,9.230769231,7.51,7.5,9.0,10.0,8.0,,,,8.28,5.0,Fase 2 (5° e 6° ano),-2,0,2,Topázio,Pública,10.002,8.28,-2,-2,False,False,False
RA-891,2024,ALFA,ALFA B - G2/G3,Aluno-891,10,Feminino,2023,Pública,Topázio,8.035957575700001,10.0,9.0454545455,6.26,7.5,8.75,10.0,7.5,,,,8.003333333,5.0,Fase 1 (3° e 4° ano),-1,0,1,Topázio,Pública,10.002,8.003333333,-1,-1,False,False,False
RA-1284,2024,ALFA,ALFA C - G0/G1,Aluno-1284,8,Feminino,2024,Pública,Topázio,8.3800152174,9.002,9.347826087,2.51,7.8125,10.0,10.0,10.0,,,,7.89,10.0,ALFA (1° e 2° ano),0,0,0,Topázio,Pública,9.002,7.89,0,0,False,False,False
RA-1012,2024,ALFA,ALFA C - G0/G1,Aluno-1012,9,Feminino,2023,Pública,Topázio,8.057128571400002,9.502,9.523809524,2.51,8.125,9.75,10.0,9.5,,,,8.443333333,5.0,Fase 1 (3° e 4° ano),-1,0,1,Topázio,Pública,9.502,8.443333333,-1,-1,False,False,False
RA-1285,2024,ALFA,ALFA C - G0/G1,Aluno-1285,7,Feminino,2024,Pública,Topázio,8.156578882000002,10.0,8.830227742999998,2.51,7.5,8.0,8.0,8.0,,,,8.946666667,10.0,ALFA (1° e 2° ano),0,0,0,Topázio,Pública,10.002,8.946666667,0,0,False,False,False
RA-1286,2024,ALFA,ALFA C - G0/G1,Aluno-1286,7,Masculino,2024,Pública,Quartzo,5.914801966800001,8.002,5.051759834,2.51,5.3125,7.0,8.0,6.0,,,,4.61,10.0,ALFA (1° e 2° ano),0,0,0,Quartzo,Pública,8.002,4.61,0,0,False,False,False
RA-1287,2024,ALFA,ALFA C - G0/G1,Aluno-1287,8,Feminino,2024,Pública,Ametista,7.619650310500001,10.0,9.3064182195,2.51,8.125,7.75,8.0,7.5,,,,8.223333333,5.0,Fase 1 (3° e 4° ano),-1,0,1,Ametista,Pública,10.002,8.223333333,-1,-1,False,False,False
RA-1288,2024,ALFA,ALFA C - G0/G1,Aluno-1288,7,Feminino,2024,Pública,Ametista,7.9208899585,9.002,7.9813664595,2.51,7.1875,10.0,10.0,10.0,,,,7.273333333,10.0,ALFA (1° e 2° ano),0,0,0,Ametista,Pública,9.002,7.273333333,0,0,False,False,False
RA-1289,2024,ALFA,ALFA D - G2/G3,Aluno-1289,10,Feminino,2024,Pública,Ametista,7.2171722223,7.002,9.4444444445,7.51,5.9375,7.75,9.0,6.5,,,,6.166666667,5.0,Fase 1 (3° e 4° ano),-1,0,1,Ametista,Pública,7.002,6.166666667,-1,-1,False,False,False
RA-1290,2024,ALFA,ALFA D - G2/G3,Aluno-1290,9,Masculino,2024,Pública,Topázio,8.407200000000001,10.0,10.0,7.51,7.5,8.75,10.0,7.5,,,,8.28,5.0,Fase 1 (3° e 4° ano),-1,0,1,Topázio,Pública,10.002,8.28,-1,-1,False,False,False
RA-1291,2024,ALFA,ALFA D - G2/G3,Aluno-1291,9,Masculino,2024,Pública,Topázio,8.079200000000002,9.502,9.5,7.51,7.5,8.25,10.0,6.5,,,,7.89,5.0,Fase 1 (3° e 4° ano),-1,0,1,Topázio,Pública,9.502,7.89,-1,-1,False,False,False
RA-885,2024,ALFA,ALFA D - G2/G3,Aluno-885,9,Masculino,2023,Pública,Topázio,8.2072,8.502,10.0,7.51,7.5,8.5,10.0,7.0,,,,8.28,5.0,Fase 1 (3° e 4° ano),-1,0,1,Topázio,Pública,8.502,8.28,-1,-1,False,False,False
RA-1292,2024,ALFA,ALFA D - G2/G3,Aluno-1292,9,Feminino,2024,Pública,Agata,6.9031621211,7.502,4.7727272725,7.51,7.1875,8.25,10.0,6.5,,,,7.893333333,5.0,Fase 1 (3° e 4° ano),-1,0,1,Ágata,Pública,7.502,7.893333333,-1,-1,False,False,False
RA-1293,2024,ALFA,ALFA D - G2/G3,Aluno-1293,9,Feminino,2024,Pública,Topázio,8.005023232300001,8.002,9.4949494945,7.51,6.875,8.5,8.5,8.5,,,,8.336666667,5.0,Fase 1 (3° e 4° ano),-1,0,1,Topázio,Pública,8.002,8.336666667,-1,-1,False,False,False
RA-888,2024,ALFA,ALFA D - G2/G3,Aluno-888,8,Masculino,2023,Pública,Topázio,8.1942,9.002,10.0,6.88,7.5,8.5,9.0,8.0,,,,8.28,5.0,Fase 1 (3° e 4° ano),-1,0,1,Topázio,Pública,9.002,8.28,-1,-1,False,False,False
RA-1294,2024,ALFA,ALFA D - G2/G3,Aluno-1294,10,Masculino,2024,Pública,Ametista,7.9493666666,9.502,10.0,7.51,6.875,7.75,9.0,6.5,,,,7.553333333,5.0,Fase 2 (5° e 6° ano),-2,0,2,Ametista,Pública,9.502,7.553333333,-2,-2,False,False,False
RA-1009,2024,ALFA,ALFA E - G2/G3,Aluno-1009,9,Masculino,2023,Pública,Agata,6.395389393900001,8.002,6.8863636365000005,2.51,6.5625,7.5,10.0,5.0,,,,6.553333333,5.0,Fase 1 (3° e 4° ano),-1,0,1,Ágata,Pública,8.002,6.553333333,-1,-1,False,False,False
RA-1013,2024,ALFA,ALFA E - G2/G3,Aluno-1013,8,Masculino,2023,Pública,Quartzo,5.7839559808,9.002,5.6937799039999994,2.51,5.0,7.75,8.0,7.5,,,,4.72,5.0,Fase 1 (3° e 4° ano),-1,0,1,Quartzo,Pública,9.002,4.72,-1,-1,False,False,False
RA-1295,2024,ALFA,ALFA E - G2/G3,Aluno-1295,8,Feminino,2024,Pública,Topázio,8.0617454545,10.0,9.5227272725,2.51,7.5,7.5,7.0,8.0,,,,8.28,10.0,ALFA (1° e 2° ano),0,0,0,Topázio,Pública,10.002,8.28,0,0,False,False,False
RA-1296,2024,ALFA,ALFA E - G2/G3,Aluno-1296,9,Feminino,2024,Pública,Ametista,7.0574222223000005,9.002,8.4444444445,2.51,7.5,6.5,7.5,5.5,,,,8.336666667,5.0,Fase 1 (3° e 4° ano),-1,0,1,Ametista,Pública,9.002,8.336666667,-1,-1,False,False,False
RA-863,2024,ALFA,ALFA E - G2/G3,Aluno-863,8,Masculino,2023,Pública,Quartzo,4.6684348484000004,8.502,3.159090909,2.51,4.6875,5.5,10.0,1.0,,,,4.333333333,5.0,Fase 1 (3° e 4° ano),-1,0,1,Quartzo,Pública,8.502,4.333333333,-1,-1,False,False,False
RA-1297,2024,ALFA,ALFA E - G2/G3,Aluno-1297,8,Masculino,2024,Pública,Ametista,7.620247619000001,9.502,9.761904762,2.51,7.5,9.25,10.0,8.5,,,,6.833333333,5.0,Fase 1 (3° e 4° ano),-1,0,1,Ametista,Pública,9.502,6.833333333,-1,-1,False,False,False
RA-1014,2024,ALFA,ALFA E - G2/G3,Aluno-1014,8,Feminino,2023,Pública,Agata,6.315972727300001,8.502,7.8863636365000005,2.51,6.875,5.25,6.5,4.0,,,,7.0,5.0,Fase 1 (3° e 4° ano),-1,0,1,Ágata,Pública,8.502,7.0,-1,-1,False,False,False
RA-880,2024,ALFA,ALFA E - G2/G3,Aluno-880,8,Feminino,2023,Pública,Agata,6.853080434800001,9.502,8.445652174,2.51,7.1875,6.5,7.5,5.5,,,,7.22,5.0,Fase 1 (3° e 4° ano),-1,0,1,Ágata,Pública,9.502,7.22,-1,-1,False,False,False
RA-886,2024,ALFA,ALFA E - G2/G3,Aluno-886,8,Feminino,2023,Pública,Topázio,8.419200000000002,9.502,10.0,8.13,7.5,8.75,9.0,8.5,,,,8.28,5.0,Fase 1 (3° e 4° ano),-1,0,1,Topázio,Pública,9.502,8.28,-1,-1,False,False,False
RA-1298,2024,ALFA,ALFA E - G2/G3,Aluno-1298,8,Masculino,2024,Pública,Ametista,7.577287995300001,9.502,6.643356643500001,7.51,7.1875,6.75,7.0,6.5,,,,7.393333333,10.0,ALFA (1° e 2° ano),0,0,0,Ametista,Pública,9.502,7.393333333,0,0,False,False,False
RA-1299,2024,ALFA,ALFA E - G2/G3,Aluno-1299,10,Masculino,2024,Pública,Ametista,7.069727777800001,8.502,7.638888889,7.51,7.1875,6.5,7.0,6.0,,,,7.11,5.0,Fase 2 (5° e 6° ano),-2,0,2,Ametista,Pública,8.502,7.11,-2,-2,False,False,False
RA-904,2024,ALFA,ALFA F - G0/G1,Aluno-904,8,Feminino,2023,Pública,Ametista,7.6352,9.502,8.75,7.51,7.5,6.0,6.0,6.0,,,,8.67,5.0,Fase 1 (3° e 4° ano),-1,0,1,Ametista,Pública,9.502,8.67,-1,-1,False,False,False
RA-1300,2024,ALFA,ALFA F - G0/G1,Aluno-1300,8,Feminino,2024,Pública,Ametista,7.623866666600001,8.502,8.75,2.51,7.5,9.0,10.0,8.0,,,,8.613333333,5.0,Fase 1 (3° e 4° ano),-1,0,1,Ametista,Pública,8.502,8.613333333,-1,-1,False,False,False
RA-1301,2024,ALFA,ALFA F - G0/G1,Aluno-1301,8,Masculino,2024,Pública,Quartzo,5.6345333333,9.502,2.9166666665000003,2.51,7.5,7.0,10.0,4.0,,,,6.0,5.0,Fase 1 (3° e 4° ano),-1,0,1,Quartzo,Pública,9.502,6.0,-1,-1,False,False,False
RA-1302,2024,ALFA,ALFA F - G0/G1,Aluno-1302,8,Masculino,2024,Pública,Quartzo,5.758866666800001,10.0,5.416666667,2.51,6.25,4.0,4.0,4.0,,,,4.996666667,10.0,ALFA (1° e 2° ano),0,0,0,Quartzo,Pública,10.002,4.996666667,0,0,False,False,False
RA-1303,2024,ALFA,ALFA F - G0/G1,Aluno-1303,8,Feminino,2024,Pública,Topázio,8.8352,10.0,10.0,2.51,7.5,10.0,10.0,10.0,,,,9.17,10.0,ALFA (1° e 2° ano),0,0,0,Topázio,Pública,10.002,9.17,0,0,False,False,False
RA-1304,2024,ALFA,ALFA G - G2/G3,Aluno-1304,10,Feminino,2024,Pública,Ametista,7.085119934500001,9.002,7.9575163395,8.135,7.8125,6.0,6.0,6.0,,,,6.493333333,5.0,Fase 2 (5° e 6° ano),-2,0,2,Ametista,Pública,9.002,6.493333333,-2,-2,False,False,False
RA-1305,2024,ALFA,ALFA G - G2/G3,Aluno-1305,10,Feminino,2024,Pública,Agata,6.685221929800001,8.502,8.710526316,2.51,7.8125,4.75,2.0,7.5,,,,8.053333333,5.0,Fase 1 (3° e 4° ano),-1,0,1,Ágata,Pública,8.502,8.053333333,-1,-1,False,False,False
RA-1306,2024,ALFA,ALFA G - G2/G3,Aluno-1306,8,Feminino,2024,Pública,Topázio,8.503033333400001,9.002,10.0,8.135,7.5,9.75,10.0,9.5,,,,7.946666667,5.0,Fase 1 (3° e 4° ano),-1,0,1,Topázio,Pública,9.002,7.946666667,-1,-1,False,False,False
RA-702,2024,ALFA,ALFA G - G2/G3,Aluno-702,10,Feminino,2022,Pública,Ametista,7.665116666600001,9.002,9.75,2.51,7.8125,9.25,10.0,8.5,,,,7.163333333,5.0,Fase 2 (5° e 6° ano),-2,0,2,Ametista,Pública,9.002,7.163333333,-2,-2,False,False,False
RA-725,2024,ALFA,ALFA G - G2/G3,Aluno-725,10,Masculino,2022,Pública,Ametista,7.0900771929,7.502,7.6710526315,7.51,7.5,7.25,7.0,7.5,,,,6.773333333,5.0,Fase 1 (3° e 4° ano),-1,0,1,Ametista,Pública,7.502,6.773333333,-1,-1,False,False,False
RA-912,2024,ALFA,ALFA G - G2/G3,Aluno-912,10,Feminino,2023,Pública,Ametista,7.697103508700001,9.002,9.4736842105,7.51,8.125,7.25,7.0,7.5,,,,6.943333333,5.0,Fase 2 (5° e 6° ano),-2,0,2,Ametista,Pública,9.002,6.943333333,-2,-2,False,False,False
RA-918,2024,ALFA,ALFA G - G2/G3,Aluno-918,8,Feminino,2023,Pública,Quartzo,5.657357017600001,7.918,8.697368421,2.51,5.9375,2.75,1.0,4.5,,,,6.156666667,5.0,Fase 1 (3° e 4° ano),-1,0,1,Quartzo,Pública,7.918,6.156666667,-1,-1,False,False,False
RA-920,2024,ALFA,ALFA G - G2/G3,Aluno-920,9,Feminino,2023,Pública,Ametista,7.7494938597,9.502,7.6710526315,7.51,7.1875,8.25,9.0,7.5,,,,8.226666667,5.0,Fase 1 (3° e 4° ano),-1,0,1,Ametista,Pública,9.502,8.226666667,-1,-1,False,False,False
RA-1307,2024,ALFA,ALFA H - G0/G1,Aluno-1307,8,Masculino,2024,Pública,Agata,6.5940333333000005,10.0,5.833333333500001,6.255,6.25,5.5,7.0,4.0,,,,5.383333333,10.0,ALFA (1° e 2° ano),0,0,0,Ágata,Pública,10.002,5.383333333,0,0,False,False,False
RA-1308,2024,ALFA,ALFA H - G0/G1,Aluno-1308,9,Feminino,2024,Pública,Agata,6.876997101400001,10.0,7.445652174,7.51,7.5,6.0,8.0,4.0,,,,5.933333333,5.0,Fase 1 (3° e 4° ano),-1,0,1,Ágata,Pública,10.002,5.933333333,-1,-1,False,False,False
RA-1309,2024,ALFA,ALFA H - G0/G1,Aluno-1309,7,Feminino,2024,Pública,Topázio,8.379199999899999,9.002,9.1666666665,7.51,7.5,7.5,8.0,7.0,,,,8.223333333,10.0,ALFA (1° e 2° ano),0,0,0,Topázio,Pública,9.002,8.223333333,0,0,False,False,False
RA-1310,2024,ALFA,ALFA H - G0/G1,Aluno-1310,7,Feminino,2024,Pública,Topázio,8.3907833334,8.502,9.375,2.51,7.8125,10.0,10.0,10.0,,,,8.166666667,10.0,ALFA (1° e 2° ano),0,0,0,Topázio,Pública,8.502,8.166666667,0,0,False,False,False
RA-1311,2024,ALFA,ALFA H - G0/G1,Aluno-1311,8,Masculino,2024,Pública,Agata,6.4118666668,9.002,9.166666667,2.51,7.5,0.0,0.0,0.0,,,,8.386666667,10.0,ALFA (1° e 2° ano),0,0,0,Ágata,Pública,9.002,8.386666667,0,0,False,False,False
RA-1312,2024,ALFA,ALFA H - G0/G1,Aluno-1312,9,Masculino,2024,Pública,Ametista,7.510200000000001,10.0,8.333333333,7.51,6.25,6.5,8.0,5.0,,,,8.336666667,5.0,Fase 1 (3° e 4° ano),-1,0,1,Ametista,Pública,10.002,8.336666667,-1,-1,False,False,False
RA-1313,2024,ALFA,ALFA H - G0/G1,Aluno-1313,8,Masculino,2024,Pública,Topázio,8.0155333334,9.502,8.125,7.51,7.5,6.25,4.0,8.5,,,,8.446666667,10.0,ALFA (1° e 2° ano),0,0,0,Topázio,Pública,9.502,8.446666667,0,0,False,False,False
RA-1314,2024,ALFA,ALFA H - G0/G1,Aluno-1314,7,Feminino,2024,Pública,Topázio,8.239799999999999,7.418,8.541666667,7.51,7.5,9.0,8.0,10.0,,,,7.443333333,10.0,ALFA (1° e 2° ano),0,0,0,Topázio,Pública,7.418,7.443333333,0,0,False,False,False
RA-1315,2024,ALFA,ALFA H - G0/G1,Aluno-1315,7,Masculino,2024,Pública,Topázio,8.3510666667,6.834,8.3333333335,7.51,7.5,9.0,10.0,8.0,,,,8.5,10.0,ALFA (1° e 2° ano),0,0,0,Topázio,Pública,6.834,8.5,0,0,False,False,False
RA-921,2024,ALFA,ALFA I - G2/G3,Aluno-921,8,Feminino,2023,Pública,Ametista,7.2838203209,8.502,8.6631016045,7.51,7.5,6.0,5.0,7.0,,,,7.5,5.0,Fase 1 (3° e 4° ano),-1,0,1,Ametista,Pública,8.502,7.5,-1,-1,False,False,False
RA-1316,2024,ALFA,ALFA I - G2/G3,Aluno-1316,9,Feminino,2024,Pública,Ametista,7.59291123,9.002,8.20855615,7.51,7.5,7.75,9.0,6.5,,,,7.5,5.0,Fase 1 (3° e 4° ano),-1,0,1,Ametista,Pública,9.002,7.5,-1,-1,False,False,False
RA-1317,2024,ALFA,ALFA I - G2/G3,Aluno-1317,9,Feminino,2024,Pública,Ametista,7.665638502700001,7.502,7.0721925135,7.51,7.5,10.0,10.0,10.0,,,,7.5,5.0,Fase 1 (3° e 4° ano),-1,0,1,Ametista,Pública,7.502,7.5,-1,-1,False,False,False
RA-897,2024,ALFA,ALFA I - G2/G3,Aluno-897,10,Masculino,2023,Pública,Quartzo,5.2212050505,7.002,2.7525252525,2.51,6.875,6.0,5.5,6.5,,,,6.66,5.0,Fase 1 (3° e 4° ano),-1,0,1,Quartzo,Pública,7.002,6.66,-1,-1,False,False,False
RA-908,2024,ALFA,ALFA I - G2/G3,Aluno-908,9,Feminino,2023,Pública,Agata,6.764292246,8.502,8.14171123,7.51,7.1875,4.75,3.0,6.5,,,,6.83,5.0,Fase 1 (3° e 4° ano),-1,0,1,Ágata,Pública,8.502,6.83,-1,-1,False,False,False
RA-916,2024,ALFA,ALFA I - G2/G3,Aluno-916,10,Feminino,2023,Pública,Quartzo,5.5058531621,8.502,7.3320158105,2.51,6.5625,2.75,3.5,2.0,,,,6.16,5.0,Fase 2 (5° e 6° ano),-2,0,2,Quartzo,Pública,8.502,6.16,-2,-2,False,False,False
RA-924,2024,ALFA,ALFA I - G2/G3,Aluno-924,9,Masculino,2023,Pública,Agata,6.4727360962,7.002,4.598930481,7.51,7.1875,7.0,7.5,6.5,,,,7.415,5.0,Fase 1 (3° e 4° ano),-1,0,1,Ágata,Pública,7.002,7.415,-1,-1,False,False,False
RA-925,2024,ALFA,ALFA I - G2/G3,Aluno-925,8,Masculino,2023,Pública,Agata,6.587019518800001,8.002,7.005347594,7.51,7.1875,4.75,3.0,6.5,,,,7.33,5.0,Fase 1 (3° e 4° ano),-1,0,1,Ágata,Pública,8.002,7.33,-1,-1,False,False,False
RA-1008,2024,ALFA,ALFA I - G2/G3,Aluno-1008,9,Masculino,2023,Pública,Agata,6.8667414438000005,7.002,6.483957219,7.51,7.1875,7.0,6.5,7.5,,,,7.5,5.0,Fase 1 (3° e 4° ano),-1,0,1,Ágata,Pública,7.002,7.5,-1,-1,False,False,False
RA-919,2024,ALFA,ALFA I - G2/G3,Aluno-919,10,Masculino,2023,Pública,Quartzo,5.799702673800001,7.002,4.692513369,6.255,6.875,5.25,6.5,4.0,,,,6.49,5.0,Fase 2 (5° e 6° ano),-2,0,2,Quartzo,Pública,7.002,6.49,-2,-2,False,False,False
RA-1318,2024,ALFA,ALFA I - G2/G3,Aluno-1318,8,Feminino,2024,Pública,Agata,6.823383155100001,8.502,7.6871657755000005,7.51,7.1875,5.0,4.0,6.0,,,,7.33,5.0,Fase 1 (3° e 4° ano),-1,0,1,Ágata,Pública,8.502,7.33,-1,-1,False,False,False
RA-1003,2024,ALFA,ALFA J - G2/G3,Aluno-1003,9,Masculino,2023,Pública,Ametista,7.627588888900001,8.002,8.6944444445,7.51,6.875,8.25,10.0,6.5,,,,7.5,5.0,Fase 1 (3° e 4° ano),-1,0,1,Ametista,Pública,8.002,7.5,-1,-1,False,False,False
RA-1004,2024,ALFA,ALFA J - G2/G3,Aluno-1004,9,Feminino,2023,Pública,Ametista,7.801200000000001,9.502,9.25,7.51,7.5,7.5,7.5,7.5,,,,7.5,5.0,Fase 1 (3° e 4° ano),-1,0,1,Ametista,Pública,9.502,7.5,-1,-1,False,False,False
RA-1006,2024,ALFA,ALFA J - G2/G3,Aluno-1006,9,Feminino,2023,Pública,Ametista,7.040088888900001,8.502,8.4444444445,7.51,7.5,5.0,5.0,5.0,,,,7.5,5.0,Fase 1 (3° e 4° ano),-1,0,1,Ametista,Pública,8.502,7.5,-1,-1,False,False,False
RA-1319,2024,ALFA,ALFA J - G2/G3,Aluno-1319,9,Masculino,2024,Pública,Ametista,7.201526797300001,8.502,5.7516339865,7.51,7.5,8.5,10.0,7.0,,,,7.5,5.0,Fase 1 (3° e 4° ano),-1,0,1,Ametista,Pública,8.502,7.5,-1,-1,False,False,False
RA-858,2024,ALFA,ALFA J - G2/G3,Aluno-858,9,Masculino,2022,Pública,Agata,6.917866666700001,9.002,6.833333333500001,2.51,7.5,8.25,10.0,6.5,,,,7.5,5.0,Fase 1 (3° e 4° ano),-1,0,1,Ágata,Pública,9.002,7.5,-1,-1,False,False,False
RA-905,2024,ALFA,ALFA J - G2/G3,Aluno-905,10,Masculino,2023,Pública,Agata,6.3925823529,9.002,7.7794117645,7.51,6.875,3.0,2.0,4.0,,,,6.99,5.0,Fase 2 (5° e 6° ano),-2,0,2,Ágata,Pública,9.002,6.99,-2,-2,False,False,False
RA-907,2024,ALFA,ALFA J - G2/G3,Aluno-907,9,Feminino,2023,Privada,Ametista,7.9400888889,9.002,8.9444444445,7.51,7.5,8.75,10.0,7.5,,,,7.5,5.0,Fase 1 (3° e 4° ano),-1,0,1,Ametista,Privada,9.002,7.5,-1,-1,False,False,False
RA-1320,2024,ALFA,ALFA J - G2/G3,Aluno-1320,10,Masculino,2024,Pública,Ametista,7.8845333333,9.002,9.1666666665,7.51,7.5,8.25,9.0,7.5,,,,7.5,5.0,Fase 1 (3° e 4° ano),-1,0,1,Ametista,Pública,9.002,7.5,-1,-1,False,False,False
RA-909,2024,ALFA,ALFA J - G2/G3,Aluno-909,11,Feminino,2023,Pública,Ametista,7.722033333300001,10.0,8.1666666665,7.51,6.875,8.25,10.0,6.5,,,,7.5,5.0,Fase 2 (5° e 6° ano),-2,0,2,Ametista,Pública,10.002,7.5,-2,-2,False,False,False
RA-729,2024,ALFA,ALFA J - G2/G3,Aluno-729,10,Feminino,2022,Pública,Agata,6.684533333300001,8.002,8.4166666665,2.51,7.5,6.0,6.0,6.0,,,,7.5,5.0,Fase 1 (3° e 4° ano),-1,0,1,Ágata,Pública,8.002,7.5,-1,-1,False,False,False
RA-1321,2024,ALFA,ALFA K - G0/G1,Aluno-1321,7,Masculino,2024,Pública,Ametista,7.95295,9.002,8.875,6.885,6.5625,8.75,10.0,7.5,,,,5.915,10.0,ALFA (1° e 2° ano),0,0,0,Ametista,Pública,9.002,5.915,0,0,False,False,False
RA-1322,2024,ALFA,ALFA K - G0/G1,Aluno-1322,8,Feminino,2024,Pública,Topázio,8.47795,9.502,9.0,7.51,8.4375,7.5,8.5,6.5,,,,8.165,10.0,ALFA (1° e 2° ano),0,0,0,Topázio,Pública,9.502,8.165,0,0,False,False,False
RA-1323,2024,ALFA,ALFA K - G0/G1,Aluno-1323,9,Masculino,2024,Pública,Ametista,7.487366666700001,10.0,9.0833333335,7.51,6.875,7.0,10.0,4.0,,,,6.66,5.0,Fase 1 (3° e 4° ano),-1,0,1,Ametista,Pública,10.002,6.66,-1,-1,False,False,False
RA-1324,2024,ALFA,ALFA K - G0/G1,Aluno-1324,9,Masculino,2024,Pública,Topázio,8.332450000000001,10.0,10.0,7.51,7.8125,8.5,10.0,7.0,,,,8.0,5.0,Fase 1 (3° e 4° ano),-1,0,1,Topázio,Pública,10.002,8.0,-1,-1,False,False,False
RA-931,2024,ALFA,ALFA K - G0/G1,Aluno-931,9,Masculino,2023,Pública,Ametista,7.075466666700001,7.918,8.5833333335,2.51,7.5,8.5,8.0,9.0,,,,6.83,5.0,Fase 1 (3° e 4° ano),-1,0,1,Ametista,Pública,7.918,6.83,-1,-1,False,False,False
RA-1325,2024,ALFA,ALFA K - G0/G1,Aluno-1325,8,Masculino,2024,Pública,Topázio,8.9824954545,9.002,9.5227272725,7.51,8.4375,10.0,10.0,10.0,,,,7.915,10.0,ALFA (1° e 2° ano),0,0,0,Topázio,Pública,9.002,7.915,0,0,False,False,False
RA-1326,2024,ALFA,ALFA K - G0/G1,Aluno-1326,8,Feminino,2024,Pública,Ametista,7.6397833333000005,9.002,9.2916666665,7.51,7.8125,4.5,0.0,9.0,,,,7.245,10.0,ALFA (1° e 2° ano),0,0,0,Ametista,Pública,9.002,7.245,0,0,False,False,False
RA-1327,2024,ALFA,ALFA K - G0/G1,Aluno-1327,7,Feminino,2024,Pública,Topázio,8.264116666700001,9.002,9.3333333335,7.51,7.8125,7.5,10.0,5.0,,,,7.325,10.0,ALFA (1° e 2° ano),0,0,0,Topázio,Pública,9.002,7.325,0,0,False,False,False
RA-1328,2024,ALFA,ALFA K - G0/G1,Aluno-1328,8,Feminino,2024,Pública,Topázio,8.0588666667,8.502,8.2083333335,7.51,7.5,10.0,10.0,10.0,,,,7.83,5.0,Fase 1 (3° e 4° ano),-1,0,1,Topázio,Pública,8.502,7.83,-1,-1,False,False,False
RA-1329,2024,ALFA,ALFA K - G0/G1,Aluno-1329,8,Masculino,2024,Pública,Ametista,7.98945,9.502,10.0,7.51,6.5625,6.5,10.0,3.0,,,,6.66,10.0,ALFA (1° e 2° ano),0,0,0,Ametista,Pública,9.502,6.66,0,0,False,False,False
RA-1330,2024,ALFA,ALFA K - G0/G1,Aluno-1330,8,Feminino,2024,Pública,Topázio,8.944616666700002,10.0,9.3333333335,7.51,8.4375,9.5,10.0,9.0,,,,7.915,10.0,ALFA (1° e 2° ano),0,0,0,Topázio,Pública,10.002,7.915,0,0,False,False,False
RA-1331,2024,ALFA,ALFA K - G0/G1,Aluno-1331,7,Feminino,2024,Pública,Ametista,7.8522833333,9.002,7.291666666499999,7.51,8.4375,7.25,8.0,6.5,,,,7.245,10.0,ALFA (1° e 2° ano),0,0,0,Ametista,Pública,9.002,7.245,0,0,False,False,False
RA-944,2024,ALFA,ALFA L - G2/G3,Aluno-944,10,Feminino,2023,Pública,Ametista,7.8262,9.002,7.25,7.51,8.75,9.0,10.0,8.0,,,,7.75,5.0,Fase 2 (5° e 6° ano),-2,0,2,Ametista,Pública,9.002,7.75,-2,-2,False,False,False
RA-1332,2024,ALFA,ALFA L - G2/G3,Aluno-1332,10,Masculino,2024,Pública,Topázio,8.1040529412,8.502,9.411764706,7.51,9.375,8.25,10.0,6.5,,,,7.665,5.0,Fase 2 (5° e 6° ano),-2,0,2,Topázio,Pública,8.502,7.665,-2,-2,False,False,False
RA-754,2024,ALFA,ALFA L - G2/G3,Aluno-754,11,Masculino,2022,Pública,Quartzo,5.6127,8.502,6.25,5.625,2.5,6.25,6.0,6.5,,,,4.75,5.0,Fase 2 (5° e 6° ano),-2,0,2,Quartzo,Pública,8.502,4.75,-2,-2,False,False,False
RA-1333,2024,ALFA,ALFA L - G2/G3,Aluno-1333,9,Masculino,2024,Pública,Topázio,8.213199999999999,7.502,10.0,6.255,9.375,9.25,10.0,8.5,,,,7.75,5.0,Fase 1 (3° e 4° ano),-1,0,1,Topázio,Pública,7.502,7.75,-1,-1,False,False,False
RA-934,2024,ALFA,ALFA L - G2/G3,Aluno-934,9,Feminino,2023,Pública,Topázio,8.338700000000001,9.502,9.75,7.51,9.375,8.5,10.0,7.0,,,,7.75,5.0,Fase 1 (3° e 4° ano),-1,0,1,Topázio,Pública,9.502,7.75,-1,-1,False,False,False
RA-1334,2024,ALFA,ALFA L - G2/G3,Aluno-1334,9,Masculino,2024,Pública,Topázio,8.350200000000001,10.0,10.0,5.625,9.375,9.0,10.0,8.0,,,,7.75,5.0,Fase 1 (3° e 4° ano),-1,0,1,Topázio,Pública,10.002,7.75,-1,-1,False,False,False
RA-941,2024,ALFA,ALFA L - G2/G3,Aluno-941,9,Feminino,2023,Pública,Ametista,7.746700000000001,8.002,9.25,5.01,8.125,8.75,10.0,7.5,,,,7.665,5.0,Fase 1 (3° e 4° ano),-1,0,1,Ametista,Pública,8.002,7.665,-1,-1,False,False,False
RA-756,2024,ALFA,ALFA L - G2/G3,Aluno-756,11,Masculino,2022,Pública,Ametista,7.361700000000001,10.0,8.75,7.51,8.125,5.5,10.0,1.0,,,,7.24,5.0,Fase 2 (5° e 6° ano),-2,0,2,Ametista,Pública,10.002,7.24,-2,-2,False,False,False
RA-1335,2024,ALFA,ALFA L - G2/G3,Aluno-1335,10,Masculino,2024,Pública,Topázio,8.3217,9.002,9.75,7.51,9.375,8.75,10.0,7.5,,,,7.665,5.0,Fase 2 (5° e 6° ano),-2,0,2,Topázio,Pública,9.002,7.665,-2,-2,False,False,False
RA-773,2024,ALFA,ALFA L - G2/G3,Aluno-773,10,Feminino,2022,Pública,Agata,6.566200000000001,10.0,8.75,2.51,7.5,5.0,8.0,2.0,,,,6.575,5.0,Fase 2 (5° e 6° ano),-2,0,2,Ágata,Pública,10.002,6.575,-2,-2,False,False,False
RA-938,2024,ALFA,ALFA L - G2/G3,Aluno-938,10,Masculino,2023,Pública,Topázio,8.0056026915,9.502,9.544513457499999,7.51,8.125,7.75,10.0,5.5,,,,7.665,5.0,Fase 1 (3° e 4° ano),-1,0,1,Topázio,Pública,9.502,7.665,-1,-1,False,False,False
RA-1336,2024,ALFA,ALFA M - G0/G1,Aluno-1336,8,Feminino,2024,Pública,Ametista,7.141365631500001,9.502,6.2008281575,2.51,7.5,9.5,10.0,9.0,,,,7.75,5.0,Fase 1 (3° e 4° ano),-1,0,1,Ametista,Pública,9.502,7.75,-1,-1,False,False,False
RA-1337,2024,ALFA,ALFA M - G0/G1,Aluno-1337,10,Masculino,2024,Pública,Agata,6.015144444400001,8.002,4.722222222,7.51,6.875,6.0,6.0,6.0,,,,5.66,5.0,Fase 2 (5° e 6° ano),-2,0,2,Ágata,Pública,8.002,5.66,-2,-2,False,False,False
RA-1338,2024,ALFA,ALFA M - G0/G1,Aluno-1338,8,Masculino,2024,Pública,Agata,6.1368428571,8.002,8.6607142855,7.51,6.875,3.0,2.0,4.0,,,,5.33,5.0,Fase 1 (3° e 4° ano),-1,0,1,Ágata,Pública,8.002,5.33,-1,-1,False,False,False
RA-1339,2024,ALFA,ALFA M - G0/G1,Aluno-1339,8,Feminino,2024,Pública,Ametista,7.3547,8.502,10.0,6.885,5.0,8.75,10.0,7.5,,,,5.33,5.0,Fase 1 (3° e 4° ano),-1,0,1,Ametista,Pública,8.502,5.33,-1,-1,False,False,False
RA-1340,2024,ALFA,ALFA M - G0/G1,Aluno-1340,8,Feminino,2024,Pública,Topázio,8.3422714286,9.502,8.392857143,7.51,5.625,10.0,10.0,10.0,,,,7.0,10.0,ALFA (1° e 2° ano),0,0,0,Topázio,Pública,9.502,7.0,0,0,False,False,False
RA-1341,2024,ALFA,ALFA M - G0/G1,Aluno-1341,9,Masculino,2024,Pública,Ametista,7.862906349200001,10.0,9.246031746,7.51,5.625,10.0,10.0,10.0,,,,6.0,5.0,Fase 1 (3° e 4° ano),-1,0,1,Ametista,Pública,10.002,6.0,-1,-1,False,False,False
RA-947,2024,ALFA,ALFA M - G0/G1,Aluno-947,9,Masculino,2023,Pública,Agata,6.053509523800001,9.002,7.619047619,7.51,5.625,4.5,4.0,5.0,,,,4.58,5.0,Fase 1 (3° e 4° ano),-1,0,1,Ágata,Pública,9.002,4.58,-1,-1,False,False,False
RA-1342,2024,ALFA,ALFA M - G0/G1,Aluno-1342,8,Masculino,2024,Pública,Ametista,7.8185809524000005,9.502,9.761904762,7.51,7.5,9.0,10.0,8.0,,,,5.575,5.0,Fase 1 (3° e 4° ano),-1,0,1,Ametista,Pública,9.502,5.575,-1,-1,False,False,False
RA-1343,2024,ALFA,ALFA M - G0/G1,Aluno-1343,7,Feminino,2024,Pública,Topázio,8.8262,8.002,10.0,7.51,6.25,9.75,10.0,9.5,,,,8.5,10.0,ALFA (1° e 2° ano),0,0,0,Topázio,Pública,8.002,8.5,0,0,False,False,False
RA-1344,2024,ALFA,ALFA N - G2/G3,Aluno-1344,8,Feminino,2024,Pública,Topázio,9.3612,8.502,10.0,7.51,8.75,10.0,10.0,10.0,,,,9.425,10.0,ALFA (1° e 2° ano),0,0,0,Topázio,Pública,8.502,9.425,0,0,False,False,False
RA-945,2024,ALFA,ALFA N - G2/G3,Aluno-945,9,Masculino,2023,Pública,Ametista,7.4195809524000005,9.002,9.511904762,2.51,7.5,8.75,10.0,7.5,,,,6.83,5.0,Fase 1 (3° e 4° ano),-1,0,1,Ametista,Pública,9.002,6.83,-1,-1,False,False,False
RA-946,2024,ALFA,ALFA N - G2/G3,Aluno-946,8,Masculino,2023,Pública,Agata,6.677723809500001,9.502,8.7976190475,2.51,7.5,4.5,3.0,6.0,,,,7.835,5.0,Fase 1 (3° e 4° ano),-1,0,1,Ágata,Pública,9.502,7.835,-1,-1,False,False,False
RA-1345,2024,ALFA,ALFA N - G2/G3,Aluno-1345,9,Masculino,2023,Pública,Ametista,7.2340128655000004,8.502,9.4590643275,7.51,6.25,6.25,6.0,6.5,,,,6.83,5.0,Fase 1 (3° e 4° ano),-1,0,1,Ametista,Pública,8.502,6.83,-1,-1,False,False,False
RA-771,2024,ALFA,ALFA N - G2/G3,Aluno-771,9,Feminino,2022,Pública,Agata,6.066009523800001,8.502,6.619047619,3.135,5.625,6.5,6.5,6.5,,,,6.08,5.0,Fase 1 (3° e 4° ano),-1,0,1,Ágata,Pública,8.502,6.08,-1,-1,False,False,False
RA-1346,2024,ALFA,ALFA N - G2/G3,Aluno-1346,8,Masculino,2024,Pública,Ametista,7.3701047619,9.502,8.0595238095,7.51,6.25,5.5,5.0,6.0,,,,6.66,10.0,ALFA (1° e 2° ano),0,0,0,Ametista,Pública,9.502,6.66,0,0,False,False,False
RA-1347,2024,ALFA,ALFA N - G2/G3,Aluno-1347,9,Masculino,2024,Pública,Agata,6.153842857100001,8.502,8.7857142855,2.51,5.625,5.0,5.0,5.0,,,,6.165,5.0,Fase 1 (3° e 4° ano),-1,0,1,Ágata,Pública,8.502,6.165,-1,-1,False,False,False
RA-949,2024,ALFA,ALFA N - G2/G3,Aluno-949,9,Feminino,2023,Pública,Ametista,7.1323428571,9.002,8.7857142855,7.51,6.25,6.5,6.0,7.0,,,,6.495,5.0,Fase 1 (3° e 4° ano),-1,0,1,Ametista,Pública,9.002,6.495,-1,-1,False,False,False
RA-950,2024,ALFA,ALFA N - G2/G3,Aluno-950,9,Feminino,2023,Pública,Ametista,7.693461904800001,9.502,9.023809524,7.51,6.875,7.0,7.5,6.5,,,,8.0,5.0,Fase 1 (3° e 4° ano),-1,0,1,Ametista,Pública,9.502,8.0,-1,-1,False,False,False
RA-951,2024,ALFA,ALFA N - G2/G3,Aluno-951,8,Feminino,2023,Privada,Agata,6.4483428571,10.0,9.0357142855,2.51,6.25,4.0,5.0,3.0,,,,7.325,5.0,Fase 1 (3° e 4° ano),-1,0,1,Ágata,Privada,10.002,7.325,-1,-1,False,False,False
RA-1002,2024,ALFA,ALFA N - G2/G3,Aluno-1002,10,Feminino,2023,Pública,Ametista,7.967866666700001,9.002,7.833333333500001,7.51,7.5,9.25,10.0,8.5,,,,8.25,5.0,Fase 1 (3° e 4° ano),-1,0,1,Ametista,Pública,9.002,8.25,-1,-1,False,False,False
RA-774,2024,ALFA,ALFA N - G2/G3,Aluno-774,10,Feminino,2022,Pública,Quartzo,5.685771428600001,10.0,6.3928571430000005,2.51,6.25,3.75,2.0,5.5,,,,6.405,5.0,Fase 1 (3° e 4° ano),-1,0,1,Quartzo,Pública,10.002,6.405,-1,-1,False,False,False
RA-749,2024,ALFA,ALFA O - G2/G3,Aluno-749,10,Masculino,2022,Pública,Topázio,8.3373184211,9.502,9.7368421055,8.13,8.4375,8.75,10.0,7.5,,,,7.665,5.0,Fase 2 (5° e 6° ano),-2,0,2,Topázio,Pública,9.502,7.665,-2,-2,False,False,False
RA-929,2024,ALFA,ALFA O - G2/G3,Aluno-929,9,Feminino,2023,Pública,Ametista,7.7244368421,9.002,9.4736842105,7.51,8.125,6.75,7.0,6.5,,,,7.58,5.0,Fase 1 (3° e 4° ano),-1,0,1,Ametista,Pública,9.002,7.58,-1,-1,False,False,False
RA-930,2024,ALFA,ALFA O - G2/G3,Aluno-930,9,Masculino,2023,Pública,Ametista,7.9298184211,8.502,9.7368421055,7.51,7.8125,8.0,8.0,8.0,,,,7.5,5.0,Fase 1 (3° e 4° ano),-1,0,1,Ametista,Pública,8.502,7.5,-1,-1,False,False,False
RA-787,2024,ALFA,ALFA O - G2/G3,Aluno-787,10,Masculino,2022,Pública,Ametista,7.73495,9.002,9.75,7.51,7.1875,7.25,10.0,4.5,,,,7.325,5.0,Fase 1 (3° e 4° ano),-1,0,1,Ametista,Pública,9.002,7.325,-1,-1,False,False,False
RA-1348,2024,ALFA,ALFA O - G2/G3,Aluno-1348,8,Masculino,2024,Pública,Ametista,7.9604662539,7.502,8.5913312695,7.51,8.75,9.0,10.0,8.0,,,,7.83,5.0,Fase 1 (3° e 4° ano),-1,0,1,Ametista,Pública,7.502,7.83,-1,-1,False,False,False
RA-935,2024,ALFA,ALFA O - G2/G3,Aluno-935,10,Masculino,2023,Pública,Topázio,8.3422,9.502,10.0,7.51,8.75,8.5,10.0,7.0,,,,7.83,5.0,Fase 1 (3° e 4° ano),-1,0,1,Topázio,Pública,9.502,7.83,-1,-1,False,False,False
RA-1349,2024,ALFA,ALFA O - G2/G3,Aluno-1349,10,Masculino,2024,Pública,Ametista,7.855727777800001,8.002,8.388888889,7.51,8.4375,8.5,10.0,7.0,,,,7.915,5.0,Fase 1 (3° e 4° ano),-1,0,1,Ametista,Pública,8.002,7.915,-1,-1,False,False,False
RA-937,2024,ALFA,ALFA O - G2/G3,Aluno-937,9,Feminino,2023,Pública,Topázio,8.3792,10.0,10.0,9.38,8.75,7.5,8.0,7.0,,,,7.83,5.0,Fase 1 (3° e 4° ano),-1,0,1,Topázio,Pública,10.002,7.83,-1,-1,False,False,False
RA-1350,2024,ALFA,ALFA O - G2/G3,Aluno-1350,10,Feminino,2024,Pública,Topázio,8.335450000000002,8.502,10.0,8.755,8.4375,8.5,10.0,7.0,,,,7.83,5.0,Fase 2 (5° e 6° ano),-2,0,2,Topázio,Pública,8.502,7.83,-2,-2,False,False,False
RA-1351,2024,ALFA,ALFA O - G2/G3,Aluno-1351,9,Masculino,2024,Pública,Topázio,8.1861038462,9.002,9.230769231,8.13,8.4375,8.75,10.0,7.5,,,,7.665,5.0,Fase 1 (3° e 4° ano),-1,0,1,Topázio,Pública,9.002,7.665,-1,-1,False,False,False
RA-959,2024,ALFA,ALFA O - G2/G3,Aluno-959,9,Masculino,2023,Pública,Topázio,8.379818421100001,10.0,9.7368421055,7.51,7.8125,9.5,10.0,9.0,,,,7.5,5.0,Fase 1 (3° e 4° ano),-1,0,1,Topázio,Pública,10.002,7.5,-1,-1,False,False,False
RA-1352,2024,ALFA,ALFA O - G2/G3,Aluno-1352,9,Masculino,2024,Pública,Topázio,8.289950000000001,10.0,9.5,8.13,8.4375,8.5,8.0,9.0,,,,7.665,5.0,Fase 1 (3° e 4° ano),-1,0,1,Topázio,Pública,10.002,7.665,-1,-1,False,False,False
RA-1353,2024,ALFA,ALFA Q - G2/G3,Aluno-1353,10,Feminino,2024,Pública,Agata,6.454700000000001,8.002,9.5,7.51,6.875,3.0,3.5,2.5,,,,6.08,5.0,Fase 1 (3° e 4° ano),-1,0,1,Ágata,Pública,8.002,6.08,-1,-1,False,False,False
RA-1354,2024,ALFA,ALFA Q - G2/G3,Aluno-1354,10,Feminino,2024,Pública,Ametista,7.353427272700001,9.502,8.3636363635,7.51,8.125,6.0,6.5,5.5,,,,7.335,5.0,Fase 1 (3° e 4° ano),-1,0,1,Ametista,Pública,9.502,7.335,-1,-1,False,False,False
RA-979,2024,ALFA,ALFA Q - G2/G3,Aluno-979,9,Masculino,2023,Pública,Topázio,8.0352454545,9.502,9.5227272725,7.51,8.125,8.25,9.5,7.0,,,,7.335,5.0,Fase 1 (3° e 4° ano),-1,0,1,Topázio,Pública,9.502,7.335,-1,-1,False,False,False
RA-1355,2024,ALFA,ALFA Q - G2/G3,Aluno-1355,10,Masculino,2024,Pública,Ametista,7.202245454500001,10.0,6.5227272725,7.51,8.125,7.0,8.0,6.0,,,,7.17,5.0,Fase 1 (3° e 4° ano),-1,0,1,Ametista,Pública,10.002,7.17,-1,-1,False,False,False
RA-971,2024,ALFA,ALFA Q - G2/G3,Aluno-971,9,Masculino,2023,Pública,Agata,6.8916181818,7.418,7.909090909,7.51,7.5,6.75,8.5,5.0,,,,6.085,5.0,Fase 1 (3° e 4° ano),-1,0,1,Ágata,Pública,7.418,6.085,-1,-1,False,False,False
RA-972,2024,ALFA,ALFA Q - G2/G3,Aluno-972,9,Masculino,2023,Pública,Ametista,7.537472727300001,9.502,8.3863636365,7.51,8.75,6.75,8.0,5.5,,,,7.17,5.0,Fase 1 (3° e 4° ano),-1,0,1,Ametista,Pública,9.502,7.17,-1,-1,False,False,False
RA-965,2024,ALFA,ALFA Q - G2/G3,Aluno-965,10,Feminino,2023,Pública,Agata,6.1376545455,9.002,6.4772727275,7.51,8.75,2.25,2.0,2.5,,,,6.83,5.0,Fase 2 (5° e 6° ano),-2,0,2,Ágata,Pública,9.002,6.83,-2,-2,False,False,False
RA-973,2024,ALFA,ALFA Q - G2/G3,Aluno-973,10,Masculino,2023,Pública,Agata,6.9318363636,10.0,9.318181818,7.51,7.5,3.75,6.5,1.0,,,,6.585,5.0,Fase 2 (5° e 6° ano),-2,0,2,Ágata,Pública,10.002,6.585,-2,-2,False,False,False
RA-1356,2024,ALFA,ALFA Q - G2/G3,Aluno-1356,8,Feminino,2024,Pública,Ametista,7.8695888889,9.002,9.4444444445,7.51,8.125,5.5,5.5,5.5,,,,7.085,10.0,ALFA (1° e 2° ano),0,0,0,Ametista,Pública,9.002,7.085,0,0,False,False,False
RA-966,2024,ALFA,ALFA Q - G2/G3,Aluno-966,10,Masculino,2023,Pública,Ametista,7.9943363636,9.502,8.568181818,7.51,8.125,9.0,9.5,8.5,,,,7.335,5.0,Fase 2 (5° e 6° ano),-2,0,2,Ametista,Pública,9.502,7.335,-2,-2,False,False,False
RA-1357,2024,ALFA,ALFA Q - G2/G3,Aluno-1357,9,Masculino,2024,Pública,Ametista,7.1807,8.002,7.5,7.51,8.125,6.75,8.0,5.5,,,,7.335,5.0,Fase 1 (3° e 4° ano),-1,0,1,Ametista,Pública,8.002,7.335,-1,-1,False,False,False
RA-969,2024,ALFA,ALFA Q - G2/G3,Aluno-969,9,Masculino,2023,Pública,Ametista,7.453427272700001,9.002,7.8636363634999995,7.51,8.125,7.25,9.0,5.5,,,,7.335,5.0,Fase 1 (3° e 4° ano),-1,0,1,Ametista,Pública,9.002,7.335,-1,-1,False,False,False
RA-1358,2024,ALFA,ALFA R - G0/G1,Aluno-1358,7,Feminino,2024,Pública,Agata,6.552990476200001,9.168,7.380952381,5.01,6.25,4.0,4.0,4.0,,,,6.17,10.0,ALFA (1° e 2° ano),0,0,0,Ágata,Pública,9.168,6.17,0,0,False,False,False
RA-1359,2024,ALFA,ALFA R - G0/G1,Aluno-1359,7,Feminino,2024,Pública,Ametista,7.2102,8.502,9.0,5.635,5.625,6.0,4.0,8.0,,,,6.17,10.0,ALFA (1° e 2° ano),0,0,0,Ametista,Pública,8.502,6.17,0,0,False,False,False
RA-1360,2024,ALFA,ALFA R - G0/G1,Aluno-1360,8,Masculino,2024,Pública,Agata,6.8480623189,8.502,7.0018115945,7.51,5.625,5.0,0.0,10.0,,,,6.42,10.0,ALFA (1° e 2° ano),0,0,0,Ágata,Pública,8.502,6.42,0,0,False,False,False
RA-1361,2024,ALFA,ALFA R - G0/G1,Aluno-1361,8,Feminino,2024,Pública,Topázio,8.738700000000001,9.502,9.375,5.635,7.5,10.0,10.0,10.0,,,,8.0,10.0,ALFA (1° e 2° ano),0,0,0,Topázio,Pública,9.502,8.0,0,0,False,False,False
RA-975,2024,ALFA,ALFA R - G0/G1,Aluno-975,8,Feminino,2023,Pública,Ametista,7.1463666667000005,8.502,7.708333333500001,5.01,6.875,8.0,8.0,8.0,,,,7.33,5.0,Fase 1 (3° e 4° ano),-1,0,1,Ametista,Pública,8.502,7.33,-1,-1,False,False,False
RA-1362,2024,ALFA,ALFA R - G0/G1,Aluno-1362,7,Masculino,2024,Pública,Ametista,7.709200000000001,10.0,6.875,5.635,6.875,8.5,8.0,9.0,,,,6.915,10.0,ALFA (1° e 2° ano),0,0,0,Ametista,Pública,10.002,6.915,0,0,False,False,False
RA-977,2024,ALFA,ALFA R - G0/G1,Aluno-977,8,Feminino,2023,Pública,Ametista,7.188033333300001,10.0,7.291666666499999,6.26,6.875,7.0,5.0,9.0,,,,7.58,5.0,Fase 1 (3° e 4° ano),-1,0,1,Ametista,Pública,10.002,7.58,-1,-1,False,False,False
RA-1363,2024,ALFA,ALFA S - G2/G3,Aluno-1363,7,Feminino,2024,Pública,Ametista,7.690800000000001,7.418,10.0,5.635,6.875,6.5,6.5,6.5,,,,6.99,10.0,ALFA (1° e 2° ano),0,0,0,Ametista,Pública,7.418,6.99,0,0,False,False,False
RA-981,2024,ALFA,ALFA S - G2/G3,Aluno-981,8,Feminino,2023,Pública,Agata,6.6513739130000005,9.002,7.010869565,6.26,6.25,6.0,6.0,6.0,,,,6.99,5.0,Fase 1 (3° e 4° ano),-1,0,1,Ágata,Pública,9.002,6.99,-1,-1,False,False,False
RA-1364,2024,ALFA,ALFA S - G2/G3,Aluno-1364,9,Masculino,2024,Pública,Ametista,7.570033333300001,8.002,8.4166666665,7.51,6.875,8.75,9.5,8.0,,,,6.99,5.0,Fase 1 (3° e 4° ano),-1,0,1,Ametista,Pública,8.002,6.99,-1,-1,False,False,False
RA-1365,2024,ALFA,ALFA S - G2/G3,Aluno-1365,9,Masculino,2024,Pública,Ametista,7.3700333333,9.002,9.7916666665,6.26,6.875,6.5,5.5,7.5,,,,6.99,5.0,Fase 1 (3° e 4° ano),-1,0,1,Ametista,Pública,9.002,6.99,-1,-1,False,False,False
RA-1366,2024,ALFA,ALFA S - G2/G3,Aluno-1366,8,Feminino,2024,Pública,Agata,6.919852173900001,9.002,6.6032608695,7.51,7.5,6.5,6.5,6.5,,,,6.99,5.0,Fase 1 (3° e 4° ano),-1,0,1,Ágata,Pública,9.002,6.99,-1,-1,False,False,False
RA-974,2024,ALFA,ALFA S - G2/G3,Aluno-974,8,Masculino,2023,Pública,Ametista,7.6077217391,9.502,9.282608695499999,7.51,7.5,6.5,6.0,7.0,,,,7.5,5.0,Fase 1 (3° e 4° ano),-1,0,1,Ametista,Pública,9.502,7.5,-1,-1,False,False,False
RA-1367,2024,ALFA,ALFA S - G2/G3,Aluno-1367,8,Feminino,2024,Pública,Topázio,8.427286956500001,10.0,8.3804347825,7.51,7.5,8.75,9.0,8.5,,,,7.5,10.0,ALFA (1° e 2° ano),0,0,0,Topázio,Pública,10.002,7.5,0,0,False,False,False
RA-1368,2024,ALFA,ALFA S - G2/G3,Aluno-1368,8,Masculino,2024,Pública,Topázio,8.6012,7.002,10.0,7.51,7.5,9.5,10.0,9.0,,,,7.5,10.0,ALFA (1° e 2° ano),0,0,0,Topázio,Pública,7.002,7.5,0,0,False,False,False
RA-1369,2024,ALFA,ALFA S - G2/G3,Aluno-1369,7,Feminino,2024,Pública,Topázio,8.052286956500001,8.502,8.6304347825,6.26,7.5,8.0,8.0,8.0,,,,7.5,10.0,ALFA (1° e 2° ano),0,0,0,Topázio,Pública,8.502,7.5,0,0,False,False,False
RA-978,2024,ALFA,ALFA S - G2/G3,Aluno-978,8,Feminino,2023,Pública,Ametista,7.4637,9.502,9.5,6.26,6.875,6.5,6.0,7.0,,,,7.5,5.0,Fase 1 (3° e 4° ano),-1,0,1,Ametista,Pública,9.502,7.5,-1,-1,False,False,False
RA-1370,2024,ALFA,ALFA S - G2/G3,Aluno-1370,9,Masculino,2024,Pública,Topázio,8.0456444444,10.0,8.722222222,7.51,7.5,9.0,10.0,8.0,,,,7.5,5.0,Fase 1 (3° e 4° ano),-1,0,1,Topázio,Pública,10.002,7.5,-1,-1,False,False,False
RA-1371,2024,ALFA,ALFA S - G2/G3,Aluno-1371,11,Feminino,2024,Pública,Agata,6.4843521739,7.502,6.9782608695,7.51,6.875,4.5,3.0,6.0,,,,7.5,5.0,Fase 1 (3° e 4° ano),-1,0,1,Ágata,Pública,7.502,7.5,-1,-1,False,False,False
RA-1372,2024,ALFA,ALFA T - G2/G3,Aluno-1372,8,Feminino,2024,Pública,Ametista,7.9632000000000005,9.502,10.0,8.13,7.5,4.75,3.0,6.5,,,,7.5,10.0,ALFA (1° e 2° ano),0,0,0,Ametista,Pública,9.502,7.5,0,0,False,False,False
RA-1373,2024,ALFA,ALFA T - G2/G3,Aluno-1373,9,Feminino,2024,Pública,Ametista,7.577286956500001,9.502,8.8804347825,7.51,7.5,6.75,6.0,7.5,,,,7.5,5.0,Fase 1 (3° e 4° ano),-1,0,1,Ametista,Pública,9.502,7.5,-1,-1,False,False,False
RA-1374,2024,ALFA,ALFA T - G2/G3,Aluno-1374,9,Masculino,2024,Pública,Ametista,7.3707652174,9.502,9.347826087,7.51,7.5,5.25,5.0,5.5,,,,7.5,5.0,Fase 1 (3° e 4° ano),-1,0,1,Ametista,Pública,9.502,7.5,-1,-1,False,False,False
RA-1375,2024,ALFA,ALFA T - G2/G3,Aluno-1375,9,Masculino,2024,Pública,Topázio,8.101200000000002,9.502,10.0,7.51,7.5,8.25,10.0,6.5,,,,7.5,5.0,Fase 1 (3° e 4° ano),-1,0,1,Topázio,Pública,9.502,7.5,-1,-1,False,False,False
RA-1376,2024,ALFA,ALFA T - G2/G3,Aluno-1376,9,Masculino,2024,Pública,Topázio,8.2742769231,9.002,9.6153846155,7.51,7.5,9.75,10.0,9.5,,,,7.5,5.0,Fase 1 (3° e 4° ano),-1,0,1,Topázio,Pública,9.002,7.5,-1,-1,False,False,False
RA-994,2024,ALFA,ALFA T - G2/G3,Aluno-994,9,Feminino,2023,Pública,Ametista,7.7982217391,9.002,9.532608695499999,6.88,6.875,8.25,10.0,6.5,,,,7.33,5.0,Fase 1 (3° e 4° ano),-1,0,1,Ametista,Pública,9.002,7.33,-1,-1,False,False,False
RA-1377,2024,ALFA,ALFA T - G2/G3,Aluno-1377,8,Masculino,2024,Pública,Ametista,7.8987,9.002,10.0,8.13,6.875,5.5,5.0,6.0,,,,6.99,10.0,ALFA (1° e 2° ano),0,0,0,Ametista,Pública,9.002,6.99,0,0,False,False,False
RA-1378,2024,ALFA,ALFA U - G2/G3,Aluno-1378,10,Feminino,2024,Pública,Ametista,7.6703428571,9.002,9.2857142855,8.13,7.5,6.75,7.5,6.0,,,,7.5,5.0,Fase 1 (3° e 4° ano),-1,0,1,Ametista,Pública,9.002,7.5,-1,-1,False,False,False
RA-1379,2024,ALFA,ALFA U - G2/G3,Aluno-1379,8,Masculino,2024,Pública,Agata,6.638292105300001,9.502,8.6842105265,3.755,5.9375,7.25,8.5,6.0,,,,5.16,5.0,Fase 1 (3° e 4° ano),-1,0,1,Ágata,Pública,9.502,5.16,-1,-1,False,False,False
RA-1380,2024,ALFA,ALFA U - G2/G3,Aluno-1380,8,Masculino,2024,Pública,Ametista,7.964342230600001,9.502,8.784461152999999,4.385,7.1875,8.0,10.0,6.0,,,,7.5,10.0,ALFA (1° e 2° ano),0,0,0,Ametista,Pública,9.502,7.5,0,0,False,False,False
RA-770,2024,ALFA,ALFA U - G2/G3,Aluno-770,9,Masculino,2022,Pública,Ametista,7.3057112782,10.0,9.022556391,7.51,7.5,5.0,4.0,6.0,,,,7.5,5.0,Fase 1 (3° e 4° ano),-1,0,1,Ametista,Pública,10.002,7.5,-1,-1,False,False,False
RA-1381,2024,ALFA,ALFA U - G2/G3,Aluno-1381,8,Feminino,2024,Pública,Topázio,9.038200000000002,9.502,10.0,8.13,8.75,9.5,10.0,9.0,,,,7.5,10.0,ALFA (1° e 2° ano),0,0,0,Topázio,Pública,9.502,7.5,0,0,False,False,False
RA-1382,2024,ALFA,ALFA U - G2/G3,Aluno-1382,9,Feminino,2024,Pública,Ametista,7.834830952400001,8.502,9.761904762,7.51,7.8125,7.5,8.0,7.0,,,,7.5,5.0,Fase 1 (3° e 4° ano),-1,0,1,Ametista,Pública,8.502,7.5,-1,-1,False,False,False
RA-1383,2024,ALFA,ALFA U - G2/G3,Aluno-1383,8,Feminino,2024,Pública,Topázio,8.3720803259,8.502,9.2606516295,7.51,7.1875,8.5,10.0,7.0,,,,7.5,10.0,ALFA (1° e 2° ano),0,0,0,Topázio,Pública,8.502,7.5,0,0,False,False,False
RA-1384,2024,ALFA,ALFA U - G2/G3,Aluno-1384,10,Masculino,2024,Pública,Agata,6.221984461100001,8.002,7.5689223055,7.51,6.25,5.0,5.0,5.0,,,,5.16,5.0,Fase 2 (5° e 6° ano),-2,0,2,Ágata,Pública,8.002,5.16,-2,-2,False,False,False
RA-1385,2024,ALFA,ALFA U - G2/G3,Aluno-1385,8,Masculino,2024,Pública,Ametista,7.7262,10.0,10.0,4.385,6.875,8.0,9.0,7.0,,,,7.5,5.0,Fase 1 (3° e 4° ano),-1,0,1,Ametista,Pública,10.002,7.5,-1,-1,False,False,False
RA-1386,2024,ALFA,ALFA U - G2/G3,Aluno-1386,8,Feminino,2024,Pública,Ametista,7.803580952400001,9.002,9.761904762,7.51,7.5,7.25,8.5,6.0,,,,7.5,5.0,Fase 1 (3° e 4° ano),-1,0,1,Ametista,Pública,9.002,7.5,-1,-1,False,False,False
RA-1387,2024,ALFA,ALFA U - G2/G3,Aluno-1387,8,Feminino,2024,Pública,Ametista,7.8030796992,9.502,8.759398496,7.51,7.5,8.0,9.0,7.0,,,,7.5,5.0,Fase 1 (3° e 4° ano),-1,0,1,Ametista,Pública,9.502,7.5,-1,-1,False,False,False
RA-1388,2024,ALFA,ALFA Y - G0/G1,Aluno-1388,8,Feminino,2024,Pública,Ametista,7.015057142799999,9.002,8.214285713999999,6.88,7.5,5.0,4.0,6.0,,,,7.67,5.0,Fase 1 (3° e 4° ano),-1,0,1,Ametista,Pública,9.002,7.67,-1,-1,False,False,False
RA-1389,2024,ALFA,ALFA Y - G0/G1,Aluno-1389,7,Feminino,2024,Pública,Topázio,8.980533333299999,9.002,9.7916666665,6.88,7.5,10.0,10.0,10.0,,,,8.42,10.0,ALFA (1° e 2° ano),0,0,0,Topázio,Pública,9.002,8.42,0,0,False,False,False
RA-1390,2024,ALFA,ALFA Y - G0/G1,Aluno-1390,7,Feminino,2024,Pública,Topázio,8.4930333333,9.502,9.7916666665,5.005,7.5,8.25,8.0,8.5,,,,8.42,10.0,ALFA (1° e 2° ano),0,0,0,Topázio,Pública,9.502,8.42,0,0,False,False,False
RA-1391,2024,ALFA,ALFA Y - G0/G1,Aluno-1391,7,Masculino,2024,Pública,Topázio,8.8435333333,8.502,9.2916666665,7.51,7.5,10.0,10.0,10.0,,,,8.17,10.0,ALFA (1° e 2° ano),0,0,0,Topázio,Pública,8.502,8.17,0,0,False,False,False
RA-1392,2024,ALFA,ALFA Y - G0/G1,Aluno-1392,9,Masculino,2024,Pública,Quartzo,5.4262,9.002,5.625,7.51,7.5,0.0,0.0,0.0,,,,7.0,5.0,Fase 1 (3° e 4° ano),-1,0,1,Quartzo,Pública,9.002,7.0,-1,-1,False,False,False
RA-1393,2024,ALFA,ALFA Y - G0/G1,Aluno-1393,7,Feminino,2024,Pública,Ametista,7.2597000000000005,9.502,7.5,3.755,7.5,5.0,10.0,0.0,,,,8.42,10.0,ALFA (1° e 2° ano),0,0,0,Ametista,Pública,9.502,8.42,0,0,False,False,False
RA-990,2024,1A,1A,Aluno-990,10,Masculino,2023,Pública,Ametista,7.812283333400001,9.502,7.5,7.51,8.4375,8.0,9.5,6.5,,,,8.336666667,5.0,Fase 2 (5° e 6° ano),-1,1,2,Ametista,Pública,9.502,8.336666667,-1,-1,False,False,False
RA-1394,2024,1A,1A,Aluno-1394,10,Feminino,2024,Pública,Ametista,7.503255555500002,9.502,8.6944444445,7.51,8.125,5.75,5.5,6.0,,,,8.003333333,5.0,Fase 2 (5° e 6° ano),-1,1,2,Ametista,Pública,9.502,8.003333333,-1,-1,False,False,False
RA-991,2024,1A,1A,Aluno-991,10,Feminino,2023,Pública,Ametista,7.057230303000001,9.002,8.181818182,6.26,7.5,6.5,7.0,6.0,,,,6.723333333,5.0,Fase 2 (5° e 6° ano),-1,1,2,Ametista,Pública,9.002,6.723333333,-1,-1,False,False,False
RA-1018,2024,1A,1A,Aluno-1018,10,Masculino,2023,Pública,Ametista,7.7054045454,8.502,7.727272727,6.26,8.4375,8.25,8.5,8.0,,,,8.45,5.0,Fase 2 (5° e 6° ano),-1,1,2,Ametista,Pública,8.502,8.45,-1,-1,False,False,False
RA-1395,2024,1A,1A,Aluno-1395,9,Feminino,2024,Pública,Topázio,8.5997833334,9.502,10.0,7.51,7.8125,7.75,7.5,8.0,,,,7.836666667,10.0,Fase 1 (3° e 4° ano),0,1,1,Topázio,Pública,9.502,7.836666667,0,0,False,False,False
RA-1396,2024,1A,1A,Aluno-1396,11,Feminino,2024,Pública,Ametista,7.8477,9.502,10.0,7.51,8.125,6.5,6.0,7.0,,,,7.67,5.0,Fase 2 (5° e 6° ano),-1,1,2,Ametista,Pública,9.502,7.67,-1,-1,False,False,False
RA-1025,2024,1A,1A,Aluno-1025,10,Masculino,2023,Pública,Ametista,7.897071212,9.002,7.727272727,7.51,8.4375,9.0,10.0,8.0,,,,7.783333333,5.0,Fase 2 (5° e 6° ano),-1,1,2,Ametista,Pública,9.002,7.783333333,-1,-1,False,False,False
RA-1019,2024,1A,1A,Aluno-1019,9,Feminino,2023,Pública,Topázio,8.692255194900001,9.502,9.3073593075,6.26,7.8125,8.75,9.5,8.0,,,,8.616666667,10.0,Fase 1 (3° e 4° ano),0,1,1,Topázio,Pública,9.502,8.616666667,0,0,False,False,False
RA-879,2024,1A,1A,Aluno-879,10,Feminino,2023,Pública,Topázio,8.1096318182,9.502,9.090909091,6.26,7.8125,8.5,8.0,9.0,,,,8.67,5.0,Fase 2 (5° e 6° ano),-1,1,2,Topázio,Pública,9.502,8.67,-1,-1,False,False,False
RA-1020,2024,1A,1A,Aluno-1020,10,Feminino,2023,Pública,Topázio,8.9544954545,9.002,9.7727272725,6.88,8.4375,9.0,10.0,8.0,,,,8.84,10.0,Fase 1 (3° e 4° ano),0,1,1,Topázio,Pública,9.002,8.84,0,0,False,False,False
RA-1021,2024,1A,1A,Aluno-1021,10,Masculino,2023,Pública,Topázio,8.0985863636,9.502,9.318181818,7.51,8.4375,8.0,9.0,7.0,,,,7.95,5.0,Fase 2 (5° e 6° ano),-1,1,2,Topázio,Pública,9.502,7.95,-1,-1,False,False,False
RA-1022,2024,1A,1A,Aluno-1022,10,Masculino,2023,Pública,Ametista,7.613169697000002,9.502,9.318181818,6.26,7.5,6.5,5.5,7.5,,,,8.116666667,5.0,Fase 2 (5° e 6° ano),-1,1,2,Ametista,Pública,9.502,8.116666667,-1,-1,False,False,False
RA-1397,2024,1A,1A,Aluno-1397,10,Feminino,2024,Pública,Ametista,7.8280333334000005,9.002,10.0,6.26,8.125,7.0,7.0,7.0,,,,7.946666667,5.0,Fase 2 (5° e 6° ano),-1,1,2,Ametista,Pública,9.002,7.946666667,-1,-1,False,False,False
RA-699,2024,1A,1A,Aluno-699,11,Masculino,2022,Pública,Agata,6.427771212000001,6.334,7.727272727000001,6.26,6.5625,6.5,7.0,6.0,,,,5.833333333,5.0,Fase 2 (5° e 6° ano),-1,1,2,Ágata,Pública,6.334,5.833333333,-1,-1,False,False,False
RA-1398,2024,1B,1B,Aluno-1398,11,Feminino,2024,Pública,Ametista,7.989700527000001,6.918,9.555335968,7.51,8.125,8.0,8.0,8.0,,,,8.616666667,5.0,Fase 2 (5° e 6° ano),-1,1,2,Ametista,Pública,6.918,8.616666667,-1,-1,False,False,False
RA-871,2024,1B,1B,Aluno-871,10,Masculino,2023,Pública,Ametista,7.2917293147999995,8.502,9.328063240999999,4.38,5.3125,7.25,6.0,8.5,,,,5.783333333,10.0,Fase 1 (3° e 4° ano),0,1,1,Ametista,Pública,8.502,5.783333333,0,0,False,False,False
RA-1399,2024,1B,1B,Aluno-1399,11,Feminino,2024,Pública,Ametista,7.438578787899999,9.002,9.7727272725,5.005,7.5,6.0,6.0,6.0,,,,8.166666667,5.0,Fase 2 (5° e 6° ano),-1,1,2,Ametista,Pública,9.002,8.166666667,-1,-1,False,False,False
RA-873,2024,1B,1B,Aluno-873,12,Feminino,2023,Pública,Ametista,7.61095,8.002,10.0,6.88,7.1875,6.75,7.0,6.5,,,,7.77,5.0,Fase 3 (7° e 8° ano),-2,1,3,Ametista,Pública,8.002,7.77,-2,-2,False,False,False
RA-898,2024,1B,1B,Aluno-898,10,Masculino,2023,Pública,Ametista,7.8661333334000005,6.418,10.0,7.51,7.5,7.5,9.0,6.0,,,,8.616666667,5.0,Fase 2 (5° e 6° ano),-1,1,2,Ametista,Pública,6.418,8.616666667,-1,-1,False,False,False
RA-750,2024,1B,1B,Aluno-750,12,Masculino,2021,Pública,Quartzo,4.542230369,6.249,5.938735178,4.38,4.0625,3.75,0.5,7.0,,,,3.176666667,5.0,Fase 3 (7° e 8° ano),-2,1,3,Quartzo,Pública,6.249,3.176666667,-2,-2,False,True,False
RA-899,2024,1B,1B,Aluno-899,9,Masculino,2023,Pública,Topázio,8.425024769300002,10.0,9.1007905135,5.635,8.125,8.25,8.0,8.5,,,,7.893333333,10.0,Fase 1 (3° e 4° ano),0,1,1,Topázio,Pública,10.002,7.893333333,0,0,False,False,False
RA-878,2024,1B,1B,Aluno-878,11,Masculino,2023,Pública,Agata,6.5335560606000005,9.002,6.1363636360000005,4.38,7.1875,6.75,6.0,7.5,,,,6.996666667,5.0,Fase 2 (5° e 6° ano),-1,1,2,Ágata,Pública,9.002,6.996666667,-1,-1,False,False,False
RA-893,2024,1B,1B,Aluno-893,10,Masculino,2023,Pública,Topázio,8.8910333334,9.002,10.0,7.51,8.125,9.25,10.0,8.5,,,,7.886666667,10.0,Fase 1 (3° e 4° ano),0,1,1,Topázio,Pública,9.002,7.886666667,0,0,False,False,False
RA-1024,2024,1B,1B,Aluno-1024,11,Feminino,2023,Pública,Topázio,8.6516166666,8.002,10.0,7.51,8.4375,10.0,10.0,10.0,,,,8.783333333,5.0,Fase 2 (5° e 6° ano),-1,1,2,Topázio,Pública,8.002,8.783333333,-1,-1,False,False,False
RA-900,2024,1B,1B,Aluno-900,9,Feminino,2023,Pública,Topázio,8.802003030200002,9.002,9.318181818,8.13,8.125,8.5,8.0,9.0,,,,8.563333333,10.0,Fase 1 (3° e 4° ano),0,1,1,Topázio,Pública,9.002,8.563333333,0,0,False,False,False
RA-903,2024,1B,1B,Aluno-903,9,Feminino,2023,Pública,Topázio,8.0758287879,10.0,9.7727272725,7.505,7.8125,5.0,6.0,4.0,,,,7.946666667,10.0,Fase 1 (3° e 4° ano),0,1,1,Topázio,Pública,10.002,7.946666667,0,0,False,False,False
RA-1400,2024,1B,1B,Aluno-1400,9,Masculino,2024,Pública,Ametista,7.622839525700001,8.418,6.6501976285,7.51,7.5,7.25,6.5,8.0,,,,7.5,10.0,Fase 1 (3° e 4° ano),0,1,1,Ametista,Pública,8.418,7.5,0,0,False,False,False
RA-851,2024,1B,1B,Aluno-851,10,Masculino,2022,Pública,Agata,6.2114602109,9.002,7.3221343875,5.63,5.625,6.0,5.0,7.0,,,,5.106666667,5.0,Fase 2 (5° e 6° ano),-1,1,2,Ágata,Pública,9.002,5.106666667,-1,-1,False,False,False
RA-1028,2024,1B,1B,Aluno-1028,12,Masculino,2023,Pública,Ametista,7.1404338602,8.002,7.055335968,5.63,6.875,7.5,6.0,9.0,,,,8.393333333,5.0,Fase 3 (7° e 8° ano),-2,1,3,Ametista,Pública,8.002,8.393333333,-2,-2,False,False,False
RA-922,2024,1C,1C,Aluno-922,9,Feminino,2023,Pública,Topázio,8.5209954545,9.002,9.5227272725,7.51,7.8125,7.75,7.5,8.0,,,,8.17,10.0,Fase 1 (3° e 4° ano),0,1,1,Topázio,Pública,9.002,8.17,0,0,False,False,False
RA-684,2024,1C,1C,Aluno-684,9,Masculino,2022,Privada,Ametista,7.769381818200001,10.0,9.090909091,7.51,7.5,4.25,2.5,6.0,,,,8.0,10.0,Fase 1 (3° e 4° ano),0,1,1,Ametista,Privada,10.002,8.0,0,0,False,False,False
RA-1031,2024,1C,1C,Aluno-1031,11,Masculino,2023,Pública,Agata,6.8757227273,9.502,8.6363636365,7.51,5.3125,6.25,5.5,7.0,,,,5.83,5.0,Fase 2 (5° e 6° ano),-1,1,2,Ágata,Pública,9.502,5.83,-1,-1,False,False,False
RA-892,2024,1C,1C,Aluno-892,9,Masculino,2023,Pública,Topázio,8.697700000000001,8.002,10.0,7.51,8.125,8.75,10.0,7.5,,,,7.92,10.0,Fase 1 (3° e 4° ano),0,1,1,Topázio,Pública,8.002,7.92,0,0,False,False,False
RA-1029,2024,1C,1C,Aluno-1029,10,Feminino,2023,Pública,Ametista,7.797790909100001,9.002,8.7954545455,6.885,7.5,8.75,8.0,9.5,,,,7.25,5.0,Fase 2 (5° e 6° ano),-1,1,2,Ametista,Pública,9.002,7.25,-1,-1,False,False,False
RA-1032,2024,1C,1C,Aluno-1032,11,Masculino,2023,Pública,Topázio,8.01645,8.502,9.75,7.51,7.8125,8.0,9.0,7.0,,,,7.92,5.0,Fase 2 (5° e 6° ano),-1,1,2,Topázio,Pública,8.502,7.92,-1,-1,False,False,False
RA-894,2024,1C,1C,Aluno-894,10,Feminino,2023,Pública,Topázio,8.67895,10.0,10.0,7.51,8.4375,9.5,9.0,10.0,,,,8.42,5.0,Fase 2 (5° e 6° ano),-1,1,2,Topázio,Pública,10.002,8.42,-1,-1,False,False,False
RA-1401,2024,1C,1C,Aluno-1401,13,Masculino,2024,Pública,Topázio,8.1188277778,6.918,8.888888889,7.51,7.8125,10.0,10.0,10.0,,,,8.085,5.0,Fase 3 (7° e 8° ano),-2,1,3,Topázio,Pública,6.918,8.085,-2,-2,False,False,False
RA-896,2024,1C,1C,Aluno-896,8,Masculino,2023,Pública,Topázio,8.2852454545,8.502,9.7727272725,7.51,8.125,6.5,6.5,6.5,,,,8.085,10.0,Fase 1 (3° e 4° ano),0,1,1,Topázio,Pública,8.502,8.085,0,0,False,False,False
RA-693,2024,1C,1C,Aluno-693,9,Feminino,2022,Pública,Topázio,8.9079954545,10.0,9.5227272725,9.38,7.8125,8.0,8.0,8.0,,,,8.42,10.0,Fase 1 (3° e 4° ano),0,1,1,Topázio,Pública,10.002,8.42,0,0,False,False,False
RA-743,2024,1C,1C,Aluno-743,11,Feminino,2022,Pública,Ametista,7.655745454500001,9.002,9.2727272725,7.51,7.5,7.0,6.5,7.5,,,,7.5,5.0,Fase 2 (5° e 6° ano),-1,1,2,Ametista,Pública,9.002,7.5,-1,-1,False,False,False
RA-681,2024,1C,1C,Aluno-681,11,Masculino,2022,Privada,Agata,6.0398818182000005,9.502,7.840909091,6.26,5.625,2.5,5.0,0.0,,,,6.665,5.0,Fase 2 (5° e 6° ano),-1,1,2,Ágata,Privada,9.502,6.665,-1,-1,False,False,False
RA-1035,2024,1C,1C,Aluno-1035,10,Masculino,2023,Pública,Ametista,7.833495454500001,9.502,9.0227272725,7.51,8.4375,7.0,6.5,7.5,,,,7.92,5.0,Fase 2 (5° e 6° ano),-1,1,2,Ametista,Pública,9.502,7.92,-1,-1,False,False,False
RA-850,2024,1C,1C,Aluno-850,10,Masculino,2022,Pública,Ametista,7.864245454500001,10.0,9.2727272725,6.255,7.5,7.75,6.0,9.5,,,,7.92,5.0,Fase 2 (5° e 6° ano),-1,1,2,Ametista,Pública,10.002,7.92,-1,-1,False,False,False
RA-1402,2024,1D,1D,Aluno-1402,10,Feminino,2024,Pública,Topázio,8.588040909100002,10.0,9.5454545455,7.51,8.4375,7.25,7.0,7.5,,,,8.17,10.0,Fase 1 (3° e 4° ano),0,1,1,Topázio,Pública,10.002,8.17,0,0,False,False,False
RA-1403,2024,1D,1D,Aluno-1403,11,Feminino,2024,Pública,Topázio,8.257421861500001,9.002,9.3073593075,7.51,8.4375,8.75,7.5,10.0,,,,8.255,5.0,Fase 2 (5° e 6° ano),-1,1,2,Topázio,Pública,9.002,8.255,-1,-1,False,False,False
RA-1404,2024,1D,1D,Aluno-1404,9,Feminino,2024,Pública,Topázio,8.3971318182,8.502,9.090909091,7.51,8.4375,7.5,6.0,9.0,,,,8.17,10.0,Fase 1 (3° e 4° ano),0,1,1,Topázio,Pública,8.502,8.17,0,0,False,False,False
RA-923,2024,1D,1D,Aluno-923,9,Feminino,2023,Pública,Ametista,7.688609090900001,8.002,7.9545454545,7.51,8.125,5.5,5.0,6.0,,,,8.17,10.0,Fase 1 (3° e 4° ano),0,1,1,Ametista,Pública,8.002,8.17,0,0,False,False,False
RA-847,2024,1D,1D,Aluno-847,11,Masculino,2022,Pública,Quartzo,5.009290909100001,9.002,4.5454545455,5.01,7.5,1.0,0.0,2.0,,,,6.245,5.0,Fase 2 (5° e 6° ano),-1,1,2,Quartzo,Pública,9.002,6.245,-1,-1,False,False,False
RA-1405,2024,1D,1D,Aluno-1405,10,Feminino,2024,Pública,Topázio,8.4749727273,8.002,8.6363636365,7.51,8.125,8.75,8.0,9.5,,,,8.17,10.0,Fase 1 (3° e 4° ano),0,1,1,Topázio,Pública,8.002,8.17,0,0,False,False,False
RA-1406,2024,1D,1D,Aluno-1406,10,Feminino,2024,Pública,Ametista,7.8186772727000005,8.002,8.8636363635,7.51,8.4375,7.5,5.5,9.5,,,,8.255,5.0,Fase 2 (5° e 6° ano),-1,1,2,Ametista,Pública,8.002,8.255,-1,-1,False,False,False
RA-1407,2024,1D,1D,Aluno-1407,10,Masculino,2024,Pública,Ametista,7.546086363600001,10.0,9.318181818,7.51,7.8125,5.75,5.5,6.0,,,,7.5,5.0,Fase 2 (5° e 6° ano),-1,1,2,Ametista,Pública,10.002,7.5,-1,-1,False,False,False
RA-1408,2024,1D,1D,Aluno-1408,11,Masculino,2024,Pública,Ametista,7.626768181800001,10.0,8.409090909,7.51,8.4375,6.75,5.5,8.0,,,,7.5,5.0,Fase 2 (5° e 6° ano),-1,1,2,Ametista,Pública,10.002,7.5,-1,-1,False,False,False
RA-1409,2024,1D,1D,Aluno-1409,10,Masculino,2024,Pública,Ametista,7.863131818100001,10.0,9.0909090905,7.51,8.4375,7.25,7.5,7.0,,,,7.5,5.0,Fase 2 (5° e 6° ano),-1,1,2,Ametista,Pública,10.002,7.5,-1,-1,False,False,False
RA-1410,2024,1E,1E,Aluno-1410,11,Masculino,2024,Pública,Ametista,7.5319272727,9.002,8.1136363635,7.51,8.75,6.25,6.5,6.0,,,,8.165,5.0,Fase 2 (5° e 6° ano),-1,1,2,Ametista,Pública,9.002,8.165,-1,-1,False,False,False
RA-874,2024,1E,1E,Aluno-874,10,Masculino,2023,Pública,Ametista,7.0235939394,9.502,4.696969697,6.26,8.75,7.75,6.0,9.5,,,,7.915,5.0,Fase 2 (5° e 6° ano),-1,1,2,Ametista,Pública,9.502,7.915,-1,-1,False,False,False
RA-1411,2024,1E,1E,Aluno-1411,11,Masculino,2024,Pública,Agata,6.886950000000001,9.002,9.5,6.26,8.4375,2.75,5.5,0.0,,,,7.835,5.0,Fase 2 (5° e 6° ano),-1,1,2,Ágata,Pública,9.002,7.835,-1,-1,False,False,False
RA-1412,2024,1E,1E,Aluno-1412,10,Masculino,2024,Pública,Topázio,9.204671861500001,10.0,9.3073593075,7.51,8.75,9.75,10.0,9.5,,,,8.835,10.0,Fase 1 (3° e 4° ano),0,1,1,Topázio,Pública,10.002,8.835,0,0,False,False,False
RA-690,2024,1E,1E,Aluno-690,11,Feminino,2022,Pública,Ametista,7.3853681818000005,7.918,8.409090909,7.51,8.4375,6.25,7.5,5.0,,,,7.835,5.0,Fase 2 (5° e 6° ano),-1,1,2,Ametista,Pública,7.918,7.835,-1,-1,False,False,False
RA-1413,2024,1E,1E,Aluno-1413,12,Masculino,2024,Pública,Ametista,7.747564718600001,9.002,8.593073593,7.51,8.4375,7.25,7.5,7.0,,,,7.92,5.0,Fase 3 (7° e 8° ano),-2,1,3,Ametista,Pública,9.002,7.92,-2,-2,False,False,False
RA-1414,2024,1E,1E,Aluno-1414,10,Feminino,2024,Pública,Topázio,8.840007359300001,9.502,9.2965367965,6.885,8.75,8.5,10.0,7.0,,,,8.835,10.0,Fase 1 (3° e 4° ano),0,1,1,Topázio,Pública,9.502,8.835,0,0,False,False,False
RA-995,2024,1E,1E,Aluno-995,12,Feminino,2023,Pública,Quartzo,5.110372077899999,10.0,5.3896103895,5.635,7.1875,2.0,0.0,4.0,,,,4.25,5.0,Fase 3 (7° e 8° ano),-2,1,3,Quartzo,Pública,10.002,4.25,-2,-2,False,False,False
RA-853,2024,1G,1G,Aluno-853,10,Feminino,2022,Pública,Ametista,7.986866666600001,8.502,9.5833333335,6.26,8.333333333,6.25,6.5,6.0,,,,7.553333333,10.0,Fase 1 (3° e 4° ano),0,1,1,Ametista,Pública,8.502,7.553333333,0,0,False,False,False
RA-854,2024,1G,1G,Aluno-854,9,Feminino,2022,Pública,Ametista,7.826199999900001,9.502,10.0,6.26,5.833333333,7.0,7.0,7.0,,,,6.333333333,10.0,Fase 1 (3° e 4° ano),0,1,1,Ametista,Pública,9.502,6.333333333,0,0,False,False,False
RA-1415,2024,1G,1G,Aluno-1415,10,Feminino,2024,Pública,Ametista,7.3712454546,8.002,9.7727272725,6.26,7.291666667,6.75,6.5,7.0,,,,7.056666667,5.0,Fase 2 (5° e 6° ano),-1,1,2,Ametista,Pública,8.002,7.056666667,-1,-1,False,False,False
RA-842,2024,1G,1G,Aluno-842,10,Feminino,2022,Pública,Ametista,7.072914756400001,8.502,7.549407115,6.26,6.875,7.5,6.0,9.0,,,,6.996666667,5.0,Fase 2 (5° e 6° ano),-1,1,2,Ametista,Pública,8.502,6.996666667,-1,-1,False,False,False
RA-700,2024,1G,1G,Aluno-700,11,Feminino,2022,Pública,Ametista,7.005745454500001,8.502,9.564393939,5.635,7.291666667,5.25,5.0,5.5,,,,7.0,5.0,Fase 2 (5° e 6° ano),-1,1,2,Ametista,Pública,8.502,7.0,-1,-1,False,False,False
RA-1416,2024,1G,1G,Aluno-1416,12,Feminino,2024,Pública,Ametista,7.375503030400001,8.502,8.2765151515,7.51,7.916666667,7.75,6.5,9.0,,,,6.386666667,5.0,Fase 2 (5° e 6° ano),-1,1,2,Ametista,Pública,8.502,6.386666667,-1,-1,False,False,False
RA-911,2024,1G,1G,Aluno-911,12,Masculino,2023,Pública,Quartzo,5.4552454547,8.002,4.772727273,7.51,6.041666667,4.5,5.0,4.0,,,,4.726666667,5.0,Fase 3 (7° e 8° ano),-2,1,3,Quartzo,Pública,8.002,4.726666667,-2,-2,False,False,False
RA-859,2024,1G,1G,Aluno-859,9,Feminino,2022,Pública,Topázio,8.5817909091,8.002,9.337121212,7.51,8.958333333,8.0,8.0,8.0,,,,8.336666667,10.0,Fase 1 (3° e 4° ano),0,1,1,Topázio,Pública,8.002,8.336666667,0,0,False,False,False
RA-860,2024,1G,1G,Aluno-860,9,Masculino,2022,Pública,Topázio,8.7738666667,9.002,9.7916666665,7.51,8.75,8.5,8.0,9.0,,,,7.946666667,10.0,Fase 1 (3° e 4° ano),0,1,1,Topázio,Pública,9.002,7.946666667,0,0,False,False,False
RA-727,2024,1G,1G,Aluno-727,10,Masculino,2022,Pública,Topázio,8.447003030300001,10.0,8.4848484845,6.26,8.125,8.5,10.0,7.0,,,,8.056666667,10.0,Fase 1 (3° e 4° ano),0,1,1,Topázio,Pública,10.002,8.056666667,0,0,False,False,False
RA-1417,2024,1G,1G,Aluno-1417,10,Masculino,2024,Pública,Ametista,7.7436242424,9.002,9.337121212,7.51,6.25,9.0,10.0,8.0,,,,6.5,5.0,Fase 2 (5° e 6° ano),-1,1,2,Ametista,Pública,9.002,6.5,-1,-1,False,False,False
RA-910,2024,1G,1G,Aluno-910,9,Masculino,2023,Pública,Topázio,8.1163818182,8.502,8.674242424500001,7.51,7.916666667,7.5,9.0,6.0,,,,7.443333333,10.0,Fase 1 (3° e 4° ano),0,1,1,Topázio,Pública,8.502,7.443333333,0,0,False,False,False
RA-840,2024,1G,1G,Aluno-840,10,Masculino,2022,Pública,Topázio,8.5912909091,9.502,9.337121212,7.51,8.333333333,8.0,7.0,9.0,,,,7.946666667,10.0,Fase 1 (3° e 4° ano),0,1,1,Topázio,Pública,9.502,7.946666667,0,0,False,False,False
RA-926,2024,1G,1G,Aluno-926,10,Feminino,2023,Pública,Ametista,7.7830787878,9.002,9.7727272725,7.51,8.333333333,7.0,7.0,7.0,,,,7.22,5.0,Fase 2 (5° e 6° ano),-1,1,2,Ametista,Pública,9.002,7.22,-1,-1,False,False,False
RA-1418,2024,1G,1G,Aluno-1418,11,Masculino,2024,Pública,Ametista,7.7352909091000015,8.502,9.128787879,7.51,7.916666667,8.25,8.5,8.0,,,,6.833333333,5.0,Fase 2 (5° e 6° ano),-1,1,2,Ametista,Pública,8.502,6.833333333,-1,-1,False,False,False
RA-927,2024,1G,1G,Aluno-927,10,Feminino,2023,Pública,Ametista,7.9921696969000005,8.002,9.318181818,7.51,8.333333333,6.5,7.0,6.0,,,,7.22,10.0,Fase 1 (3° e 4° ano),0,1,1,Ametista,Pública,8.002,7.22,0,0,False,False,False
RA-672,2024,1H,1H,Aluno-672,11,Feminino,2021,Pública,Quartzo,4.2118138341,7.918,3.9525691700000003,6.26,6.041666667,0.0,0.0,0.0,,,,4.496666667,5.0,Fase 2 (5° e 6° ano),-1,1,2,Quartzo,Pública,7.918,4.496666667,-1,-1,False,False,False
RA-1043,2024,1H,1H,Aluno-1043,11,Masculino,2023,Pública,Ametista,7.539847562500002,10.0,7.994071146,7.51,7.291666667,8.25,8.5,8.0,,,,6.553333333,5.0,Fase 2 (5° e 6° ano),-1,1,2,Ametista,Pública,10.002,6.553333333,-1,-1,False,False,False
RA-738,2024,1H,1H,Aluno-738,10,Feminino,2022,Pública,Ametista,7.2626980238000005,10.0,7.292490119,6.885,6.875,7.25,7.5,7.0,,,,7.39,5.0,Fase 2 (5° e 6° ano),-1,1,2,Ametista,Pública,10.002,7.39,-1,-1,False,False,False
RA-1419,2024,1H,1H,Aluno-1419,10,Feminino,2024,Pública,Topázio,8.7536999999,8.502,10.0,7.51,8.958333333,7.5,6.0,9.0,,,,8.783333333,10.0,Fase 1 (3° e 4° ano),0,1,1,Topázio,Pública,8.502,8.783333333,0,0,False,False,False
RA-704,2024,1H,1H,Aluno-704,12,Masculino,2022,Pública,Agata,6.8121156785000005,7.502,8.646245059,5.635,6.458333333,6.5,6.0,7.0,,,,6.616666667,5.0,Fase 2 (5° e 6° ano),-1,1,2,Ágata,Pública,7.502,6.616666667,-1,-1,False,False,False
RA-705,2024,1H,1H,Aluno-705,12,Masculino,2022,Pública,Quartzo,5.294247619100001,9.002,6.4285714285,5.005,5.625,3.5,2.0,5.0,,,,4.226666667,5.0,Fase 2 (5° e 6° ano),-1,1,2,Quartzo,Pública,9.002,4.226666667,-1,-1,False,False,False
RA-822,2024,1H,1H,Aluno-822,12,Masculino,2022,Pública,Quartzo,5.2645678524,0.0,4.6245059285,5.01,6.666666667,6.75,7.5,6.0,,,,6.61,5.0,Fase 3 (7° e 8° ano),-2,1,3,Quartzo,Pública,0.0,6.61,-2,-2,False,False,False
RA-740,2024,1H,1H,Aluno-740,11,Feminino,2022,Privada,Topázio,8.1611005269,9.002,9.555335968,7.51,8.541666667,8.0,8.0,8.0,,,,8.223333333,5.0,Fase 2 (5° e 6° ano),-1,1,2,Topázio,Privada,9.002,8.223333333,-1,-1,False,False,False
RA-741,2024,1H,1H,Aluno-741,12,Feminino,2022,Pública,Quartzo,5.0795885374,8.418,5.2964426875,5.005,5.833333333,3.75,3.5,4.0,,,,4.223333333,5.0,Fase 2 (5° e 6° ano),-1,1,2,Quartzo,Pública,8.418,4.223333333,-1,-1,False,False,False
RA-1420,2024,1H,1H,Aluno-1420,12,Masculino,2024,Pública,Quartzo,5.6558,7.918,5.520833333500001,6.26,6.458333333,4.5,5.0,4.0,,,,5.44,5.0,Fase 3 (7° e 8° ano),-2,1,3,Quartzo,Pública,7.918,5.44,-2,-2,False,False,False
RA-709,2024,1H,1H,Aluno-709,12,Feminino,2022,Pública,Agata,6.833780895800001,7.418,7.994071146,7.51,6.875,6.0,6.0,6.0,,,,6.773333333,5.0,Fase 2 (5° e 6° ano),-1,1,2,Ágata,Pública,7.418,6.773333333,-1,-1,False,False,False
RA-1421,2024,1H,1H,Aluno-1421,11,Masculino,2024,Pública,Ametista,7.126922222200001,9.002,6.777777778,7.51,6.875,7.5,8.0,7.0,,,,7.163333333,5.0,Fase 2 (5° e 6° ano),-1,1,2,Ametista,Pública,9.002,7.163333333,-1,-1,False,False,False
RA-1422,2024,1J,1J,Aluno-1422,11,Feminino,2024,Pública,Ametista,7.0132,9.502,7.5,7.51,8.125,4.75,0.0,9.5,,,,7.7475,5.0,Fase 2 (5° e 6° ano),-1,1,2,Ametista,Pública,9.502,7.7475,-1,-1,False,False,False
RA-1423,2024,1J,1J,Aluno-1423,11,Masculino,2024,Pública,Agata,6.403450000000001,8.502,5.3125,7.51,7.8125,5.75,4.0,7.5,,,,6.5425,5.0,Fase 2 (5° e 6° ano),-1,1,2,Ágata,Pública,8.502,6.5425,-1,-1,False,False,False
RA-733,2024,1J,1J,Aluno-733,10,Feminino,2022,Pública,Topázio,8.808825,10.0,10.0,7.51,8.90625,9.25,9.0,9.5,,,,9.085,5.0,Fase 2 (5° e 6° ano),-1,1,2,Topázio,Pública,10.002,9.085,-1,-1,False,False,False
RA-836,2024,1J,1J,Aluno-836,11,Masculino,2022,Pública,Agata,6.0234537878,9.502,6.439393939,7.51,7.34375,2.75,5.5,0.0,,,,6.25,5.0,Fase 2 (5° e 6° ano),-1,1,2,Ágata,Pública,9.502,6.25,-1,-1,False,False,False
RA-1424,2024,1J,1J,Aluno-1424,12,Feminino,2024,Pública,Ametista,7.5543388889,9.002,8.9444444445,7.51,7.8125,7.25,7.5,7.0,,,,6.915,5.0,Fase 2 (5° e 6° ano),-1,1,2,Ametista,Pública,9.002,6.915,-1,-1,False,False,False
RA-1425,2024,1J,1J,Aluno-1425,12,Masculino,2024,Pública,Agata,6.8290988095000005,9.002,6.7976190475,7.51,7.34375,7.0,6.0,8.0,,,,5.92,5.0,Fase 2 (5° e 6° ano),-1,1,2,Ágata,Pública,9.002,5.92,-1,-1,False,False,False
RA-1426,2024,1J,1J,Aluno-1426,11,Feminino,2023,Pública,Quartzo,5.8367476190000005,9.502,5.845238095,7.51,7.5,2.75,5.5,0.0,,,,5.8325,5.0,Fase 2 (5° e 6° ano),-1,1,2,Quartzo,Pública,9.502,5.8325,-1,-1,False,False,False
RA-716,2024,1J,1J,Aluno-716,11,Masculino,2022,Pública,Agata,6.2372943675000005,9.002,5.5335968375,7.51,6.71875,5.75,5.5,6.0,,,,5.7875,5.0,Fase 2 (5° e 6° ano),-1,1,2,Ágata,Pública,9.002,5.7875,-1,-1,False,False,False
RA-1049,2024,1J,1J,Aluno-1049,11,Masculino,2023,Pública,Agata,6.821885606,9.502,8.03030303,7.51,7.65625,4.5,4.0,5.0,,,,6.745,5.0,Fase 2 (5° e 6° ano),-1,1,2,Ágata,Pública,9.502,6.745,-1,-1,False,False,False
RA-1427,2024,1J,1J,Aluno-1427,11,Feminino,2024,Pública,Topázio,8.425325,9.502,10.0,7.51,8.90625,8.0,6.5,9.5,,,,8.6675,5.0,Fase 2 (5° e 6° ano),-1,1,2,Topázio,Pública,9.502,8.6675,-1,-1,False,False,False
RA-1052,2024,1J,1J,Aluno-1052,10,Masculino,2023,Pública,Ametista,7.744032575800001,5.834,9.128787879,6.26,8.59375,8.25,8.5,8.0,,,,8.4975,5.0,Fase 2 (5° e 6° ano),-1,1,2,Ametista,Pública,5.834,8.4975,-1,-1,False,False,False
RA-719,2024,1J,1J,Aluno-719,12,Masculino,2021,Pública,Ametista,7.1193969697,10.0,7.3484848485,7.51,7.5,6.5,5.0,8.0,,,,6.7425,5.0,Fase 2 (5° e 6° ano),-1,1,2,Ametista,Pública,10.002,6.7425,-1,-1,True,False,False
RA-1055,2024,1J,1J,Aluno-1055,12,Masculino,2023,Pública,Agata,6.403040909100001,10.0,5.7954545455,7.51,7.1875,5.5,4.0,7.0,,,,5.87,5.0,Fase 3 (7° e 8° ano),-2,1,3,Ágata,Pública,10.002,5.87,-2,-2,False,False,False
RA-747,2024,1K,1K,Aluno-747,12,Feminino,2022,Pública,Quartzo,5.8450809523,10.0,8.095238095,5.005,7.083333333,2.25,4.5,0.0,,,,5.335,5.0,Fase 3 (7° e 8° ano),-2,1,3,Quartzo,Pública,10.002,5.335,-2,-2,False,False,False
RA-928,2024,1K,1K,Aluno-928,9,Feminino,2023,Pública,Topázio,8.8733666667,8.002,10.0,7.51,8.541666667,8.75,8.5,9.0,,,,8.59,10.0,Fase 1 (3° e 4° ano),0,1,1,Topázio,Pública,8.002,8.59,0,0,False,False,False
RA-748,2024,1K,1K,Aluno-748,11,Masculino,2021,Pública,Topázio,8.2272,9.502,10.0,7.51,8.75,7.75,7.5,8.0,,,,8.005,5.0,Fase 2 (5° e 6° ano),-1,1,2,Topázio,Pública,9.502,8.005,-1,-1,False,True,False
RA-769,2024,1K,1K,Aluno-769,11,Feminino,2022,Pública,Ametista,7.099342857200002,10.0,5.9523809525,7.51,7.916666667,6.0,6.0,6.0,,,,8.33,5.0,Fase 2 (5° e 6° ano),-1,1,2,Ametista,Pública,10.002,8.33,-1,-1,False,False,False
RA-876,2024,1K,1K,Aluno-876,9,Masculino,2023,Pública,Ametista,7.612057142800001,8.502,9.0476190475,7.51,8.333333333,3.75,7.5,0.0,,,,8.09,10.0,Fase 1 (3° e 4° ano),0,1,1,Ametista,Pública,8.502,8.09,0,0,False,False,False
RA-776,2024,1K,1K,Aluno-776,11,Feminino,2022,Pública,Quartzo,5.178509523800001,7.917,5.9523809525,5.63,8.333333333,0.0,0.0,0.0,,,,6.5,5.0,Fase 2 (5° e 6° ano),-1,1,2,Quartzo,Pública,7.917,6.5,-1,-1,False,False,False
RA-753,2024,1K,1K,Aluno-753,10,Feminino,2022,Pública,Topázio,8.2450571429,10.0,9.047619048,7.51,8.333333333,8.5,9.0,8.0,,,,8.255,5.0,Fase 2 (5° e 6° ano),-1,1,2,Topázio,Pública,10.002,8.255,-1,-1,False,False,False
RA-601,2024,1K,1K,Aluno-601,10,Masculino,2021,Pública,Topázio,8.5107,9.502,10.0,7.505,8.75,8.75,9.5,8.0,,,,8.425,5.0,Fase 2 (5° e 6° ano),-1,1,2,Topázio,Pública,9.502,8.425,-1,-1,False,False,False
RA-955,2024,1K,1K,Aluno-955,11,Feminino,2023,Pública,Agata,6.245452381,0.0,6.904761905,7.51,8.125,5.75,6.5,5.0,,,,8.255,5.0,Fase 2 (5° e 6° ano),-1,1,2,Ágata,Pública,0.0,8.255,-1,-1,False,False,False
RA-831,2024,1K,1K,Aluno-831,10,Masculino,2022,Pública,Topázio,8.0066285715,10.0,9.523809524,6.26,7.916666667,7.75,6.5,9.0,,,,8.17,5.0,Fase 2 (5° e 6° ano),-1,1,2,Topázio,Pública,10.002,8.17,-1,-1,False,False,False
RA-1067,2024,1K,1K,Aluno-1067,11,Masculino,2023,Pública,Ametista,7.840033333300001,10.0,8.333333332999999,7.51,8.541666667,6.75,6.5,7.0,,,,8.59,5.0,Fase 2 (5° e 6° ano),-1,1,2,Ametista,Pública,10.002,8.59,-1,-1,False,False,False
RA-1058,2024,1K,1K,Aluno-1058,10,Feminino,2023,Pública,Ametista,7.703347619,9.168,8.095238095,6.88,8.125,7.75,7.5,8.0,,,,8.085,5.0,Fase 2 (5° e 6° ano),-1,1,2,Ametista,Pública,9.168,8.085,-1,-1,False,False,False
RA-757,2024,1K,1K,Aluno-757,11,Feminino,2022,Pública,Ametista,7.938842857200001,9.502,9.285714286000001,7.51,8.125,7.0,6.5,7.5,,,,8.34,5.0,Fase 2 (5° e 6° ano),-1,1,2,Ametista,Pública,9.502,8.34,-1,-1,False,False,False
RA-794,2024,1K,1K,Aluno-794,10,Feminino,2022,Pública,Ametista,7.145652380900001,9.502,6.9047619045,7.51,8.125,3.0,6.0,0.0,,,,8.255,10.0,Fase 1 (3° e 4° ano),0,1,1,Ametista,Pública,9.502,8.255,0,0,False,False,False
RA-960,2024,1K,1K,Aluno-960,11,Masculino,2023,Pública,Quartzo,5.286047619,0.0,8.095238095,7.51,7.5,3.0,6.0,0.0,,,,5.33,5.0,Fase 2 (5° e 6° ano),-1,1,2,Quartzo,Pública,0.0,5.33,-1,-1,False,False,False
RA-587,2024,1L,1L,Aluno-587,12,Masculino,2022,Pública,Agata,6.817057142900001,9.002,7.380952381,7.51,7.916666667,6.25,6.5,6.0,,,,5.74,5.0,Fase 3 (7° e 8° ano),-2,1,3,Ágata,Pública,9.002,5.74,-2,-2,False,False,False
RA-826,2024,1L,1L,Aluno-826,10,Masculino,2022,Pública,Ametista,7.9442,10.0,10.0,6.26,7.5,6.75,5.5,8.0,,,,8.59,5.0,Fase 2 (5° e 6° ano),-1,1,2,Ametista,Pública,10.002,8.59,-1,-1,False,False,False
RA-789,2024,1L,1L,Aluno-789,9,Feminino,2022,Pública,Topázio,8.0443904763,9.002,9.047619048,7.51,9.166666667,5.25,5.5,5.0,,,,8.085,10.0,Fase 1 (3° e 4° ano),0,1,1,Topázio,Pública,9.002,8.085,0,0,False,False,False
RA-1056,2024,1L,1L,Aluno-1056,10,Masculino,2023,Pública,Topázio,8.192009523800001,8.502,9.2857142855,7.51,9.166666667,8.25,8.5,8.0,,,,8.335,5.0,Fase 2 (5° e 6° ano),-1,1,2,Topázio,Pública,8.502,8.335,-1,-1,False,False,False
RA-1428,2024,1L,1L,Aluno-1428,10,Masculino,2024,Pública,Topázio,8.006108496800001,8.502,8.8562091505,7.51,9.166666667,8.0,7.0,9.0,,,,8.085,5.0,Fase 2 (5° e 6° ano),-1,1,2,Topázio,Pública,8.502,8.085,-1,-1,False,False,False
RA-830,2024,1L,1L,Aluno-830,11,Feminino,2022,Pública,Ametista,7.1373428571,9.002,7.619047619,5.63,8.333333333,6.75,6.5,7.0,,,,7.335,5.0,Fase 2 (5° e 6° ano),-1,1,2,Ametista,Pública,9.002,7.335,-1,-1,False,False,False
RA-780,2024,1L,1L,Aluno-780,11,Feminino,2022,Pública,Ametista,7.7430333333,9.502,10.0,5.63,8.958333333,6.0,6.0,6.0,,,,8.17,5.0,Fase 2 (5° e 6° ano),-1,1,2,Ametista,Pública,9.502,8.17,-1,-1,False,False,False
RA-1057,2024,1L,1L,Aluno-1057,10,Feminino,2023,Pública,Topázio,8.2352,10.0,10.0,6.26,8.75,8.0,8.0,8.0,,,,8.17,5.0,Fase 2 (5° e 6° ano),-1,1,2,Topázio,Pública,10.002,8.17,-1,-1,False,False,False
RA-1062,2024,1L,1L,Aluno-1062,10,Masculino,2023,Pública,Ametista,7.6147238096,8.002,9.047619048,5.63,8.75,7.25,6.5,8.0,,,,8.085,5.0,Fase 2 (5° e 6° ano),-1,1,2,Ametista,Pública,8.002,8.085,-1,-1,False,False,False
RA-1429,2024,1L,1L,Aluno-1429,11,Masculino,2024,Pública,Topázio,8.041811111100001,9.502,8.888888889,7.51,8.958333333,7.75,8.5,7.0,,,,8.085,5.0,Fase 2 (5° e 6° ano),-1,1,2,Topázio,Pública,9.502,8.085,-1,-1,False,False,False
RA-1430,2024,1L,1L,Aluno-1430,11,Masculino,2024,Pública,Ametista,7.864033333300001,8.502,10.0,7.51,8.958333333,6.25,6.0,6.5,,,,8.085,5.0,Fase 2 (5° e 6° ano),-1,1,2,Ametista,Pública,8.502,8.085,-1,-1,False,False,False
RA-767,2024,1L,1L,Aluno-767,12,Masculino,2021,Pública,Topázio,8.131890476200002,9.502,9.0476190475,7.51,8.541666667,8.25,8.5,8.0,,,,8.085,5.0,Fase 3 (7° e 8° ano),-2,1,3,Topázio,Pública,9.502,8.085,-2,-2,False,False,False
RA-943,2024,1L,1L,Aluno-943,9,Feminino,2023,Pública,Topázio,8.965033333300001,10.0,10.0,7.51,8.958333333,8.0,7.0,9.0,,,,8.59,10.0,Fase 1 (3° e 4° ano),0,1,1,Topázio,Pública,10.002,8.59,0,0,False,False,False
RA-782,2024,1L,1L,Aluno-782,10,Masculino,2022,Pública,Topázio,8.1896285714,9.502,7.8571428569999995,7.51,7.5,7.75,7.5,8.0,,,,8.085,10.0,Fase 1 (3° e 4° ano),0,1,1,Topázio,Pública,9.502,8.085,0,0,False,False,False
RA-795,2024,1L,1L,Aluno-795,10,Feminino,2022,Pública,Topázio,8.441414285700002,9.502,9.761904762,6.26,8.958333333,9.5,10.0,9.0,,,,8.085,5.0,Fase 2 (5° e 6° ano),-1,1,2,Topázio,Pública,9.502,8.085,-1,-1,False,False,False
RA-1431,2024,1M,1M,Aluno-1431,11,Feminino,2024,Pública,Ametista,7.9147292443,9.002,7.7432712215,7.51,7.96875,8.0,8.0,8.0,,,,9.09,5.0,Fase 2 (5° e 6° ano),-1,1,2,Ametista,Pública,9.002,9.09,-1,-1,False,False,False
RA-1432,2024,1M,1M,Aluno-1432,10,Feminino,2024,Pública,Topázio,8.774075000000002,10.0,10.0,7.51,9.21875,9.5,10.0,9.0,,,,8.505,5.0,Fase 2 (5° e 6° ano),-1,1,2,Topázio,Pública,10.002,8.505,-1,-1,False,False,False
RA-1433,2024,1M,1M,Aluno-1433,10,Feminino,2024,Pública,Topázio,8.1939895962,8.502,9.068322981,7.51,8.28125,8.75,8.0,9.5,,,,8.505,5.0,Fase 2 (5° e 6° ano),-1,1,2,Topázio,Pública,8.502,8.505,-1,-1,False,False,False
RA-1434,2024,1M,1M,Aluno-1434,10,Masculino,2024,Pública,Topázio,8.2775982919,8.502,7.9813664595,6.26,9.53125,9.0,10.0,8.0,,,,9.76,5.0,Fase 2 (5° e 6° ano),-1,1,2,Topázio,Pública,8.502,9.76,-1,-1,False,False,False
RA-958,2024,1M,1M,Aluno-958,9,Feminino,2023,Pública,Topázio,9.531325,10.0,10.0,6.26,9.53125,10.0,10.0,10.0,,,,9.76,10.0,Fase 1 (3° e 4° ano),0,1,1,Topázio,Pública,10.002,9.76,0,0,False,False,False
RA-961,2024,1M,1M,Aluno-961,10,Masculino,2023,Pública,Agata,6.529417908900001,9.002,8.8923395445,6.26,5.9375,5.5,6.0,5.0,,,,5.155,5.0,Fase 2 (5° e 6° ano),-1,1,2,Ágata,Pública,9.002,5.155,-1,-1,False,False,False
RA-1435,2024,1M,1M,Aluno-1435,10,Masculino,2024,Pública,Ametista,7.7196166667,9.502,7.833333333500001,7.51,7.1875,7.5,7.5,7.5,,,,6.165,10.0,Fase 1 (3° e 4° ano),0,1,1,Ametista,Pública,9.502,6.165,0,0,False,False,False
RA-755,2024,1M,1M,Aluno-755,10,Masculino,2022,Pública,Topázio,8.925450000000001,10.0,10.0,7.51,9.0625,9.75,10.0,9.5,,,,9.09,5.0,Fase 2 (5° e 6° ano),-1,1,2,Topázio,Pública,10.002,9.09,-1,-1,False,False,False
RA-1436,2024,1M,1M,Aluno-1436,11,Feminino,2024,Pública,Ametista,7.589914648100001,7.418,8.674948240500001,7.51,8.28125,8.0,8.0,8.0,,,,7.17,5.0,Fase 2 (5° e 6° ano),-1,1,2,Ametista,Pública,7.418,7.17,-1,-1,False,False,False
RA-1437,2024,1M,1M,Aluno-1437,11,Feminino,2024,Pública,Ametista,7.982890217400001,8.502,9.347826087,7.51,8.28125,8.0,8.0,8.0,,,,7.92,5.0,Fase 2 (5° e 6° ano),-1,1,2,Ametista,Pública,8.502,7.92,-1,-1,False,False,False
RA-1438,2024,1M,1M,Aluno-1438,10,Feminino,2024,Pública,Topázio,8.176825000000001,10.0,9.0,7.51,8.90625,7.0,6.0,8.0,,,,9.175,5.0,Fase 2 (5° e 6° ano),-1,1,2,Topázio,Pública,10.002,9.175,-1,-1,False,False,False
RA-1439,2024,1M,1M,Aluno-1439,11,Feminino,2024,Pública,Topázio,8.507700000000002,7.502,10.0,7.51,9.375,8.5,9.0,8.0,,,,9.345,5.0,Fase 2 (5° e 6° ano),-1,1,2,Topázio,Pública,7.502,9.345,-1,-1,False,False,False
RA-1440,2024,1M,1M,Aluno-1440,10,Feminino,2024,Pública,Ametista,7.469102691500001,9.002,9.544513457499999,7.51,8.75,4.5,9.0,0.0,,,,8.17,5.0,Fase 2 (5° e 6° ano),-1,1,2,Ametista,Pública,9.002,8.17,-1,-1,False,False,False
RA-1441,2024,1M,1M,Aluno-1441,9,Masculino,2024,Pública,Topázio,8.961646169800002,9.502,9.109730849,7.51,9.375,8.5,9.0,8.0,,,,9.005,10.0,Fase 1 (3° e 4° ano),0,1,1,Topázio,Pública,9.502,9.005,0,0,False,False,False
RA-1442,2024,1M,1M,Aluno-1442,13,Masculino,2024,Pública,Ametista,7.135189648100001,8.002,8.674948240500001,7.51,7.5,7.25,8.5,6.0,,,,5.745,5.0,Fase 3 (7° e 8° ano),-2,1,3,Ametista,Pública,8.002,5.745,-2,-2,False,False,False
RA-1443,2024,1N,1N,Aluno-1443,13,Feminino,2024,Pública,Agata,6.921633333300001,6.918,7.5,6.26,7.708333333,6.75,6.5,7.0,,,,7.415,5.0,Fase 3 (7° e 8° ano),-2,1,3,Ágata,Pública,6.918,7.415,-2,-2,False,False,False
RA-1444,2024,1N,1N,Aluno-1444,11,Masculino,2024,Pública,Agata,6.610588888900001,8.502,5.277777778,7.51,7.708333333,6.0,8.0,4.0,,,,7.415,5.0,Fase 2 (5° e 6° ano),-1,1,2,Ágata,Pública,8.502,7.415,-1,-1,False,False,False
RA-956,2024,1N,1N,Aluno-956,12,Masculino,2023,Pública,Agata,6.1175906455,9.502,6.017786561,6.885,7.083333333,3.25,6.5,0.0,,,,7.085,5.0,Fase 2 (5° e 6° ano),-1,1,2,Ágata,Pública,9.502,7.085,-1,-1,False,False,False
RA-952,2024,1N,1N,Aluno-952,9,Masculino,2023,Pública,Topázio,8.853624242300002,9.502,9.545454545,6.26,8.333333333,8.5,8.0,9.0,,,,9.175,10.0,Fase 1 (3° e 4° ano),0,1,1,Topázio,Pública,9.502,9.175,0,0,False,False,False
RA-939,2024,1N,1N,Aluno-939,12,Feminino,2023,Pública,Ametista,7.051379841899999,9.002,8.8833992095,5.63,8.125,5.0,6.0,4.0,,,,7.495,5.0,Fase 2 (5° e 6° ano),-1,1,2,Ametista,Pública,9.002,7.495,-1,-1,False,False,False
RA-953,2024,1N,1N,Aluno-953,9,Feminino,2023,Pública,Ametista,7.961241502000001,9.002,6.85770751,6.26,8.125,8.5,8.0,9.0,,,,7.755,10.0,Fase 1 (3° e 4° ano),0,1,1,Ametista,Pública,9.002,7.755,0,0,False,False,False
RA-954,2024,1N,1N,Aluno-954,9,Feminino,2023,Pública,Topázio,8.2823798419,9.502,8.8833992095,6.26,8.125,7.75,6.5,9.0,,,,7.835,10.0,Fase 1 (3° e 4° ano),0,1,1,Topázio,Pública,9.502,7.835,0,0,False,False,False
RA-792,2024,1N,1N,Aluno-792,11,Feminino,2022,Pública,Agata,6.036012253,8.502,5.2865612650000005,7.51,8.125,3.25,6.5,0.0,,,,7.075,5.0,Fase 2 (5° e 6° ano),-1,1,2,Ágata,Pública,8.502,7.075,-1,-1,False,False,False
RA-1000,2024,1N,1N,Aluno-1000,9,Feminino,2023,Pública,Topázio,8.364790909100002,9.002,9.5454545455,6.26,8.125,7.75,7.5,8.0,,,,7.835,10.0,Fase 1 (3° e 4° ano),0,1,1,Topázio,Pública,9.002,7.835,0,0,False,False,False
RA-763,2024,1N,1N,Aluno-763,11,Feminino,2021,Pública,Agata,6.984760606,9.002,8.8636363635,6.26,7.708333333,5.25,6.5,4.0,,,,6.825,5.0,Fase 2 (5° e 6° ano),-1,1,2,Ágata,Pública,9.002,6.825,-1,-1,False,False,False
RA-1001,2024,1N,1N,Aluno-1001,10,Feminino,2023,Pública,Ametista,7.7964318841,7.502,9.347826087,7.51,7.916666667,7.75,6.5,9.0,,,,7.92,5.0,Fase 2 (5° e 6° ano),-1,1,2,Ametista,Pública,7.502,7.92,-1,-1,False,False,False
RA-1445,2024,1N,1N,Aluno-1445,10,Feminino,2024,Pública,Ametista,7.842866666700001,9.502,9.5,7.51,7.916666667,7.25,6.5,8.0,,,,7.5,5.0,Fase 2 (5° e 6° ano),-1,1,2,Ametista,Pública,9.502,7.5,-1,-1,False,False,False
RA-1446,2024,1N,1N,Aluno-1446,9,Masculino,2024,Pública,Quartzo,5.9004061924,8.002,6.6501976285,6.26,7.291666667,0.0,0.0,0.0,,,,7.075,10.0,Fase 1 (3° e 4° ano),0,1,1,Quartzo,Pública,8.002,7.075,0,0,False,False,False
RA-768,2024,1N,1N,Aluno-768,12,Feminino,2021,Pública,Ametista,7.0345379447,9.002,7.9841897235,6.26,8.125,5.5,6.0,5.0,,,,7.495,5.0,Fase 2 (5° e 6° ano),-1,1,2,Ametista,Pública,9.002,7.495,-1,-1,False,False,False
RA-1447,2024,1N,1N,Aluno-1447,11,Feminino,2024,Pública,Ametista,7.5402350878,9.502,9.7368421055,7.51,7.916666667,5.25,6.5,4.0,,,,7.75,5.0,Fase 2 (5° e 6° ano),-1,1,2,Ametista,Pública,9.502,7.75,-1,-1,False,False,False
RA-980,2024,1P,1P,Aluno-980,9,Feminino,2023,Pública,Ametista,7.946388311600001,9.002,9.058441558,7.51,7.5,6.25,6.5,6.0,,,,7.4175,10.0,Fase 1 (3° e 4° ano),0,1,1,Ametista,Pública,9.002,7.4175,0,0,False,False,False
RA-982,2024,1P,1P,Aluno-982,8,Masculino,2023,Pública,Topázio,8.119860173100001,10.0,8.365800865499999,7.51,6.875,8.25,6.5,10.0,,,,6.79,10.0,Fase 1 (3° e 4° ano),0,1,1,Topázio,Pública,10.002,6.79,0,0,False,False,False
RA-1448,2024,1P,1P,Aluno-1448,13,Feminino,2024,Pública,Ametista,7.466126406900001,9.002,9.5346320345,7.51,7.5,6.0,6.0,6.0,,,,7.29,5.0,Fase 3 (7° e 8° ano),-2,1,3,Ametista,Pública,9.002,7.29,-2,-2,False,False,False
RA-1070,2024,1P,1P,Aluno-1070,12,Masculino,2023,Pública,Agata,6.287171861500001,9.002,9.3073593075,5.635,6.875,2.25,4.5,0.0,,,,6.6225,5.0,Fase 2 (5° e 6° ano),-1,1,2,Ágata,Pública,9.002,6.6225,-1,-1,False,False,False
RA-985,2024,1P,1P,Aluno-985,9,Masculino,2023,Pública,Topázio,8.2432,8.502,10.0,6.26,7.5,7.5,8.0,7.0,,,,7.585,10.0,Fase 1 (3° e 4° ano),0,1,1,Topázio,Pública,8.502,7.585,0,0,False,False,False
RA-986,2024,1P,1P,Aluno-986,9,Feminino,2023,Pública,Topázio,8.2603406926,10.0,9.2965367965,6.26,7.083333333,8.5,7.5,9.5,,,,6.8325,10.0,Fase 1 (3° e 4° ano),0,1,1,Topázio,Pública,10.002,6.8325,0,0,False,False,False
RA-810,2024,1P,1P,Aluno-810,10,Masculino,2021,Pública,Ametista,7.704770175400001,7.502,9.4736842105,5.635,6.458333333,9.0,8.0,10.0,,,,7.7525,5.0,Fase 2 (5° e 6° ano),-1,1,2,Ametista,Pública,7.502,7.7525,-1,-1,False,False,False
RA-987,2024,1P,1P,Aluno-987,9,Masculino,2023,Pública,Topázio,8.3028861472,9.002,9.0692640695,7.51,7.708333333,7.5,8.0,7.0,,,,7.835,10.0,Fase 1 (3° e 4° ano),0,1,1,Topázio,Pública,9.002,7.835,0,0,False,False,False
RA-988,2024,1P,1P,Aluno-988,10,Feminino,2023,Pública,Topázio,8.1765333333,9.502,10.0,7.51,8.333333333,7.75,6.5,9.0,,,,7.96,5.0,Fase 2 (5° e 6° ano),-1,1,2,Topázio,Pública,9.502,7.96,-1,-1,False,False,False
RA-805,2024,1R,1R,Aluno-805,10,Masculino,2021,Pública,Agata,6.9375869048,8.502,9.523809524,4.38,7.03125,6.0,7.0,5.0,,,,6.7075,5.0,Fase 2 (5° e 6° ano),-1,1,2,Ágata,Pública,8.502,6.7075,-1,-1,False,False,False
RA-806,2024,1R,1R,Aluno-806,10,Masculino,2022,Pública,Agata,6.972777380900001,8.502,6.9047619045,7.51,7.65625,6.75,6.5,7.0,,,,6.875,5.0,Fase 2 (5° e 6° ano),-1,1,2,Ágata,Pública,8.502,6.875,-1,-1,False,False,False
RA-807,2024,1R,1R,Aluno-807,10,Masculino,2022,Pública,Ametista,7.797628571400001,9.002,7.8571428569999995,7.51,7.5,7.0,6.0,8.0,,,,7.125,10.0,Fase 1 (3° e 4° ano),0,1,1,Ametista,Pública,9.002,7.125,0,0,False,False,False
RA-808,2024,1R,1R,Aluno-808,10,Masculino,2022,Pública,Topázio,8.7897,9.002,10.0,7.51,8.125,8.75,7.5,10.0,,,,7.88,10.0,Fase 1 (3° e 4° ano),0,1,1,Topázio,Pública,9.002,7.88,0,0,False,False,False
RA-963,2024,1R,1R,Aluno-963,10,Feminino,2023,Pública,Topázio,8.375080952400001,7.502,9.761904762,7.51,8.125,7.5,5.0,10.0,,,,8.045,10.0,Fase 1 (3° e 4° ano),0,1,1,Topázio,Pública,7.502,8.045,0,0,False,False,False
RA-989,2024,1R,1R,Aluno-989,10,Masculino,2023,Pública,Ametista,7.3743785714,9.502,7.8571428569999995,6.26,7.1875,6.0,6.0,6.0,,,,6.54,10.0,Fase 1 (3° e 4° ano),0,1,1,Ametista,Pública,9.502,6.54,0,0,False,False,False
RA-964,2024,1R,1R,Aluno-964,10,Masculino,2023,Pública,Ametista,7.548241666600001,9.502,8.333333332999999,7.51,7.96875,7.25,7.5,7.0,,,,7.1675,5.0,Fase 2 (5° e 6° ano),-1,1,2,Ametista,Pública,9.502,7.1675,-1,-1,False,False,False
RA-1449,2024,1R,1R,Aluno-1449,10,Feminino,2024,Pública,Ametista,7.214341666700001,7.418,8.3333333335,7.51,7.96875,6.75,6.5,7.0,,,,7.04,5.0,Fase 2 (5° e 6° ano),-1,1,2,Ametista,Pública,7.418,7.04,-1,-1,False,False,False
RA-801,2024,1R,1R,Aluno-801,10,Masculino,2022,Pública,Agata,6.6752,9.002,5.75,7.51,6.25,8.0,7.0,9.0,,,,5.745,5.0,Fase 2 (5° e 6° ano),-1,1,2,Ágata,Pública,9.002,5.745,-1,-1,False,False,False
RA-1450,2024,1R,1R,Aluno-1450,9,Masculino,2024,Pública,Ametista,7.405235714200002,9.502,8.571428571,7.51,7.8125,3.5,0.0,7.0,,,,7.5425,10.0,Fase 1 (3° e 4° ano),0,1,1,Ametista,Pública,9.502,7.5425,0,0,False,False,False
RA-984,2024,1R,1R,Aluno-984,9,Feminino,2023,Pública,Topázio,8.475080952400003,9.502,9.761904762,7.51,8.125,7.0,7.5,6.5,,,,8.045,10.0,Fase 1 (3° e 4° ano),0,1,1,Topázio,Pública,9.502,8.045,0,0,False,False,False
RA-1451,2024,1R,1R,Aluno-1451,11,Feminino,2024,Pública,Ametista,7.560479761900002,10.0,8.8095238095,7.51,7.96875,6.0,6.0,6.0,,,,7.7525,5.0,Fase 2 (5° e 6° ano),-1,1,2,Ametista,Pública,10.002,7.7525,-1,-1,False,False,False
RA-967,2024,1R,1R,Aluno-967,11,Masculino,2023,Pública,Quartzo,5.442610714300001,9.502,3.5714285715,7.51,5.78125,4.75,3.5,6.0,,,,4.995,5.0,Fase 2 (5° e 6° ano),-1,1,2,Quartzo,Pública,9.502,4.995,-1,-1,False,False,False
RA-968,2024,1R,1R,Aluno-968,10,Feminino,2023,Pública,Ametista,7.8403547619000005,9.002,8.8095238095,7.51,8.4375,7.75,8.5,7.0,,,,7.6675,5.0,Fase 2 (5° e 6° ano),-1,1,2,Ametista,Pública,9.002,7.6675,-1,-1,False,False,False
RA-521,2024,2A,2A,Aluno-521,11,Masculino,2022,Privada,Ametista,7.4798428571999995,8.002,9.0357142855,5.005,6.666666667,6.25,7.0,5.5,,,,7.276666667,10.0,Fase 2 (5° e 6° ano),0,2,2,Ametista,Privada,8.002,7.276666667,0,0,False,False,False
RA-821,2024,2A,2A,Aluno-821,11,Masculino,2022,Pública,Agata,6.643866666600001,8.502,5.9166666665,7.51,6.666666667,4.25,4.5,4.0,,,,6.713333333,10.0,Fase 2 (5° e 6° ano),0,2,2,Ágata,Pública,8.502,6.713333333,0,0,False,False,False
RA-1075,2024,2A,2A,Aluno-1075,13,Feminino,2023,Pública,Agata,6.8100812324,7.5,8.5154061625,3.755,7.708333333,6.0,5.0,7.0,,,,7.553333333,5.0,Fase 3 (7° e 8° ano),-1,2,3,Ágata,Pública,7.5,7.553333333,-1,-1,False,False,False
RA-1048,2024,2A,2A,Aluno-1048,11,Feminino,2023,Privada,Ametista,7.5198666666000005,8.502,6.833333333500001,6.255,7.708333333,6.25,6.5,6.0,,,,8.283333333,10.0,Fase 1 (3° e 4° ano),1,2,1,Ametista,Privada,8.502,8.283333333,1,1,False,False,False
RA-1082,2024,2A,2A,Aluno-1082,13,Feminino,2023,Pública,Agata,6.6114857142,7.502,7.5714285715,10.0,7.083333333,3.75,2.0,5.5,,,,6.943333333,5.0,Fase 3 (7° e 8° ano),-1,2,3,Ágata,Pública,7.502,6.943333333,-1,-1,False,False,False
RA-680,2024,2A,2A,Aluno-680,12,Feminino,2021,Pública,Quartzo,4.9800714287000005,0.0,6.6428571430000005,5.635,6.666666667,3.0,2.5,3.5,,,,6.606666667,5.0,Fase 3 (7° e 8° ano),-1,2,3,Quartzo,Pública,0.0,6.606666667,-1,-1,False,True,False
RA-698,2024,2A,2A,Aluno-698,10,Masculino,2021,Pública,Ametista,7.3363190476,9.002,8.3214285715,6.88,7.291666667,4.5,3.0,6.0,,,,7.273333333,10.0,Fase 2 (5° e 6° ano),0,2,2,Ametista,Pública,9.002,7.273333333,0,0,False,False,False
RA-1452,2024,2A,2A,Aluno-1452,12,Masculino,2024,Pública,Topázio,8.6268666667,9.002,10.0,7.51,7.916666667,7.75,7.0,8.5,,,,8.17,10.0,Fase 2 (5° e 6° ano),0,2,2,Topázio,Pública,9.002,8.17,0,0,False,False,False
RA-1453,2024,2A,2A,Aluno-1453,12,Feminino,2021,Pública,Ametista,7.1234857143,8.502,7.8214285715,6.25,7.5,6.5,4.5,8.5,,,,7.67,5.0,Fase 3 (7° e 8° ano),-1,2,3,Ametista,Pública,8.502,7.67,-1,-1,False,False,False
RA-1454,2024,2A,2A,Aluno-1454,10,Feminino,2023,Pública,Ametista,7.7042238095,8.002,5.880952381,7.51,7.708333333,7.75,7.5,8.0,,,,8.28,10.0,Fase 2 (5° e 6° ano),0,2,2,Ametista,Pública,8.002,8.28,0,0,False,False,False
RA-1455,2024,2A,2A,Aluno-1455,12,Feminino,2024,Pública,Agata,6.6442555555,8.002,7.777777778,7.51,7.708333333,3.5,,3.5,,,,7.833333333,5.0,Fase 3 (7° e 8° ano),-1,2,3,Ágata,Pública,8.002,7.833333333,-1,-1,False,False,False
RA-529,2024,2A,2A,Aluno-529,14,Masculino,2021,Pública,Quartzo,5.2661285715,7.002,6.6071428569999995,4.38,4.791666667,4.25,2.5,6.0,,,,4.886666667,5.0,Fase 3 (7° e 8° ano),-1,2,3,Quartzo,Pública,7.002,4.886666667,-1,-1,False,True,False
RA-1456,2024,2A,2A,Aluno-1456,11,Masculino,2024,Pública,Topázio,8.492914285800001,9.502,9.511904762,7.51,7.5,7.75,5.5,10.0,,,,7.946666667,10.0,Fase 2 (5° e 6° ano),0,2,2,Topázio,Pública,9.502,7.946666667,0,0,False,False,False
RA-1015,2024,2B,2B,Aluno-1015,11,Feminino,2023,Pública,Agata,6.643252381000002,7.918,7.8214285715,7.51,6.041666667,4.0,2.0,6.0,,,,5.66,10.0,Fase 2 (5° e 6° ano),0,2,2,Ágata,Pública,7.918,5.66,0,0,False,False,False
RA-483,2024,2B,2B,Aluno-483,13,Feminino,2021,Pública,Agata,6.578604762,8.502,5.6428571430000005,6.26,8.125,5.25,2.0,8.5,,,,8.056666667,5.0,Fase 3 (7° e 8° ano),-1,2,3,Ágata,Pública,8.502,8.056666667,-1,-1,False,True,False
RA-497,2024,2B,2B,Aluno-497,15,Feminino,2021,Privada - Programa de apadrinhamento,Quartzo,4.4960809524,7.502,6.095238095,5.63,5.625,1.0,0.0,2.0,,,,3.506666667,5.0,Fase 3 (7° e 8° ano),-1,2,3,Quartzo,Privada - Programa de Apadrinhamento,7.502,3.506666667,-1,-1,False,True,False
RA-1457,2024,2B,2B,Aluno-1457,12,Feminino,2024,Pública,Agata,6.0197761904,3.498,8.0357142855,7.51,7.291666667,2.75,2.5,3.0,,,,7.663333333,5.0,Fase 3 (7° e 8° ano),-1,2,3,Ágata,Pública,3.498,7.663333333,-1,-1,False,False,False
RA-688,2024,2B,2B,Aluno-688,11,Masculino,2022,Pública,Topázio,8.986533333300002,9.502,10.0,8.13,8.333333333,7.5,6.0,9.0,,,,9.45,10.0,Fase 2 (5° e 6° ano),0,2,2,Topázio,Pública,9.502,9.45,0,0,False,False,False
RA-696,2024,2B,2B,Aluno-696,10,Feminino,2021,Pública,Ametista,7.482680952299999,7.418,7.845238095,7.51,7.708333333,5.25,5.0,5.5,,,,8.0,10.0,Fase 2 (5° e 6° ano),0,2,2,Ametista,Pública,7.418,8.0,0,0,False,False,False
RA-1458,2024,2B,2B,Aluno-1458,12,Feminino,2024,Pública,Quartzo,5.879073684200001,8.751,7.280701754500001,7.51,6.041666667,3.25,0.5,6.0,,,,5.213333333,5.0,Fase 3 (7° e 8° ano),-1,2,3,Quartzo,Pública,8.751,5.213333333,-1,-1,False,False,False
RA-1034,2024,2B,2B,Aluno-1034,11,Masculino,2023,Pública,Topázio,8.0333666666,7.502,8.0833333335,7.51,7.708333333,7.5,7.5,7.5,,,,8.223333333,10.0,Fase 2 (5° e 6° ano),0,2,2,Topázio,Pública,7.502,8.223333333,0,0,False,False,False
RA-491,2024,2B,2B,Aluno-491,12,Masculino,2022,Pública,Agata,6.995247619100001,7.502,9.011904762,7.51,7.083333333,5.25,1.5,9.0,,,,7.166666667,5.0,Fase 3 (7° e 8° ano),-1,2,3,Ágata,Pública,7.502,7.166666667,-1,-1,False,False,False
RA-1027,2024,2B,2B,Aluno-1027,11,Feminino,2023,Pública,Topázio,8.220866666700001,9.502,10.0,7.51,7.916666667,5.25,6.0,4.5,,,,8.39,10.0,Fase 2 (5° e 6° ano),0,2,2,Topázio,Pública,9.502,8.39,0,0,False,False,False
RA-1023,2024,2B,2B,Aluno-1023,10,Feminino,2023,Pública,Topázio,9.498580952300001,9.502,9.511904762,9.375,8.958333333,9.5,9.0,10.0,,,,9.563333333,10.0,Fase 2 (5° e 6° ano),0,2,2,Topázio,Pública,9.502,9.563333333,0,0,False,False,False
RA-686,2024,2C,2C,Aluno-686,11,Feminino,2022,Pública,Topázio,8.040259523700001,8.002,8.7857142855,6.885,8.4375,7.25,5.0,9.5,,,,7.503333333,10.0,Fase 2 (5° e 6° ano),0,2,2,Topázio,Pública,8.002,7.503333333,0,0,False,False,False
RA-480,2024,2C,2C,Aluno-480,12,Feminino,2021,Pública,Ametista,7.260202380900001,6.25,8.0714285715,7.51,7.8125,5.0,2.5,7.5,,,,7.443333333,10.0,Fase 2 (5° e 6° ano),0,2,2,Ametista,Pública,6.25,7.443333333,0,0,False,False,False
RA-1459,2024,2C,2C,Aluno-1459,12,Masculino,2024,Pública,Agata,6.665390476100001,8.002,8.2976190475,7.51,7.5,3.75,2.0,5.5,,,,7.273333333,5.0,Fase 3 (7° e 8° ano),-1,2,3,Ágata,Pública,8.002,7.273333333,-1,-1,False,False,False
RA-1460,2024,2C,2C,Aluno-1460,12,Masculino,2024,Pública,Agata,6.784805263200001,9.502,7.460526316,7.51,6.875,3.25,2.5,4.0,,,,6.27,10.0,Fase 2 (5° e 6° ano),0,2,2,Ágata,Pública,9.502,6.27,0,0,False,False,False
RA-1017,2024,2C,2C,Aluno-1017,12,Masculino,2023,Pública,Ametista,7.345521428500001,9.502,7.8095238095,6.26,7.1875,5.0,2.5,7.5,,,,7.443333333,10.0,Fase 2 (5° e 6° ano),0,2,2,Ametista,Pública,9.502,7.443333333,0,0,False,False,False
RA-499,2024,2C,2C,Aluno-499,12,Masculino,2021,Pública,Ametista,7.5794738095000005,8.502,9.0476190475,7.51,7.1875,4.75,2.0,7.5,,,,7.5,10.0,Fase 2 (5° e 6° ano),0,2,2,Ametista,Pública,8.502,7.5,0,0,False,True,False
RA-514,2024,2C,2C,Aluno-514,11,Feminino,2022,Pública,Agata,6.219580952400001,9.002,7.595238095,4.385,5.625,3.0,3.0,3.0,,,,5.996666667,10.0,Fase 2 (5° e 6° ano),0,2,2,Ágata,Pública,9.002,5.996666667,0,0,False,False,False
RA-1461,2024,2C,2C,Aluno-1461,12,Feminino,2024,Pública,Agata,6.871961904800001,10.0,9.273809524,7.51,7.5,2.75,0.5,5.0,,,,7.33,5.0,Fase 3 (7° e 8° ano),-1,2,3,Ágata,Pública,10.002,7.33,-1,-1,False,False,False
RA-1462,2024,2D,2D,Aluno-1462,13,Feminino,2024,Pública,Ametista,7.6243666666,8.502,10.0,7.51,8.125,6.5,6.0,7.0,,,,7.053333333,5.0,Fase 3 (7° e 8° ano),-1,2,3,Ametista,Pública,8.502,7.053333333,-1,-1,False,False,False
RA-1463,2024,2D,2D,Aluno-1463,12,Masculino,2024,Pública,Topázio,9.074561111000001,8.502,9.722222222,7.51,9.0625,10.0,10.0,10.0,,,,8.113333333,10.0,Fase 2 (5° e 6° ano),0,2,2,Topázio,Pública,8.502,8.113333333,0,0,False,False,False
RA-1464,2024,2D,2D,Aluno-1464,13,Feminino,2024,Pública,Ametista,7.288424359,8.002,7.794871795,7.51,9.0625,6.25,4.0,8.5,,,,7.61,5.0,Fase 3 (7° e 8° ano),-1,2,3,Ametista,Pública,8.002,7.61,-1,-1,False,False,False
RA-687,2024,2D,2D,Aluno-687,11,Masculino,2022,Pública,Topázio,8.2739844611,7.502,9.2355889725,7.51,8.75,7.25,6.5,8.0,,,,8.003333333,10.0,Fase 2 (5° e 6° ano),0,2,2,Topázio,Pública,7.502,8.003333333,0,0,False,False,False
RA-1030,2024,2D,2D,Aluno-1030,12,Masculino,2023,Pública,Ametista,7.7401916040000005,7.418,8.28320802,4.385,7.8125,8.0,10.0,6.0,,,,7.61,10.0,Fase 2 (5° e 6° ano),0,2,2,Ametista,Pública,7.418,7.61,0,0,False,False,False
RA-1465,2024,2D,2D,Aluno-1465,12,Masculino,2024,Pública,Ametista,7.3344666666,7.418,8.75,7.51,8.75,5.75,5.0,6.5,,,,7.833333333,5.0,Fase 3 (7° e 8° ano),-1,2,3,Ametista,Pública,7.418,7.833333333,-1,-1,False,False,False
RA-522,2024,2D,2D,Aluno-522,11,Masculino,2021,Pública,Topázio,8.6777119048,8.002,9.523809524,7.51,8.4375,9.0,9.5,8.5,,,,7.89,10.0,Fase 2 (5° e 6° ano),0,2,2,Topázio,Pública,8.002,7.89,0,0,False,False,False
RA-501,2024,2D,2D,Aluno-501,11,Masculino,2021,Privada,Topázio,8.2779474937,7.002,7.9949874685,7.51,8.4375,8.75,8.5,9.0,,,,8.17,10.0,Fase 2 (5° e 6° ano),0,2,2,Topázio,Privada,7.002,8.17,0,0,False,False,False
RA-1466,2024,2D,2D,Aluno-1466,12,Masculino,2024,Pública,Topázio,8.213723809600001,10.0,7.380952381,7.51,8.75,7.5,7.0,8.0,,,,8.056666667,10.0,Fase 2 (5° e 6° ano),0,2,2,Topázio,Pública,10.002,8.056666667,0,0,False,False,False
RA-502,2024,2D,2D,Aluno-502,10,Feminino,2021,Privada - Programa de Apadrinhamento,Topázio,8.5023309524,9.002,9.761904762,3.755,9.0625,8.0,6.0,10.0,,,,8.84,10.0,Fase 2 (5° e 6° ano),0,2,2,Topázio,Privada - Programa de Apadrinhamento,9.002,8.84,0,0,False,False,False
RA-1467,2024,2D,2D,Aluno-1467,12,Masculino,2024,Pública,Topázio,8.836711278200001,9.002,9.022556391,7.51,8.75,9.25,9.0,9.5,,,,8.28,10.0,Fase 2 (5° e 6° ano),0,2,2,Topázio,Pública,9.002,8.28,0,0,False,False,False
RA-1468,2024,2D,2D,Aluno-1468,12,Feminino,2024,Pública,Topázio,8.1281028822,8.502,8.972431078,7.51,8.4375,7.0,4.5,9.5,,,,7.443333333,10.0,Fase 2 (5° e 6° ano),0,2,2,Topázio,Pública,8.502,7.443333333,0,0,False,False,False
RA-527,2024,2D,2D,Aluno-527,11,Feminino,2022,Pública,Topázio,8.1403666666,9.002,10.0,7.51,8.125,6.0,6.5,5.5,,,,7.383333333,10.0,Fase 2 (5° e 6° ano),0,2,2,Topázio,Pública,9.002,7.383333333,0,0,False,False,False
RA-1469,2024,2D,2D,Aluno-1469,13,Masculino,2024,Pública,Ametista,7.459755555500001,8.502,9.4444444445,7.51,8.75,4.75,6.0,3.5,,,,8.223333333,5.0,Fase 3 (7° e 8° ano),-1,2,3,Ametista,Pública,8.502,8.223333333,-1,-1,False,False,False
RA-1470,2024,2G,2G,Aluno-1470,12,Feminino,2024,Pública,Quartzo,5.967421532000001,8.002,6.35610766,6.26,6.875,5.0,5.0,5.0,,,,5.4125,5.0,Fase 3 (7° e 8° ano),-1,2,3,Quartzo,Pública,8.002,5.4125,-1,-1,False,False,False
RA-1471,2024,2G,2G,Aluno-1471,13,Masculino,2024,Pública,Ametista,7.404455434800001,10.0,7.195652174,7.51,7.65625,7.5,8.0,7.0,,,,7.2425,5.0,Fase 3 (7° e 8° ano),-1,2,3,Ametista,Pública,10.002,7.2425,-1,-1,False,False,False
RA-710,2024,2G,2G,Aluno-710,12,Masculino,2021,Pública,Ametista,7.0366241342,9.168,8.170995671,5.625,7.65625,6.75,8.0,5.5,,,,6.5375,5.0,Fase 3 (7° e 8° ano),-1,2,3,Ametista,Pública,9.168,6.5375,-1,-1,False,True,False
RA-1472,2024,2G,2G,Aluno-1472,11,Masculino,2022,Pública,Topázio,8.773575000000001,8.502,10.0,7.51,7.96875,8.75,9.0,8.5,,,,8.1275,10.0,Fase 2 (5° e 6° ano),0,2,2,Topázio,Pública,8.502,8.1275,0,0,False,False,False
RA-837,2024,2G,2G,Aluno-837,10,Masculino,2022,Pública,Ametista,7.9648467391,7.502,9.782608695499999,6.885,7.03125,6.75,6.0,7.5,,,,7.5825,10.0,Fase 2 (5° e 6° ano),0,2,2,Ametista,Pública,7.502,7.5825,0,0,False,False,False
RA-549,2024,2G,2G,Aluno-549,12,Masculino,2021,Pública,Agata,6.5398187888,10.0,7.204968943999999,6.255,6.40625,5.75,5.0,6.5,,,,5.9125,5.0,Fase 3 (7° e 8° ano),-1,2,3,Ágata,Pública,10.002,5.9125,-1,-1,False,False,False
RA-571,2024,2G,2G,Aluno-571,13,Feminino,2021,Pública,Agata,6.2964554347999995,7.002,8.695652174,4.375,7.03125,5.25,5.0,5.5,,,,5.8325,5.0,Fase 3 (7° e 8° ano),-1,2,3,Ágata,Pública,7.002,5.8325,-1,-1,False,True,False
RA-731,2024,2G,2G,Aluno-731,12,Feminino,2021,Pública,Quartzo,4.7704873377000006,9.502,4.188311688500001,4.375,5.78125,2.5,0.0,5.0,,,,4.835,5.0,Fase 3 (7° e 8° ano),-1,2,3,Quartzo,Pública,9.502,4.835,-1,-1,False,True,False
RA-706,2024,2G,2G,Aluno-706,11,Feminino,2021,Pública,Quartzo,5.8701964286,0.0,7.1428571430000005,6.26,7.65625,3.25,3.0,3.5,,,,7.0,10.0,Fase 2 (5° e 6° ano),0,2,2,Quartzo,Pública,0.0,7.0,0,0,False,False,False
RA-707,2024,2G,2G,Aluno-707,12,Feminino,2021,Pública,Agata,6.4975618421000005,7.917,7.7236842105,4.375,6.40625,6.5,7.0,6.0,,,,6.415,5.0,Fase 3 (7° e 8° ano),-1,2,3,Ágata,Pública,7.917,6.415,-1,-1,False,True,False
RA-1044,2024,2G,2G,Aluno-1044,11,Feminino,2023,Pública,Ametista,7.966711904800001,7.502,9.523809524,7.51,7.1875,7.0,7.0,7.0,,,,7.21,10.0,Fase 2 (5° e 6° ano),0,2,2,Ametista,Pública,7.502,7.21,0,0,False,False,False
RA-1054,2024,2G,2G,Aluno-1054,13,Masculino,2023,Pública,Agata,6.985788509300001,9.502,7.3291925465,7.51,7.1875,6.25,6.0,6.5,,,,6.75,5.0,Fase 3 (7° e 8° ano),-1,2,3,Ágata,Pública,9.502,6.75,-1,-1,False,False,False
RA-721,2024,2G,2G,Aluno-721,10,Feminino,2021,Pública,Topázio,8.8986026915,9.002,9.544513457499999,8.135,8.75,8.25,9.0,7.5,,,,8.755,10.0,Fase 2 (5° e 6° ano),0,2,2,Topázio,Pública,9.002,8.755,0,0,False,False,False
RA-1473,2024,2G,2G,Aluno-1473,13,Masculino,2024,Pública,Agata,6.689320600500001,9.502,8.4368530025,5.625,6.5625,5.25,6.0,4.5,,,,6.415,5.0,Fase 3 (7° e 8° ano),-1,2,3,Ágata,Pública,9.502,6.415,-1,-1,False,False,False
RA-735,2024,2H,2H,Aluno-735,12,Feminino,2021,Pública,Ametista,7.7888467391,8.002,9.782608695499999,6.255,7.65625,8.0,8.0,8.0,,,,7.705,5.0,Fase 3 (7° e 8° ano),-1,2,3,Ametista,Pública,8.002,7.705,-1,-1,False,False,False
RA-712,2024,2H,2H,Aluno-712,13,Masculino,2021,Pública,Agata,6.2236373706000006,7.502,5.983436853,5.625,6.5625,6.75,7.0,6.5,,,,6.04,5.0,Fase 3 (7° e 8° ano),-1,2,3,Ágata,Pública,7.502,6.04,-1,-1,False,True,False
RA-1103,2024,2H,2H,Aluno-1103,11,Masculino,2023,Pública,Ametista,7.861995031000001,8.502,7.763975155000001,7.51,7.5,7.25,6.0,8.5,,,,7.54,10.0,Fase 2 (5° e 6° ano),0,2,2,Ametista,Pública,8.502,7.54,0,0,False,False,False
RA-570,2024,2H,2H,Aluno-570,12,Feminino,2021,Pública,Agata,6.8133640787,8.002,8.0020703935,5.625,7.1875,6.75,6.0,7.5,,,,6.4075,5.0,Fase 3 (7° e 8° ano),-1,2,3,Ágata,Pública,8.002,6.4075,-1,-1,False,True,False
RA-713,2024,2H,2H,Aluno-713,11,Masculino,2021,Pública,Ametista,7.467500983400001,8.002,7.525879916999999,7.51,7.03125,6.75,6.0,7.5,,,,6.79,10.0,Fase 2 (5° e 6° ano),0,2,2,Ametista,Pública,8.002,6.79,0,0,False,False,False
RA-714,2024,2H,2H,Aluno-714,13,Masculino,2021,Pública,Quartzo,5.4653662008,0.0,6.873706004,6.255,7.65625,4.0,8.0,0.0,,,,6.9975,5.0,Fase 3 (7° e 8° ano),-1,2,3,Quartzo,Pública,0.0,6.9975,-1,-1,False,True,False
RA-737,2024,2H,2H,Aluno-737,11,Feminino,2022,Pública,Topázio,8.4695488613,8.502,8.6542443065,6.885,7.5,9.25,9.0,9.5,,,,8.0,10.0,Fase 2 (5° e 6° ano),0,2,2,Topázio,Pública,8.502,8.0,0,0,False,False,False
RA-1474,2024,2H,2H,Aluno-1474,11,Feminino,2024,Pública,Ametista,7.384207505200001,8.002,7.960662526,5.625,6.71875,7.5,7.0,8.0,,,,6.2875,10.0,Fase 2 (5° e 6° ano),0,2,2,Ametista,Pública,8.002,6.2875,0,0,False,False,False
RA-1036,2024,2H,2H,Aluno-1036,12,Feminino,2023,Pública,Topázio,8.2841303831,10.0,9.0890269155,7.51,7.65625,7.0,7.0,7.0,,,,7.7475,10.0,Fase 2 (5° e 6° ano),0,2,2,Topázio,Pública,10.002,7.7475,0,0,False,False,False
RA-576,2024,2H,2H,Aluno-576,12,Feminino,2022,Pública,Topázio,8.93195,8.502,10.0,7.51,7.8125,9.25,9.0,9.5,,,,8.4975,10.0,Fase 2 (5° e 6° ano),0,2,2,Topázio,Pública,8.502,8.4975,0,0,False,False,False
RA-577,2024,2H,2H,Aluno-577,12,Feminino,2022,Pública,Agata,6.629159109700001,8.502,5.7660455485,5.625,6.5625,8.0,7.0,9.0,,,,6.535,5.0,Fase 3 (7° e 8° ano),-1,2,3,Ágata,Pública,8.502,6.535,-1,-1,False,False,False
RA-580,2024,2H,2H,Aluno-580,12,Feminino,2021,Pública,Ametista,7.9281521222,9.002,8.871635610999999,7.51,7.03125,9.25,10.0,8.5,,,,7.2475,5.0,Fase 3 (7° e 8° ano),-1,2,3,Ametista,Pública,9.002,7.2475,-1,-1,False,True,False
RA-581,2024,2H,2H,Aluno-581,12,Masculino,2021,Pública,Ametista,7.0833015528,7.418,8.198757764,5.625,6.5625,8.75,8.0,9.5,,,,6.165,5.0,Fase 3 (7° e 8° ano),-1,2,3,Ametista,Pública,7.418,6.165,-1,-1,False,True,False
RA-841,2024,2H,2H,Aluno-841,12,Masculino,2022,Pública,Agata,6.035771224300001,10.0,6.3272311215000006,7.51,7.03125,3.25,4.0,2.5,,,,5.83,5.0,Fase 3 (7° e 8° ano),-1,2,3,Ágata,Pública,10.002,5.83,-1,-1,False,False,False
RA-730,2024,2I,2I,Aluno-730,11,Feminino,2021,Pública,Topázio,8.469255555700002,8.002,7.152777778,6.885,9.166666667,9.5,10.0,9.0,,,,8.666666667,10.0,Fase 2 (5° e 6° ano),0,2,2,Topázio,Pública,8.002,8.666666667,0,0,False,False,False
RA-855,2024,2I,2I,Aluno-855,10,Feminino,2022,Pública,Topázio,8.578533333400001,9.002,10.0,7.51,7.5,8.5,9.0,8.0,,,,7.386666667,10.0,Fase 2 (5° e 6° ano),0,2,2,Topázio,Pública,9.002,7.386666667,0,0,False,False,False
RA-820,2024,2I,2I,Aluno-820,11,Masculino,2022,Pública,Ametista,7.426572549100001,10.0,6.573529412,7.51,8.333333333,6.25,6.0,6.5,,,,6.386666667,10.0,Fase 2 (5° e 6° ano),0,2,2,Ametista,Pública,10.002,6.386666667,0,0,False,False,False
RA-715,2024,2I,2I,Aluno-715,11,Feminino,2022,Pública,Quartzo,5.3098253133,9.002,5.250626566499999,3.755,5.0,2.75,2.0,3.5,,,,4.67,10.0,Fase 2 (5° e 6° ano),0,2,2,Quartzo,Pública,9.002,4.67,0,0,False,False,False
RA-1038,2024,2I,2I,Aluno-1038,11,Feminino,2023,Pública,Ametista,7.9646385965,8.002,7.5438596495,7.51,7.5,8.5,10.0,7.0,,,,7.273333333,10.0,Fase 2 (5° e 6° ano),0,2,2,Ametista,Pública,8.002,7.273333333,0,0,False,False,False
RA-1475,2024,2I,2I,Aluno-1475,10,Feminino,2024,Pública,Ametista,7.413901754400001,9.002,8.070175439,7.51,7.5,5.0,7.0,3.0,,,,6.993333333,10.0,Fase 2 (5° e 6° ano),0,2,2,Ametista,Pública,9.002,6.993333333,0,0,False,False,False
RA-1039,2024,2I,2I,Aluno-1039,13,Masculino,2023,Pública,Ametista,7.549644444400001,8.002,9.722222222,7.51,7.5,7.25,8.0,6.5,,,,6.77,5.0,Fase 3 (7° e 8° ano),-1,2,3,Ametista,Pública,8.002,6.77,-1,-1,False,False,False
RA-745,2024,2I,2I,Aluno-745,11,Masculino,2021,Privada - Programa de Apadrinhamento,Topázio,8.6102,9.002,10.0,6.26,7.5,8.5,8.0,9.0,,,,8.17,10.0,Fase 2 (5° e 6° ano),0,2,2,Topázio,Privada - Programa de Apadrinhamento,9.002,8.17,0,0,False,False,False
RA-718,2024,2I,2I,Aluno-718,10,Feminino,2022,Pública,Topázio,8.705811111100001,10.0,9.5138888885,5.635,7.5,9.5,9.0,10.0,,,,7.946666667,10.0,Fase 1 (3° e 4° ano),1,2,1,Topázio,Pública,10.002,7.946666667,1,1,False,False,False
RA-1040,2024,2I,2I,Aluno-1040,12,Masculino,2023,Pública,Ametista,7.764199999900001,9.502,8.5416666665,7.51,7.5,8.25,8.0,8.5,,,,7.273333333,5.0,Fase 3 (7° e 8° ano),-1,2,3,Ametista,Pública,9.502,7.273333333,-1,-1,False,False,False
RA-746,2024,2I,2I,Aluno-746,10,Masculino,2022,Pública,Ametista,7.903311111100001,8.502,7.4305555555,7.51,7.5,8.0,8.0,8.0,,,,7.33,10.0,Fase 2 (5° e 6° ano),0,2,2,Ametista,Pública,8.502,7.33,0,0,False,False,False
RA-1069,2024,2K,2K,Aluno-1069,12,Masculino,2023,Pública,Ametista,7.678917391300001,9.002,7.0760869565,7.51,8.125,6.25,7.0,5.5,,,,7.75,10.0,Fase 2 (5° e 6° ano),0,2,2,Ametista,Pública,9.002,7.75,0,0,False,False,False
RA-1476,2024,2K,2K,Aluno-1476,11,Feminino,2024,Pública,Topázio,8.80795,9.502,10.0,5.635,8.4375,8.5,8.0,9.0,,,,8.7525,10.0,Fase 2 (5° e 6° ano),0,2,2,Topázio,Pública,9.502,8.7525,0,0,False,False,False
RA-827,2024,2K,2K,Aluno-827,12,Feminino,2022,Pública,Topázio,8.2483467391,10.0,9.782608695499999,5.01,7.65625,7.25,6.0,8.5,,,,7.875,10.0,Fase 2 (5° e 6° ano),0,2,2,Topázio,Pública,10.002,7.875,0,0,False,False,False
RA-1477,2024,2K,2K,Aluno-1477,11,Masculino,2024,Pública,Ametista,7.0514989130000005,8.002,8.010869565,7.51,6.40625,5.0,5.0,5.0,,,,6.2875,10.0,Fase 2 (5° e 6° ano),0,2,2,Ametista,Pública,8.002,6.2875,0,0,False,False,False
RA-762,2024,2K,2K,Aluno-762,14,Masculino,2022,Pública,Quartzo,5.9677326087,10.0,6.4239130435,6.26,6.5625,3.75,4.0,3.5,,,,5.7525,5.0,Fase 4 (9° ano),-2,2,4,Quartzo,Pública,10.002,5.7525,-2,-2,False,False,False
RA-778,2024,2K,2K,Aluno-778,11,Feminino,2021,Pública,Topázio,8.0754139589,10.0,8.1235697945,7.51,7.5,7.0,5.0,9.0,,,,7.7475,10.0,Fase 2 (5° e 6° ano),0,2,2,Topázio,Pública,10.002,7.7475,0,0,False,False,False
RA-591,2024,2K,2K,Aluno-591,13,Masculino,2021,Pública,Agata,6.8360336957,7.418,7.913043478500001,6.255,5.78125,7.5,6.0,9.0,,,,6.54,5.0,Fase 3 (7° e 8° ano),-1,2,3,Ágata,Pública,7.418,6.54,-1,-1,False,False,False
RA-1478,2024,2K,2K,Aluno-1478,11,Masculino,2024,Pública,Agata,6.7210333334,8.002,6.666666667,6.255,6.875,4.25,4.0,4.5,,,,7.1225,10.0,Fase 2 (5° e 6° ano),0,2,2,Ágata,Pública,8.002,7.1225,0,0,False,False,False
RA-829,2024,2K,2K,Aluno-829,10,Feminino,2022,Privada - Programa de Apadrinhamento,Topázio,9.171825000000002,9.502,9.75,9.38,8.90625,8.0,6.0,10.0,,,,9.215,10.0,Fase 1 (3° e 4° ano),1,2,1,Topázio,Privada - Programa de Apadrinhamento,9.502,9.215,1,1,False,False,False
RA-1479,2024,2K,2K,Aluno-1479,12,Masculino,2024,Pública,Agata,6.615766239300001,8.502,6.1965811965,7.51,7.1875,4.25,4.0,4.5,,,,6.0325,10.0,Fase 2 (5° e 6° ano),0,2,2,Ágata,Pública,8.502,6.0325,0,0,False,False,False
RA-1480,2024,2K,2K,Aluno-1480,12,Masculino,2024,Pública,Ametista,7.09445,8.502,8.875,7.51,7.1875,5.5,,5.5,,,,6.9975,5.0,Fase 3 (7° e 8° ano),-1,2,3,Ametista,Pública,8.502,6.9975,-1,-1,False,False,False
RA-438,2024,2K,2K,Aluno-438,12,Masculino,2022,Pública,Ametista,7.930283695700001,9.168,8.6630434785,7.51,7.96875,8.25,7.0,9.5,,,,7.915,5.0,Fase 3 (7° e 8° ano),-1,2,3,Ametista,Pública,9.168,7.915,-1,-1,False,False,False
RA-607,2024,2K,2K,Aluno-607,12,Masculino,2022,Pública,Ametista,7.6486021739000005,8.502,7.4782608695,7.51,7.1875,7.0,7.0,7.0,,,,7.165,10.0,Fase 2 (5° e 6° ano),0,2,2,Ametista,Pública,8.502,7.165,0,0,False,False,False
RA-1481,2024,2K,2K,Aluno-1481,12,Feminino,2024,Pública,Agata,6.860721739100001,8.502,8.782608695499999,7.51,6.875,4.75,4.0,5.5,,,,6.8275,5.0,Fase 3 (7° e 8° ano),-1,2,3,Ágata,Pública,8.502,6.8275,-1,-1,False,False,False
RA-1482,2024,2K,2K,Aluno-1482,14,Masculino,2024,Pública,Quartzo,5.2257,8.502,5.0,7.51,7.5,0.0,0.0,0.0,,,,6.8725,5.0,Fase 3 (7° e 8° ano),-1,2,3,Quartzo,Pública,8.502,6.8725,-1,-1,False,False,False
RA-1483,2024,2K,2K,Aluno-1483,11,Masculino,2024,Pública,Ametista,7.311433695700001,9.502,7.913043478500001,7.51,5.78125,6.5,6.0,7.0,,,,5.7475,10.0,Fase 2 (5° e 6° ano),0,2,2,Ametista,Pública,9.502,5.7475,0,0,False,False,False
RA-1484,2024,2L,2L,Aluno-1484,14,Feminino,2024,Pública,Ametista,7.754200000000001,9.002,10.0,6.26,7.5,7.0,5.0,9.0,,,,7.89,5.0,Fase 3 (7° e 8° ano),-1,2,3,Ametista,Pública,9.002,7.89,-1,-1,False,False,False
RA-1485,2024,2L,2L,Aluno-1485,13,Masculino,2024,Pública,Agata,6.7386875776999995,9.002,7.7432712215,5.625,7.5,5.0,5.0,5.0,,,,7.386666667,5.0,Fase 3 (7° e 8° ano),-1,2,3,Ágata,Pública,9.002,7.386666667,-1,-1,False,False,False
RA-1486,2024,2L,2L,Aluno-1486,11,Masculino,2024,Pública,Agata,6.865474509900001,8.002,5.431372549,6.26,7.916666667,5.75,6.0,5.5,,,,7.056666667,10.0,Fase 2 (5° e 6° ano),0,2,2,Ágata,Pública,8.002,7.056666667,0,0,False,False,False
RA-597,2024,2L,2L,Aluno-597,11,Masculino,2022,Pública,Ametista,7.843291097300001,9.002,9.3271221535,7.51,7.5,6.0,5.0,7.0,,,,6.883333333,10.0,Fase 2 (5° e 6° ano),0,2,2,Ametista,Pública,9.002,6.883333333,0,0,False,False,False
RA-624,2024,2L,2L,Aluno-624,12,Masculino,2022,Pública,Ametista,7.229425672900001,8.002,8.219461698,7.51,7.916666667,4.0,8.0,0.0,,,,7.213333333,10.0,Fase 2 (5° e 6° ano),0,2,2,Ametista,Pública,8.002,7.213333333,0,0,False,False,False
RA-1487,2024,2L,2L,Aluno-1487,13,Feminino,2024,Pública,Topázio,8.0267434782,10.0,9.5652173915,6.26,7.708333333,8.25,7.0,9.5,,,,7.833333333,5.0,Fase 3 (7° e 8° ano),-1,2,3,Topázio,Pública,10.002,7.833333333,-1,-1,False,False,False
RA-1488,2024,2L,2L,Aluno-1488,11,Feminino,2024,Pública,Agata,6.7668935818000016,8.002,7.111801242,7.51,7.5,3.5,7.0,0.0,,,,6.716666667,10.0,Fase 2 (5° e 6° ano),0,2,2,Ágata,Pública,8.002,6.716666667,0,0,False,False,False
RA-1489,2024,2L,2L,Aluno-1489,12,Masculino,2024,Pública,Quartzo,5.9842289855000015,9.002,5.793478261000001,6.26,6.666666667,5.0,5.0,5.0,,,,5.663333333,5.0,Fase 3 (7° e 8° ano),-1,2,3,Quartzo,Pública,9.002,5.663333333,-1,-1,False,False,False
RA-600,2024,2L,2L,Aluno-600,11,Feminino,2021,Pública,Ametista,7.847373913,8.002,8.010869565,7.51,7.5,7.5,8.0,7.0,,,,7.22,10.0,Fase 2 (5° e 6° ano),0,2,2,Ametista,Pública,8.002,7.22,0,0,False,False,False
RA-663,2024,2L,2L,Aluno-663,12,Masculino,2022,Pública,Agata,6.696419461700001,8.502,7.0910973085,5.625,6.875,6.5,6.0,7.0,,,,6.89,5.0,Fase 3 (7° e 8° ano),-1,2,3,Ágata,Pública,8.502,6.89,-1,-1,False,False,False
RA-1490,2024,2L,2L,Aluno-1490,12,Feminino,2024,Privada,Ametista,7.3725768116,8.502,9.5652173915,6.26,6.666666667,7.75,8.0,7.5,,,,6.333333333,5.0,Fase 3 (7° e 8° ano),-1,2,3,Ametista,Privada,8.502,6.333333333,-1,-1,False,False,False
RA-1491,2024,2L,2L,Aluno-1491,12,Masculino,2024,Pública,Ametista,7.5072,9.002,6.25,7.51,7.5,6.5,6.0,7.0,,,,7.78,10.0,Fase 2 (5° e 6° ano),0,2,2,Ametista,Pública,9.002,7.78,0,0,False,False,False
RA-1066,2024,2L,2L,Aluno-1066,11,Feminino,2023,Pública,Ametista,7.9326223603,9.502,8.3954451345,6.26,7.5,7.25,7.0,7.5,,,,7.386666667,10.0,Fase 2 (5° e 6° ano),0,2,2,Ametista,Pública,9.502,7.386666667,0,0,False,False,False
RA-630,2024,2L,2L,Aluno-630,11,Masculino,2022,Pública,Agata,6.879985507300001,0.0,8.4782608695,7.51,7.5,5.75,6.0,5.5,,,,7.666666667,10.0,Fase 2 (5° e 6° ano),0,2,2,Ágata,Pública,0.0,7.666666667,0,0,False,False,False
RA-1492,2024,2L,2L,Aluno-1492,9,Masculino,2024,Pública,Topázio,8.479020512900002,8.002,8.8141025645,7.51,8.75,8.0,6.0,10.0,,,,8.45,10.0,Fase 1 (3° e 4° ano),1,2,1,Topázio,Pública,8.002,8.45,1,1,False,False,False
RA-834,2024,2L,2L,Aluno-834,11,Masculino,2022,Pública,Topázio,8.513646169700001,8.002,9.109730849,6.26,7.708333333,8.75,9.0,8.5,,,,8.723333333,10.0,Fase 2 (5° e 6° ano),0,2,2,Topázio,Pública,8.002,8.723333333,0,0,False,False,False
RA-784,2024,2M,2M,Aluno-784,11,Feminino,2022,Privada - Programa de Apadrinhamento,Topázio,8.8857454545,8.002,9.7727272725,5.635,9.375,8.75,8.0,9.5,,,,9.4,10.0,Fase 2 (5° e 6° ano),0,2,2,Topázio,Privada - Programa de Apadrinhamento,8.002,9.4,0,0,True,False,False
RA-1059,2024,2M,2M,Aluno-1059,11,Masculino,2023,Pública,Topázio,8.678450000000002,8.002,10.0,6.26,9.0625,7.5,7.5,7.5,,,,9.23,10.0,Fase 2 (5° e 6° ano),0,2,2,Topázio,Pública,8.002,9.23,0,0,False,False,False
RA-612,2024,2M,2M,Aluno-612,12,Feminino,2021,Privada - Programa de Apadrinhamento,Topázio,9.134040909100001,8.002,9.5454545455,6.26,9.6875,9.75,9.5,10.0,,,,9.4,10.0,Fase 2 (5° e 6° ano),0,2,2,Topázio,Privada - Programa de Apadrinhamento,8.002,9.4,0,0,False,False,False
RA-1060,2024,2M,2M,Aluno-1060,12,Masculino,2023,Pública,Agata,6.448416666600001,9.585,6.0,6.26,7.8125,3.25,3.5,3.0,,,,6.163333333,10.0,Fase 2 (5° e 6° ano),0,2,2,Ágata,Pública,9.585,6.163333333,0,0,False,False,False
RA-761,2024,2M,2M,Aluno-761,11,Masculino,2022,Pública,Topázio,8.174593939300001,8.502,8.8636363635,6.26,8.75,7.25,8.0,6.5,,,,8.003333333,10.0,Fase 2 (5° e 6° ano),0,2,2,Topázio,Pública,8.502,8.003333333,0,0,False,False,False
RA-1493,2024,2M,2M,Aluno-1493,12,Masculino,2024,Pública,Agata,6.378661323900001,8.502,7.8468899525,7.51,7.1875,4.0,3.5,4.5,,,,5.946666667,5.0,Fase 3 (7° e 8° ano),-1,2,3,Ágata,Pública,8.502,5.946666667,-1,-1,False,False,False
RA-665,2024,2M,2M,Aluno-665,12,Feminino,2022,Pública,Quartzo,5.698703030200001,8.334,5.068181818,5.63,7.5,4.75,3.0,6.5,,,,5.443333333,5.0,Fase 3 (7° e 8° ano),-1,2,3,Quartzo,Pública,8.334,5.443333333,-1,-1,False,False,False
RA-1115,2024,2M,2M,Aluno-1115,12,Feminino,2023,Pública,Agata,6.570068686900001,8.002,4.2676767675,7.51,7.5,6.25,6.5,6.0,,,,5.826666667,10.0,Fase 2 (5° e 6° ano),0,2,2,Ágata,Pública,8.002,5.826666667,0,0,False,False,False
RA-1061,2024,2M,2M,Aluno-1061,11,Masculino,2023,Pública,Topázio,8.76595,8.502,10.0,6.26,8.4375,8.5,7.0,10.0,,,,8.73,10.0,Fase 2 (5° e 6° ano),0,2,2,Topázio,Pública,8.502,8.73,0,0,False,False,False
RA-1494,2024,2M,2M,Aluno-1494,11,Feminino,2024,Pública,Quartzo,5.8748823529,0.0,6.7794117645,7.51,7.5,4.25,8.5,0.0,,,,5.84,10.0,Fase 2 (5° e 6° ano),0,2,2,Quartzo,Pública,0.0,5.84,0,0,False,False,False
RA-1495,2024,2M,2M,Aluno-1495,11,Feminino,2021,Pública,Topázio,8.4845030302,9.002,8.318181818,7.51,8.75,8.25,8.5,8.0,,,,8.223333333,10.0,Fase 2 (5° e 6° ano),0,2,2,Topázio,Pública,9.002,8.223333333,0,0,False,False,False
RA-606,2024,2M,2M,Aluno-606,11,Masculino,2022,Pública,Agata,6.645260606100001,8.502,7.6136363634999995,6.885,8.125,3.25,3.5,3.0,,,,5.606666667,10.0,Fase 2 (5° e 6° ano),0,2,2,Ágata,Pública,8.502,5.606666667,0,0,False,False,False
RA-594,2024,2M,2M,Aluno-594,12,Masculino,2022,Pública,Agata,6.890966666600001,6.918,5.75,6.26,8.125,7.0,6.5,7.5,,,,6.053333333,10.0,Fase 2 (5° e 6° ano),0,2,2,Ágata,Pública,6.918,6.053333333,0,0,False,False,False
RA-1496,2024,2M,2M,Aluno-1496,12,Feminino,2024,Pública,Agata,6.7799738095,9.002,5.714285714500001,7.51,7.8125,4.25,2.5,6.0,,,,6.773333333,10.0,Fase 2 (5° e 6° ano),0,2,2,Ágata,Pública,9.002,6.773333333,0,0,False,False,False
RA-1497,2024,2M,2M,Aluno-1497,12,Feminino,2024,Pública,Quartzo,5.2423787879,0.0,5.0227272725,7.51,6.875,2.0,4.0,0.0,,,,6.996666667,10.0,Fase 2 (5° e 6° ano),0,2,2,Quartzo,Pública,0.0,6.996666667,0,0,False,False,False
RA-1498,2024,2M,2M,Aluno-1498,13,Feminino,2024,Pública,Ametista,7.147881818200001,8.502,7.840909091,7.51,8.125,7.0,5.0,9.0,,,,6.33,5.0,Fase 3 (7° e 8° ano),-1,2,3,Ametista,Pública,8.502,6.33,-1,-1,False,False,False
RA-1499,2024,2N,2N,Aluno-1499,12,Feminino,2024,Pública,Ametista,7.914800000000001,8.418,9.25,6.885,8.125,6.5,6.0,7.0,,,,7.11,10.0,Fase 2 (5° e 6° ano),0,2,2,Ametista,Pública,8.418,7.11,0,0,False,False,False
RA-788,2024,2N,2N,Aluno-788,10,Masculino,2021,Privada - Programa de Apadrinhamento,Ametista,7.9221068268,8.418,9.519450801,6.26,8.4375,5.75,4.0,7.5,,,,7.783333333,10.0,Fase 2 (5° e 6° ano),0,2,2,Ametista,Privada - Programa de Apadrinhamento,8.418,7.783333333,0,0,False,False,False
RA-1500,2024,2N,2N,Aluno-1500,11,Masculino,2024,Pública,Ametista,7.360450000100002,9.502,8.3333333335,6.885,8.4375,3.5,2.0,5.0,,,,7.556666667,10.0,Fase 2 (5° e 6° ano),0,2,2,Ametista,Pública,9.502,7.556666667,0,0,False,False,False
RA-777,2024,2N,2N,Aluno-777,10,Feminino,2022,Pública,Ametista,7.563515408100001,8.002,8.7757437075,7.51,8.125,4.5,3.5,5.5,,,,7.723333333,10.0,Fase 2 (5° e 6° ano),0,2,2,Ametista,Pública,8.002,7.723333333,0,0,True,False,False
RA-1063,2024,2N,2N,Aluno-1063,12,Masculino,2023,Pública,Ametista,7.279250000000001,5.25,9.75,7.51,7.8125,7.75,9.0,6.5,,,,6.11,5.0,Fase 3 (7° e 8° ano),-1,2,3,Ametista,Pública,5.25,6.11,-1,-1,False,False,False
RA-664,2024,2N,2N,Aluno-664,12,Feminino,2022,Pública,Ametista,7.5017244089,9.002,6.7734553775,7.51,8.125,5.75,3.0,8.5,,,,7.666666667,10.0,Fase 2 (5° e 6° ano),0,2,2,Ametista,Pública,9.002,7.666666667,0,0,False,False,False
RA-1501,2024,2N,2N,Aluno-1501,11,Feminino,2024,Pública,Topázio,8.04495,9.502,10.0,7.51,8.4375,5.0,4.5,5.5,,,,7.5,10.0,Fase 2 (5° e 6° ano),0,2,2,Topázio,Pública,9.502,7.5,0,0,False,False,False
RA-764,2024,2N,2N,Aluno-764,10,Masculino,2022,Privada,Ametista,7.838370289900001,8.002,7.8804347825,7.51,8.4375,6.0,3.0,9.0,,,,8.336666667,10.0,Fase 2 (5° e 6° ano),0,2,2,Ametista,Privada,8.002,8.336666667,0,0,False,False,False
RA-1064,2024,2N,2N,Aluno-1064,11,Masculino,2023,Pública,Topázio,8.9802350877,9.502,9.7368421055,7.51,8.75,8.5,8.0,9.0,,,,8.783333333,10.0,Fase 2 (5° e 6° ano),0,2,2,Topázio,Pública,9.502,8.783333333,0,0,False,False,False
RA-1065,2024,2N,2N,Aluno-1065,11,Feminino,2023,Pública,Topázio,8.8634934783,9.502,8.8152173915,6.26,9.0625,9.25,9.0,9.5,,,,8.84,10.0,Fase 2 (5° e 6° ano),0,2,2,Topázio,Pública,9.502,8.84,0,0,False,False,False
RA-1502,2024,2N,2N,Aluno-1502,12,Feminino,2024,Pública,Agata,6.886091025600001,8.002,7.628205128,7.51,7.8125,5.25,3.5,7.0,,,,7.39,5.0,Fase 3 (7° e 8° ano),-1,2,3,Ágata,Pública,8.002,7.39,-1,-1,False,False,False
RA-781,2024,2N,2N,Aluno-781,11,Feminino,2021,Pública,Topázio,8.496283333400001,8.002,9.75,7.51,8.4375,7.25,5.0,9.5,,,,8.506666667,10.0,Fase 2 (5° e 6° ano),0,2,2,Topázio,Pública,8.002,8.506666667,0,0,False,False,False
RA-608,2024,2N,2N,Aluno-608,11,Masculino,2022,Pública,Quartzo,5.778986231800001,9.002,3.054347826,6.885,7.1875,4.25,5.0,3.5,,,,5.053333333,10.0,Fase 2 (5° e 6° ano),0,2,2,Quartzo,Pública,9.002,5.053333333,0,0,False,False,False
RA-796,2024,2P,2P,Aluno-796,12,Feminino,2022,Pública,Ametista,7.052457703200001,8.502,8.2212885155,7.51,7.916666667,5.25,3.0,7.5,,,,7.326666667,5.0,Fase 3 (7° e 8° ano),-1,2,3,Ametista,Pública,8.502,7.326666667,-1,-1,False,False,False
RA-797,2024,2P,2P,Aluno-797,12,Masculino,2021,Pública,Agata,6.597315151500001,9.168,4.840909091,7.51,6.666666667,7.25,8.0,6.5,,,,6.723333333,5.0,Fase 3 (7° e 8° ano),-1,2,3,Ágata,Pública,9.168,6.723333333,-1,-1,False,False,False
RA-636,2024,2P,2P,Aluno-636,12,Masculino,2022,Pública,Agata,6.3802279106,8.002,4.9043062200000005,7.51,6.875,5.25,4.0,6.5,,,,5.553333333,10.0,Fase 2 (5° e 6° ano),0,2,2,Ágata,Pública,8.002,5.553333333,0,0,False,False,False
RA-1140,2024,2P,2P,Aluno-1140,12,Feminino,2023,Pública,Ametista,7.3473880383,6.834,6.112440191499999,7.51,8.125,7.0,4.5,9.5,,,,7.39,10.0,Fase 2 (5° e 6° ano),0,2,2,Ametista,Pública,6.834,7.39,0,0,False,False,False
RA-1503,2024,2P,2P,Aluno-1503,13,Feminino,2024,Pública,Agata,6.991699999900001,7.502,10.0,7.51,8.958333333,2.75,3.0,2.5,,,,7.723333333,5.0,Fase 3 (7° e 8° ano),-1,2,3,Ágata,Pública,7.502,7.723333333,-1,-1,False,False,False
RA-814,2024,2P,2P,Aluno-814,11,Masculino,2022,Pública,Ametista,7.971648484800001,7.418,9.090909091,7.51,7.5,7.5,8.0,7.0,,,,7.053333333,10.0,Fase 2 (5° e 6° ano),0,2,2,Ametista,Pública,7.418,7.053333333,0,0,False,False,False
RA-637,2024,2P,2P,Aluno-637,12,Feminino,2021,Pública,Ametista,7.6853212122,7.502,6.2272727275,7.51,8.333333333,7.75,6.5,9.0,,,,7.776666667,10.0,Fase 2 (5° e 6° ano),0,2,2,Ametista,Pública,7.502,7.776666667,0,0,False,False,False
RA-652,2024,2P,2P,Aluno-652,11,Feminino,2022,Pública,Ametista,7.361896969700001,8.002,6.931818182000001,7.51,7.916666667,5.5,4.5,6.5,,,,7.663333333,10.0,Fase 2 (5° e 6° ano),0,2,2,Ametista,Pública,8.002,7.663333333,0,0,False,False,False
RA-816,2024,2P,2P,Aluno-816,11,Feminino,2022,Privada - Programa de Apadrinhamento,Topázio,8.929745454599999,7.002,9.7727272725,7.51,9.166666667,9.25,8.5,10.0,,,,8.786666667,10.0,Fase 2 (5° e 6° ano),0,2,2,Topázio,Privada - Programa de Apadrinhamento,7.002,8.786666667,0,0,False,False,False
RA-1504,2024,2P,2P,Aluno-1504,12,Feminino,2024,Pública,Agata,6.057060605999999,7.5,4.6136363634999995,5.63,5.833333333,6.75,5.0,8.5,,,,6.94,5.0,Fase 3 (7° e 8° ano),-1,2,3,Ágata,Pública,7.5,6.94,-1,-1,False,False,False
RA-638,2024,2P,2P,Aluno-638,11,Feminino,2021,Pública,Agata,6.7464878789,8.502,5.7272727275,7.51,8.125,5.0,4.0,6.0,,,,5.936666667,10.0,Fase 2 (5° e 6° ano),0,2,2,Ágata,Pública,8.502,5.936666667,0,0,False,True,False
RA-1505,2024,2P,2P,Aluno-1505,13,Masculino,2024,Pública,Agata,6.7199171717,9.502,7.5252525255,7.51,8.75,3.75,3.0,4.5,,,,6.943333333,5.0,Fase 3 (7° e 8° ano),-1,2,3,Ágata,Pública,9.502,6.943333333,-1,-1,False,False,False
RA-643,2024,2P,2P,Aluno-643,12,Masculino,2022,Pública,Agata,6.402239075100001,9.002,6.8660287085,7.51,8.125,4.5,3.0,6.0,,,,5.826666667,5.0,Fase 3 (7° e 8° ano),-1,2,3,Ágata,Pública,9.002,5.826666667,-1,-1,False,False,False
RA-645,2024,2P,2P,Aluno-645,12,Feminino,2022,Pública,Ametista,7.502239394,7.418,8.3863636365,7.51,7.708333333,5.25,3.0,7.5,,,,7.556666667,10.0,Fase 2 (5° e 6° ano),0,2,2,Ametista,Pública,7.418,7.556666667,0,0,False,False,False
RA-1068,2024,2R,2R,Aluno-1068,11,Masculino,2023,Pública,Topázio,9.0150030303,9.502,9.068181818,7.51,8.541666667,9.5,9.0,10.0,,,,8.73,10.0,Fase 2 (5° e 6° ano),0,2,2,Topázio,Pública,9.502,8.73,0,0,False,False,False
RA-798,2024,2R,2R,Aluno-798,12,Masculino,2022,Pública,Quartzo,4.6743653679,6.834,3.5064935065,7.51,5.0,4.75,4.0,5.5,,,,2.943333333,5.0,Fase 3 (7° e 8° ano),-1,2,3,Quartzo,Pública,6.834,2.943333333,-1,-1,False,False,False
RA-799,2024,2R,2R,Aluno-799,11,Feminino,2022,Pública,Ametista,7.702648484900001,7.918,9.090909091,7.51,7.916666667,5.25,5.0,5.5,,,,7.5,10.0,Fase 2 (5° e 6° ano),0,2,2,Ametista,Pública,7.918,7.5,0,0,False,False,False
RA-1506,2024,2R,2R,Aluno-1506,11,Feminino,2024,Pública,Ametista,7.151855844200001,8.002,8.3874458875,7.51,6.458333333,3.5,0.0,7.0,,,,7.886666667,10.0,Fase 2 (5° e 6° ano),0,2,2,Ametista,Pública,8.002,7.886666667,0,0,False,False,False
RA-802,2024,2R,2R,Aluno-802,11,Masculino,2021,Pública,Ametista,7.8317974024999994,7.502,7.012987013,7.51,8.333333333,8.75,9.0,8.5,,,,6.723333333,10.0,Fase 2 (5° e 6° ano),0,2,2,Ametista,Pública,7.502,6.723333333,0,0,False,False,False
RA-1507,2024,2R,2R,Aluno-1507,12,Masculino,2024,Pública,Quartzo,5.046077056300001,6.918,4.448051948,7.51,4.583333333,5.0,5.0,5.0,,,,3.776666667,5.0,Fase 3 (7° e 8° ano),-1,2,3,Quartzo,Pública,6.918,3.776666667,-1,-1,False,False,False
RA-1071,2024,2R,2R,Aluno-1071,12,Masculino,2023,Pública,Quartzo,4.8048623378,8.002,4.188311688500001,7.51,4.166666667,4.5,4.0,5.0,,,,2.996666667,5.0,Fase 3 (7° e 8° ano),-1,2,3,Quartzo,Pública,8.002,2.996666667,-1,-1,False,False,False
RA-1508,2024,2R,2R,Aluno-1508,10,Feminino,2024,Pública,Topázio,8.1804207793,7.502,7.2294372295,7.51,7.5,9.25,10.0,8.5,,,,8.166666667,10.0,Fase 2 (5° e 6° ano),0,2,2,Topázio,Pública,7.502,8.166666667,0,0,False,False,False
RA-1509,2024,2R,2R,Aluno-1509,11,Masculino,2024,Pública,Ametista,7.560230303200001,8.502,6.5151515155,7.51,6.666666667,7.5,7.0,8.0,,,,7.446666667,10.0,Fase 2 (5° e 6° ano),0,2,2,Ametista,Pública,8.502,7.446666667,0,0,False,False,False
RA-1510,2024,2R,2R,Aluno-1510,11,Feminino,2024,Pública,Topázio,9.464745454400001,10.0,9.7727272725,7.51,9.583333333,10.0,10.0,10.0,,,,9.003333333,10.0,Fase 2 (5° e 6° ano),0,2,2,Topázio,Pública,10.002,9.003333333,0,0,False,False,False
RA-785,2024,2U,2U,Aluno-785,11,Feminino,2022,Pública,Topázio,9.1548666666,9.502,10.0,7.51,8.75,9.0,8.0,10.0,,,,8.893333333,10.0,Fase 2 (5° e 6° ano),0,2,2,Topázio,Pública,9.502,8.893333333,0,0,False,False,False
RA-1511,2024,2U,2U,Aluno-1511,11,Feminino,2024,Pública,Topázio,8.9217077641,10.0,9.3271221535,7.51,8.4375,8.75,8.0,9.5,,,,8.556666667,10.0,Fase 2 (5° e 6° ano),0,2,2,Topázio,Pública,10.002,8.556666667,0,0,False,False,False
RA-752,2024,2U,2U,Aluno-752,12,Feminino,2022,Pública,Agata,6.57279265,9.502,7.525879916999999,7.51,5.9375,5.75,7.0,4.5,,,,5.613333333,5.0,Fase 3 (7° e 8° ano),-1,2,3,Ágata,Pública,9.502,5.613333333,-1,-1,False,False,False
RA-790,2024,2U,2U,Aluno-790,13,Masculino,2022,Pública,Agata,6.8089355072,7.502,6.811594203,7.51,7.1875,6.75,4.0,9.5,,,,6.883333333,5.0,Fase 3 (7° e 8° ano),-1,2,3,Ágata,Pública,7.502,6.883333333,-1,-1,True,False,False
RA-590,2024,2U,2U,Aluno-590,12,Feminino,2021,Privada,Agata,6.712378053800001,8.002,8.457556936,6.26,7.5,4.0,8.0,0.0,,,,7.723333333,5.0,Fase 3 (7° e 8° ano),-1,2,3,Ágata,Privada,8.002,7.723333333,-1,-1,False,True,False
RA-1512,2024,2U,2U,Aluno-1512,10,Feminino,2024,Pública,Topázio,8.10445,9.502,10.0,7.51,7.8125,5.5,7.0,4.0,,,,7.61,10.0,Fase 2 (5° e 6° ano),0,2,2,Topázio,Pública,9.502,7.61,0,0,False,False,False
RA-472,2024,2U,2U,Aluno-472,14,Feminino,2022,Pública,Agata,6.6397610766,7.502,7.48447205,7.51,6.25,6.25,4.0,8.5,,,,6.333333333,5.0,Fase 3 (7° e 8° ano),-1,2,3,Ágata,Pública,7.502,6.333333333,-1,-1,False,False,False
RA-628,2024,2U,2U,Aluno-628,13,Masculino,2022,Pública,Topázio,8.2366166666,9.002,10.0,7.51,7.1875,9.0,8.0,10.0,,,,7.833333333,5.0,Fase 3 (7° e 8° ano),-1,2,3,Topázio,Pública,9.002,7.833333333,-1,-1,False,False,False
RA-1513,2024,2U,2U,Aluno-1513,12,Feminino,2024,Pública,Agata,6.5509171717,8.502,7.5252525255,7.51,7.5,3.75,4.0,3.5,,,,7.223333333,5.0,Fase 3 (7° e 8° ano),-1,2,3,Ágata,Pública,8.502,7.223333333,-1,-1,False,False,False
RA-1514,2024,2U,2U,Aluno-1514,12,Feminino,2024,Pública,Ametista,7.520576262600001,9.002,7.979797980000001,7.51,7.1875,5.5,5.0,6.0,,,,7.273333333,10.0,Fase 2 (5° e 6° ano),0,2,2,Ametista,Pública,9.002,7.273333333,0,0,False,False,False
RA-629,2024,2U,2U,Aluno-629,11,Feminino,2022,Pública,Topázio,8.061295238200001,10.0,9.523809524,7.51,7.5,6.0,6.0,6.0,,,,7.276666667,10.0,Fase 2 (5° e 6° ano),0,2,2,Topázio,Pública,10.002,7.276666667,0,0,True,False,False
RA-832,2024,2U,2U,Aluno-832,11,Masculino,2022,Pública,Topázio,8.2403304348,9.002,8.695652174,7.51,7.5,8.0,7.0,9.0,,,,7.5,10.0,Fase 2 (5° e 6° ano),0,2,2,Topázio,Pública,9.002,7.5,0,0,False,False,False
RA-1515,2024,2U,2U,Aluno-1515,12,Feminino,2024,Pública,Quartzo,5.832133333300001,6.418,6.6666666665,6.255,6.875,3.5,6.0,1.0,,,,6.72,5.0,Fase 3 (7° e 8° ano),-1,2,3,Quartzo,Pública,6.418,6.72,-1,-1,False,False,False
RA-833,2024,2U,2U,Aluno-833,11,Masculino,2022,Pública,Topázio,8.5184577641,9.002,9.3271221535,7.51,8.125,8.0,9.0,7.0,,,,7.946666667,10.0,Fase 2 (5° e 6° ano),0,2,2,Topázio,Pública,9.002,7.946666667,0,0,False,False,False
RA-819,2024,2U,2U,Aluno-819,10,Masculino,2022,Pública,Topázio,8.652552484400001,10.0,7.784679089,7.51,8.4375,9.0,8.0,10.0,,,,8.503333333,10.0,Fase 1 (3° e 4° ano),1,2,1,Topázio,Pública,10.002,8.503333333,1,1,False,False,False
RA-1073,2024,3A,3A,Aluno-1073,13,Feminino,2022,Pública,Ametista,7.0859945773333335,9.168,6.370972886666667,7.5,6.875,6.5,6.5,5.0,8.0,,,5.7875,10.0,Fase 3 (7° e 8° ano),0,3,3,Ametista,Pública,9.168,5.7875,0,0,False,True,False
RA-494,2024,3A,3A,Aluno-494,13,Feminino,2022,Privada,Ametista,7.922281328333334,7.5,7.329323308333333,8.755,7.8125,6.333333333333333,6.0,5.5,7.5,,,8.915,10.0,Fase 3 (7° e 8° ano),0,3,3,Ametista,Privada,7.5,8.915,0,0,False,False,False
RA-484,2024,3A,3A,Aluno-484,13,Masculino,2022,Pública,Quartzo,3.8354776573333336,8.334,3.9141382866666667,2.51,3.4375,0.0,0.0,0.0,0.0,,,3.1225,10.0,Fase 3 (7° e 8° ano),0,3,3,Quartzo,Pública,8.334,3.1225,0,0,False,False,False
RA-496,2024,3A,3A,Aluno-496,13,Masculino,2021,Privada,Agata,6.726607507733334,10.0,5.315995871999999,6.255,6.71875,5.666666666666667,5.0,4.5,7.5,,,6.1625,10.0,Fase 3 (7° e 8° ano),0,3,3,Ágata,Privada,10.002,6.1625,0,0,False,True,False
RA-1516,2024,3A,3A,Aluno-1516,13,Feminino,2024,Privada,Ametista,7.217066033133334,9.585,5.404288499000001,9.38,7.96875,4.666666666666667,0.0,5.0,9.0,,,7.5475,10.0,Fase 3 (7° e 8° ano),0,3,3,Ametista,Privada,9.585,7.5475,3,0,False,False,False
RA-1143,2024,3A,3A,Aluno-1143,16,Feminino,2021,Pública,Quartzo,5.881225668333334,9.585,5.201336675,9.38,7.03125,3.1666666666666665,3.0,6.5,0.0,,,6.79,2.5,Fase 6 (2° EM),-3,3,6,Quartzo,Pública,9.585,6.79,-3,-3,False,True,False
RA-1517,2024,3A,3A,Aluno-1517,15,Masculino,2024,Pública,Agata,6.240744444466667,9.168,4.305555555666667,9.38,7.5,4.666666666666667,5.0,4.5,4.5,,,6.7075,5.0,Fase 4 (9° ano),-1,3,4,Ágata,Pública,9.168,6.7075,-1,-1,False,False,False
RA-1518,2024,3A,3A,Aluno-1518,15,Feminino,2022,Pública,Quartzo,5.721382142866666,7.084,5.714285714333333,9.38,7.65625,1.75,0.0,3.5,,,,6.5825,5.0,Fase 4 (9° ano),-1,3,4,Quartzo,Pública,7.084,6.5825,-1,-1,False,False,False
RA-227,2024,3A,3A,Aluno-227,13,Masculino,2022,Pública,Topázio,8.074015455333335,9.585,8.097577276666668,9.38,7.5,6.5,4.0,6.0,9.5,,,7.54,10.0,Fase 3 (7° e 8° ano),0,3,3,Topázio,Pública,9.585,7.54,0,0,False,False,False
RA-487,2024,3A,3A,Aluno-487,12,Feminino,2021,Privada - Programa de Apadrinhamento,Topázio,9.4171373016,9.168,9.441269841333334,9.38,9.0625,9.666666666666666,10.0,9.0,10.0,,,9.1725,10.0,Fase 3 (7° e 8° ano),0,3,3,Topázio,Privada - Programa de Apadrinhamento,9.168,9.1725,0,0,False,True,False
RA-1076,2024,3A,3A,Aluno-1076,13,Feminino,2021,Pública,Ametista,7.479598365200001,8.334,7.777033492666668,8.125,7.03125,6.333333333333333,5.5,6.5,7.0,,,6.5425,10.0,Fase 3 (7° e 8° ano),0,3,3,Ametista,Pública,8.334,6.5425,0,0,False,True,False
RA-1084,2024,3A,3A,Aluno-1084,12,Feminino,2023,Pública,Agata,6.9071109649333335,8.751,7.705263158,5.63,7.03125,3.6666666666666665,1.0,6.0,4.0,,,7.4575,10.0,Fase 3 (7° e 8° ano),0,3,3,Ágata,Pública,8.751,7.4575,0,0,False,False,False
RA-1519,2024,3A,3A,Aluno-1519,15,Masculino,2024,,Ametista,7.210222117800001,9.585,5.560902255666666,8.755,7.96875,4.833333333333333,0.0,6.5,8.0,,,7.5025,10.0,Fase 3 (7° e 8° ano),0,3,3,Ametista,,9.585,7.5025,3,0,False,False,False
RA-490,2024,3A,3A,Aluno-490,12,Feminino,2022,Privada,Ametista,7.368084290266667,9.168,5.5110047846666665,8.755,7.8125,6.166666666666667,5.5,6.0,7.0,,,7.295,10.0,Fase 2 (5° e 6° ano),1,3,2,Ametista,Privada,9.168,7.295,1,1,False,False,False
RA-346,2024,3A,3A,Aluno-346,12,Masculino,2022,Pública,Ametista,7.761749603200001,10.0,9.149206349333333,2.51,7.96875,6.166666666666667,6.0,4.5,8.0,,,8.2525,10.0,Fase 3 (7° e 8° ano),0,3,3,Ametista,Pública,10.002,8.2525,0,0,False,False,False
RA-546,2024,3B,3B,Aluno-546,13,Feminino,2021,Pública,Quartzo,5.702426010066667,5.832,3.7838383836666662,8.135,5.15625,4.666666666666667,0.0,4.0,10.0,,,5.5,10.0,Fase 3 (7° e 8° ano),0,3,3,Quartzo,Pública,5.832,5.5,0,0,False,False,False
RA-1087,2024,3B,3B,Aluno-1087,13,Feminino,2023,Pública,Agata,6.913936532,7.917,8.393265993333333,8.755,7.1875,2.6666666666666665,2.0,5.0,1.0,,,6.58,10.0,Fase 3 (7° e 8° ano),0,3,3,Ágata,Pública,7.917,6.58,0,0,False,False,False
RA-493,2024,3B,3B,Aluno-493,11,Feminino,2021,Pública,Ametista,7.4643250000000005,10.0,8.933333333333334,10.0,7.03125,3.1666666666666665,3.0,4.0,2.5,,,6.705,10.0,Fase 2 (5° e 6° ano),1,3,2,Ametista,Pública,10.002,6.705,1,1,False,True,False
RA-1520,2024,3B,3B,Aluno-1520,14,Feminino,2024,Pública,Ametista,7.0026462121333335,8.334,9.060606060666666,8.75,7.65625,3.75,4.0,3.5,,,,7.3325,5.0,Fase 4 (9° ano),-1,3,4,Ametista,Pública,8.334,7.3325,-1,-1,False,False,False
RA-1072,2024,3B,3B,Aluno-1072,12,Masculino,2023,Pública,Ametista,7.8153856754,8.751,5.627886710333333,8.755,7.96875,8.166666666666666,8.0,7.0,9.5,,,7.545,10.0,Fase 3 (7° e 8° ano),0,3,3,Ametista,Pública,8.751,7.545,0,0,False,False,False
RA-1521,2024,3B,3B,Aluno-1521,14,Feminino,2024,Pública,Quartzo,5.065788844333333,7.5,6.157902555,2.51,6.09375,3.1666666666666665,2.0,5.5,2.0,,,5.4525,5.0,Fase 4 (9° ano),-1,3,4,Quartzo,Pública,7.5,5.4525,-1,-1,False,False,False
RA-536,2024,3B,3B,Aluno-536,11,Feminino,2021,Pública,Ametista,7.7704681818,8.334,9.109090909,8.135,7.1875,5.5,6.5,4.5,5.5,,,7.415,10.0,Fase 2 (5° e 6° ano),1,3,2,Ametista,Pública,8.334,7.415,1,1,False,True,False
RA-1079,2024,3B,3B,Aluno-1079,13,Masculino,2023,Pública,Quartzo,5.4253413299333335,7.5,4.516498316333333,2.51,4.21875,6.333333333333333,5.0,7.5,6.5,,,4.1625,10.0,Fase 3 (7° e 8° ano),0,3,3,Quartzo,Pública,7.5,4.1625,0,0,False,False,False
RA-331,2024,3B,3B,Aluno-331,14,Feminino,2021,Pública,Agata,6.231045707066668,8.751,7.735353535333334,8.755,6.09375,3.5,4.0,3.5,3.0,,,5.62,5.0,Fase 4 (9° ano),-1,3,4,Ágata,Pública,8.751,5.62,-1,-1,False,True,False
RA-1522,2024,3B,3B,Aluno-1522,13,Masculino,2024,Pública,Topázio,8.3261,8.751,10.0,9.38,6.875,7.0,10.0,4.0,,,,7.1275,10.0,Fase 3 (7° e 8° ano),0,3,3,Topázio,Pública,8.751,7.1275,0,0,False,False,False
RA-1096,2024,3B,3B,Aluno-1096,11,Feminino,2023,Pública,Topázio,9.189883333333334,9.168,9.866666666666667,8.755,9.0625,8.5,8.5,7.0,10.0,,,9.09,10.0,Fase 2 (5° e 6° ano),1,3,2,Topázio,Pública,9.168,9.09,1,1,False,False,False
RA-513,2024,3B,3B,Aluno-513,11,Masculino,2021,Privada,Topázio,8.728632539666668,10.0,8.831746031666666,8.135,9.0625,7.666666666666667,9.0,5.5,8.5,,,8.545,10.0,Fase 2 (5° e 6° ano),1,3,2,Topázio,Privada,10.002,8.545,1,1,False,False,False
RA-531,2024,3B,3B,Aluno-531,12,Masculino,2022,Pública,Ametista,7.9127926470666665,9.168,9.803921568666667,4.38,7.96875,6.666666666666667,6.5,4.5,9.0,,,7.335,10.0,Fase 3 (7° e 8° ano),0,3,3,Ametista,Pública,9.168,7.335,0,0,False,False,False
RA-1523,2024,3B,3B,Aluno-1523,11,Masculino,2024,Pública,Topázio,8.67371279,6.666,9.283272283333334,8.755,8.90625,8.166666666666666,8.0,6.5,10.0,,,8.755,10.0,Fase 2 (5° e 6° ano),1,3,2,Topázio,Pública,6.666,8.755,1,1,False,False,False
RA-1524,2024,3B,3B,Aluno-1524,14,Feminino,2024,Pública,Quartzo,5.5473805555333335,7.917,2.777777777666667,7.51,7.65625,4.0,4.0,,,,,6.9175,5.0,Fase 4 (9° ano),-1,3,4,Quartzo,Pública,7.917,6.9175,-1,-1,False,False,False
RA-1147,2024,3B,3B,Aluno-1147,15,Feminino,2023,Pública,Quartzo,5.833118518533334,8.751,6.125925926,8.755,6.25,3.1666666666666665,2.0,5.0,2.5,,,5.495,5.0,Fase 4 (9° ano),-1,3,4,Quartzo,Pública,8.751,5.495,-1,-1,False,False,False
RA-479,2024,3C,3C,Aluno-479,12,Masculino,2021,Privada - Programa de Apadrinhamento,Topázio,8.901966666666668,9.168,9.866666666666667,2.51,9.375,9.666666666666666,10.0,9.0,10.0,,,9.45,10.0,Fase 2 (5° e 6° ano),1,3,2,Topázio,Privada - Programa de Apadrinhamento,9.168,9.45,1,1,False,True,False
RA-517,2024,3C,3C,Aluno-517,14,Feminino,2021,Pública,Quartzo,5.880466583166668,7.5,5.266499582333334,2.51,6.041666667,5.0,4.5,4.0,6.5,,,6.11,10.0,Fase 3 (7° e 8° ano),0,3,3,Quartzo,Pública,7.5,6.11,0,0,False,True,False
RA-325,2024,3C,3C,Aluno-325,12,Masculino,2022,Pública,Topázio,8.385133333233336,9.168,9.866666666666667,7.51,8.333333333,7.0,7.0,5.5,8.5,,,7.553333333,10.0,Fase 3 (7° e 8° ano),0,3,3,Topázio,Pública,9.168,7.553333333,0,0,False,False,False
RA-1525,2024,3C,3C,Aluno-1525,13,Masculino,2024,Pública,Ametista,7.778263492033334,7.917,8.293650793666666,5.63,8.541666667,7.0,6.5,5.5,9.0,,,7.553333333,10.0,Fase 3 (7° e 8° ano),0,3,3,Ametista,Pública,7.917,7.553333333,0,0,False,False,False
RA-518,2024,3C,3C,Aluno-518,12,Masculino,2022,Pública,Agata,6.3467483709,8.334,6.8300751879999995,2.51,7.083333333,4.0,7.5,3.5,1.0,,,6.94,10.0,Fase 3 (7° e 8° ano),0,3,3,Ágata,Pública,8.334,6.94,0,0,False,False,False
RA-1146,2024,3C,3C,Aluno-1146,15,Feminino,2023,Pública,Quartzo,5.3933086048000005,10.0,5.017209691,6.88,6.25,2.0,2.0,0.0,4.0,,,5.883333333,5.0,Fase 5 (1° EM),-2,3,5,Quartzo,Pública,10.002,5.883333333,-2,-2,False,False,False
RA-530,2024,3C,3C,Aluno-530,12,Masculino,2021,Pública,Ametista,7.214534419433333,8.751,6.468838763666667,9.38,7.083333333,4.5,4.0,6.0,3.5,,,7.496666667,10.0,Fase 3 (7° e 8° ano),0,3,3,Ametista,Pública,8.751,7.496666667,0,0,False,True,False
RA-524,2024,3C,3C,Aluno-524,13,Masculino,2021,Pública,Ametista,7.026322556366667,7.083,5.111779448666667,2.51,8.333333333,8.666666666666666,8.5,7.5,10.0,,,7.39,10.0,Fase 3 (7° e 8° ano),0,3,3,Ametista,Pública,7.083,7.39,0,0,False,True,False
RA-578,2024,3C,3C,Aluno-578,12,Masculino,2021,Privada - Programa de Apadrinhamento,Topázio,9.066199999966669,10.0,10.0,2.51,9.583333333,9.833333333333334,10.0,9.5,10.0,,,9.45,10.0,Fase 2 (5° e 6° ano),1,3,2,Topázio,Privada - Programa de Apadrinhamento,10.002,9.45,1,1,False,True,False
RA-526,2024,3C,3C,Aluno-526,14,Masculino,2022,Pública,Ametista,7.843157894833334,9.585,9.382456140333334,8.13,7.291666667,7.333333333333333,8.5,3.5,10.0,,,7.496666667,5.0,Fase 4 (9° ano),-1,3,4,Ametista,Pública,9.585,7.496666667,-1,-1,False,False,False
RA-528,2024,3C,3C,Aluno-528,13,Masculino,2021,Pública,Ametista,7.276330075300001,9.168,5.793483709333334,7.51,7.291666667,6.666666666666667,8.5,4.5,7.0,,,6.936666667,10.0,Fase 3 (7° e 8° ano),0,3,3,Ametista,Pública,9.168,6.936666667,0,0,False,False,False
RA-516,2024,3C,3C,Aluno-516,11,Masculino,2021,Privada - Programa de Apadrinhamento,Topázio,8.384033333366668,10.0,10.0,2.51,8.541666667,8.833333333333334,8.0,8.5,10.0,,,7.56,10.0,Fase 2 (5° e 6° ano),1,3,2,Topázio,Privada - Programa de Apadrinhamento,10.002,7.56,1,1,False,True,False
RA-534,2024,3C,3C,Aluno-534,14,Masculino,2021,Pública,Ametista,7.088855054266667,9.585,6.043441938333333,7.51,7.5,5.0,4.0,4.0,7.0,,,7.103333333,10.0,Fase 3 (7° e 8° ano),0,3,3,Ametista,Pública,9.585,7.103333333,0,0,True,False,False
RA-1097,2024,3C,3C,Aluno-1097,15,Masculino,2023,Pública,Quartzo,5.475324895633334,10.0,4.849791144666667,6.25,6.041666667,3.0,4.5,4.5,0.0,,,5.88,5.0,Fase 4 (9° ano),-1,3,4,Quartzo,Pública,10.002,5.88,-1,-1,False,False,False
RA-360,2024,3C,3C,Aluno-360,14,Feminino,2021,Pública,Agata,6.293175689166667,8.334,5.618045113,5.0,7.708333333,5.833333333333333,4.0,6.0,7.5,,,6.993333333,5.0,Fase 4 (9° ano),-1,3,4,Ágata,Pública,8.334,6.993333333,-1,-1,False,True,False
RA-1526,2024,3D,3D,Aluno-1526,13,Feminino,2024,Pública,Ametista,7.9798,9.168,10.0,8.75,8.125,3.75,2.0,5.5,,,,8.1275,10.0,Fase 3 (7° e 8° ano),0,3,3,Ametista,Pública,9.168,8.1275,0,0,False,False,False
RA-1077,2024,3D,3D,Aluno-1077,12,Masculino,2023,Pública,Quartzo,5.543865740733334,0.0,7.703703703666666,6.885,6.40625,2.0,0.0,6.0,0.0,,,6.37,10.0,Fase 3 (7° e 8° ano),0,3,3,Quartzo,Pública,0.0,6.37,0,0,False,False,False
RA-508,2024,3D,3D,Aluno-508,12,Masculino,2022,Pública,Agata,6.771708625733333,7.083,5.567251461999999,7.51,7.65625,4.666666666666667,0.0,7.0,7.0,,,7.5,10.0,Fase 2 (5° e 6° ano),1,3,2,Ágata,Pública,7.083,7.5,1,1,False,False,False
RA-363,2024,3D,3D,Aluno-363,14,Masculino,2022,Privada,Ametista,7.617803571466666,9.585,9.523809524,5.625,7.34375,5.333333333333333,4.0,3.5,8.5,,,6.955,10.0,Fase 3 (7° e 8° ano),0,3,3,Ametista,Privada,9.585,6.955,0,0,False,False,False
RA-340,2024,3D,3D,Aluno-340,13,Masculino,2021,Pública,Agata,6.715437329466668,7.917,6.585769980666666,7.51,6.5625,5.166666666666667,6.0,7.0,2.5,,,5.83,10.0,Fase 3 (7° e 8° ano),0,3,3,Ágata,Pública,7.917,5.83,0,0,False,True,False
RA-1527,2024,3D,3D,Aluno-1527,13,Masculino,2024,Pública,Topázio,8.631675000000001,9.168,10.0,7.51,7.96875,8.0,9.0,7.0,,,,7.835,10.0,Fase 3 (7° e 8° ano),0,3,3,Topázio,Pública,9.168,7.835,0,0,False,False,False
RA-509,2024,3D,3D,Aluno-509,13,Feminino,2021,Pública,Agata,6.918152272733334,9.168,6.363636363666667,2.51,8.28125,6.0,6.0,4.5,7.5,,,7.2475,10.0,Fase 3 (7° e 8° ano),0,3,3,Ágata,Pública,9.168,7.2475,0,0,False,True,False
RA-500,2024,3D,3D,Aluno-500,12,Feminino,2021,Privada - Programa de Apadrinhamento,Topázio,8.077708333333334,9.585,10.0,2.51,8.59375,6.666666666666667,6.0,6.0,8.0,,,8.3775,10.0,Fase 3 (7° e 8° ano),0,3,3,Topázio,Privada - Programa de Apadrinhamento,9.585,8.3775,0,0,False,True,False
RA-1528,2024,3D,3D,Aluno-1528,13,Masculino,2024,Pública,Ametista,7.622584090933335,9.168,7.787878788,7.51,7.96875,5.666666666666667,3.0,6.0,8.0,,,7.335,10.0,Fase 3 (7° e 8° ano),0,3,3,Ametista,Pública,9.168,7.335,0,0,False,False,False
RA-1089,2024,3D,3D,Aluno-1089,12,Feminino,2023,Pública,Ametista,7.6221531746,9.168,7.039682539666667,8.13,7.1875,6.833333333333333,6.0,6.0,8.5,,,6.995,10.0,Fase 3 (7° e 8° ano),0,3,3,Ametista,Pública,9.168,6.995,0,0,False,False,False
RA-1090,2024,3D,3D,Aluno-1090,14,Masculino,2023,Pública,Ametista,7.7652831384,9.585,7.621832358666666,7.51,7.8125,6.333333333333333,3.5,7.5,8.0,,,7.4175,10.0,Fase 3 (7° e 8° ano),0,3,3,Ametista,Pública,9.585,7.4175,0,0,False,False,False
RA-503,2024,3D,3D,Aluno-503,12,Masculino,2021,Pública,Topázio,8.547495614066667,9.585,9.824561403666666,7.51,7.8125,7.666666666666667,6.0,8.0,9.0,,,7.7925,10.0,Fase 2 (5° e 6° ano),1,3,2,Topázio,Pública,9.585,7.7925,1,1,False,True,False
RA-1093,2024,3D,3D,Aluno-1093,12,Masculino,2023,Pública,Topázio,8.5079027778,7.5,7.722222222333333,8.13,8.90625,8.666666666666666,8.5,8.0,9.5,,,8.8825,10.0,Fase 3 (7° e 8° ano),0,3,3,Topázio,Pública,7.5,8.8825,0,0,False,False,False
RA-1094,2024,3D,3D,Aluno-1094,12,Feminino,2023,Pública,Topázio,8.0164785714,9.168,9.523809523666666,2.51,8.4375,7.333333333333333,6.0,7.5,8.5,,,8.1675,10.0,Fase 3 (7° e 8° ano),0,3,3,Topázio,Pública,9.168,8.1675,0,0,False,False,False
RA-1095,2024,3D,3D,Aluno-1095,14,Masculino,2023,Pública,Agata,6.108547514666667,7.5,7.84502924,7.51,5.46875,2.3333333333333335,3.0,2.0,2.0,,,5.125,10.0,Fase 3 (7° e 8° ano),0,3,3,Ágata,Pública,7.5,5.125,0,0,False,False,False
RA-1098,2024,3D,3D,Aluno-1098,14,Feminino,2023,Pública,Agata,6.5744562514,8.751,5.822406257,7.51,7.34375,3.5,1.0,3.5,6.0,,,6.7475,10.0,Fase 3 (7° e 8° ano),0,3,3,Ágata,Pública,8.751,6.7475,0,0,False,False,False
RA-1106,2024,3F,3F,Aluno-1106,13,Masculino,2023,Pública,Quartzo,5.936272086266667,8.334,5.4312354313333335,7.51,7.65625,0.0,0.0,0.0,0.0,,,7.5,10.0,Fase 3 (7° e 8° ano),0,3,3,Quartzo,Pública,8.334,7.5,0,0,False,False,False
RA-568,2024,3F,3F,Aluno-568,16,Masculino,2021,Pública,Quartzo,5.545864285733334,7.917,3.2619047620000003,8.13,6.5625,5.166666666666667,5.0,5.5,5.0,,,5.496,5.0,Fase 5 (1° EM),-2,3,5,Quartzo,Pública,7.917,5.496,-2,-2,False,True,False
RA-558,2024,3F,3F,Aluno-558,16,Masculino,2022,Pública,Quartzo,5.048054503133334,9.168,3.7763975156666674,8.13,6.09375,3.0,2.5,4.0,2.5,,,4.268,5.0,Fase 5 (1° EM),-2,3,5,Quartzo,Pública,9.168,4.268,-2,-2,False,False,False
RA-559,2024,3F,3F,Aluno-559,13,Masculino,2021,Pública,Agata,6.158158974333333,10.0,5.705128205,8.13,6.25,3.1666666666666665,1.0,2.5,6.0,,,4.728,10.0,Fase 3 (7° e 8° ano),0,3,3,Ágata,Pública,10.002,4.728,0,0,False,False,False
RA-1529,2024,3F,3F,Aluno-1529,14,Feminino,2024,Pública,Agata,6.710079487200001,6.666,7.435897436,7.51,8.125,5.5,6.0,5.5,5.0,,,6.964,5.0,Fase 4 (9° ano),-1,3,4,Ágata,Pública,6.666,6.964,-1,-1,False,False,False
RA-1111,2024,3F,3F,Aluno-1111,12,Feminino,2023,Pública,Agata,6.116032815733334,6.249,4.600414078666667,7.5,6.5625,5.0,5.0,4.0,6.0,,,5.824,10.0,Fase 2 (5° e 6° ano),1,3,2,Ágata,Pública,6.249,5.824,1,1,False,False,False
RA-1108,2024,3F,3F,Aluno-1108,13,Masculino,2023,Pública,Agata,6.017215010400001,9.168,3.7546583853333337,8.13,7.1875,3.6666666666666665,3.5,3.5,4.0,,,5.422,10.0,Fase 3 (7° e 8° ano),0,3,3,Ágata,Pública,9.168,5.422,0,0,False,False,False
RA-542,2024,3F,3F,Aluno-542,13,Feminino,2021,Pública,Agata,6.7205649586,8.751,6.481366459666667,8.13,7.03125,3.9333333333333336,1.5,5.0,5.3,,,6.232,10.0,Fase 3 (7° e 8° ano),0,3,3,Ágata,Pública,8.751,6.232,0,0,False,True,False
RA-543,2024,3F,3F,Aluno-543,12,Feminino,2022,Pública,Topázio,8.0467871118,8.751,9.616977225666666,2.51,8.90625,6.833333333333333,7.0,6.5,7.0,,,8.7,10.0,Fase 2 (5° e 6° ano),1,3,2,Topázio,Pública,8.751,8.7,1,1,False,False,False
RA-1530,2024,3F,3F,Aluno-1530,13,Masculino,2024,Pública,Quartzo,4.6391535714200005,0.0,2.5238095237666665,8.13,7.03125,2.8333333333333335,1.5,7.0,0.0,,,5.258,10.0,Fase 3 (7° e 8° ano),0,3,3,Quartzo,Pública,0.0,5.258,0,0,False,False,False
RA-555,2024,3F,3F,Aluno-555,14,Masculino,2021,Pública,Quartzo,5.111470186333333,10.0,2.7505175983333334,6.885,5.0,4.333333333333333,5.0,4.0,4.0,,,5.03,5.0,Fase 4 (9° ano),-1,3,4,Quartzo,Pública,10.002,5.03,-1,-1,False,True,False
RA-1531,2024,3F,3F,Aluno-1531,14,Masculino,2024,Pública,Ametista,7.0491790134,8.751,7.9726867336666665,7.505,7.34375,5.833333333333333,4.5,8.0,5.0,,,7.14,5.0,Fase 4 (9° ano),-1,3,4,Ametista,Pública,8.751,7.14,-1,-1,False,False,False
RA-1099,2024,3G,3G,Aluno-1099,14,Feminino,2023,Pública,Ametista,7.332483333333334,8.334,8.133333333333333,10.0,7.8125,3.8333333333333335,2.5,3.5,5.5,,,6.6225,10.0,Fase 3 (7° e 8° ano),0,3,3,Ametista,Pública,8.334,6.6225,0,0,False,False,False
RA-1154,2024,3G,3G,Aluno-1154,14,Masculino,2023,Pública,Ametista,7.5660750000000005,7.917,9.200000000000001,7.51,7.34375,8.0,7.0,7.0,10.0,,,6.745,5.0,Fase 4 (9° ano),-1,3,4,Ametista,Pública,7.917,6.745,-1,-1,False,False,False
RA-1100,2024,3G,3G,Aluno-1100,12,Masculino,2023,Pública,Agata,6.649708333333334,7.5,7.1000000000000005,7.51,6.71875,4.666666666666667,4.0,4.0,6.0,,,5.6175,10.0,Fase 2 (5° e 6° ano),1,3,2,Ágata,Pública,7.5,5.6175,1,1,False,False,False
RA-381,2024,3G,3G,Aluno-381,15,Masculino,2021,Pública,Quartzo,5.940775,8.334,6.133333333333333,7.51,6.71875,3.6666666666666665,2.5,4.5,4.0,,,6.1225,5.0,Fase 5 (1° EM),-2,3,5,Quartzo,Pública,8.334,6.1225,-2,-2,False,True,False
RA-364,2024,3G,3G,Aluno-364,13,Masculino,2021,Pública,Topázio,8.2697037582,8.751,9.526143791,7.51,7.96875,7.5,8.0,5.0,9.5,,,7.2075,10.0,Fase 3 (7° e 8° ano),0,3,3,Topázio,Pública,8.751,7.2075,0,0,False,True,False
RA-539,2024,3G,3G,Aluno-539,13,Feminino,2022,Privada - Programa de Apadrinhamento,Topázio,8.465533333333335,10.0,9.233333333333333,7.51,8.75,5.833333333333333,5.0,3.5,9.0,,,9.13,10.0,Fase 3 (7° e 8° ano),0,3,3,Topázio,Privada - Programa de Apadrinhamento,10.002,9.13,0,0,False,False,False
RA-573,2024,3G,3G,Aluno-573,13,Masculino,2021,Pública,Ametista,7.839050000000001,9.168,9.5,8.755,7.8125,5.0,6.0,3.5,5.5,,,6.8275,10.0,Fase 3 (7° e 8° ano),0,3,3,Ametista,Pública,9.168,6.8275,0,0,False,True,False
RA-1107,2024,3G,3G,Aluno-1107,13,Feminino,2023,Pública,Quartzo,5.9731,8.751,6.2,2.51,7.5,2.5,1.0,3.5,3.0,,,6.785,10.0,Fase 3 (7° e 8° ano),0,3,3,Quartzo,Pública,8.751,6.785,0,0,False,False,False
RA-368,2024,3G,3G,Aluno-368,15,Masculino,2021,Pública,Agata,6.782158333333333,7.917,6.166666666666667,7.51,7.65625,7.0,4.5,7.0,9.5,,,6.7025,5.0,Fase 4 (9° ano),-1,3,4,Ágata,Pública,7.917,6.7025,-1,-1,False,True,False
RA-387,2024,3G,3G,Aluno-387,15,Masculino,2021,Pública,Agata,6.125500000000001,7.5,7.166666666666667,7.51,6.25,4.333333333333333,5.0,4.0,4.0,,,5.9975,5.0,Fase 4 (9° ano),-1,3,4,Ágata,Pública,7.5,5.9975,-1,-1,False,True,False
RA-556,2024,3G,3G,Aluno-556,13,Feminino,2021,Pública,Quartzo,5.833377380933333,7.083,6.171428571333333,2.51,6.40625,3.8333333333333335,1.5,4.5,5.5,,,6.1625,10.0,Fase 3 (7° e 8° ano),0,3,3,Quartzo,Pública,7.083,6.1625,0,0,False,True,False
RA-389,2024,3G,3G,Aluno-389,13,Masculino,2021,Pública,Ametista,7.2079551282,9.585,6.674358974333333,8.76,6.5625,5.166666666666667,6.5,4.0,5.0,,,6.745,10.0,Fase 3 (7° e 8° ano),0,3,3,Ametista,Pública,9.585,6.745,0,0,False,True,False
RA-390,2024,3G,3G,Aluno-390,13,Feminino,2022,Pública,Agata,6.5472236842000004,7.5,6.080701754333333,8.755,6.5625,4.166666666666667,3.0,2.5,7.0,,,6.08,10.0,Fase 3 (7° e 8° ano),0,3,3,Ágata,Pública,7.5,6.08,0,0,False,False,False
RA-376,2024,3G,3G,Aluno-376,14,Feminino,2021,Pública,Quartzo,5.896573588800001,10.0,8.287284610666667,2.51,6.5625,2.8333333333333335,2.0,5.0,1.5,,,6.325,5.0,Fase 4 (9° ano),-1,3,4,Quartzo,Pública,10.002,6.325,-1,-1,False,True,False
RA-584,2024,3G,3G,Aluno-584,12,Feminino,2021,Pública,Agata,6.752914393933334,8.751,5.636363636333333,8.755,7.34375,4.333333333333333,2.0,5.0,6.0,,,6.37,10.0,Fase 3 (7° e 8° ano),0,3,3,Ágata,Pública,8.751,6.37,0,0,False,True,False
RA-535,2024,3H,3H,Aluno-535,12,Feminino,2021,Pública,Ametista,7.659555952400001,9.168,7.161904762,8.135,7.96875,6.0,7.0,5.5,5.5,,,7.5,10.0,Fase 3 (7° e 8° ano),0,3,3,Ametista,Pública,9.168,7.5,0,0,False,True,False
RA-547,2024,3H,3H,Aluno-547,13,Feminino,2021,Pública,Ametista,7.2102906723333335,8.751,7.030620028333334,8.135,5.625,6.833333333333333,9.0,4.5,7.0,,,5.932,10.0,Fase 3 (7° e 8° ano),0,3,3,Ametista,Pública,8.751,5.932,0,0,False,True,False
RA-557,2024,3H,3H,Aluno-557,12,Masculino,2021,Privada - Programa de Apadrinhamento,Topázio,9.350986466133334,10.0,8.756265663999999,7.51,10.0,9.666666666666666,10.0,9.0,10.0,,,9.576,10.0,Fase 3 (7° e 8° ano),0,3,3,Topázio,Privada - Programa de Apadrinhamento,10.002,9.576,0,0,False,True,False
RA-548,2024,3H,3H,Aluno-548,13,Masculino,2021,Pública,Ametista,7.240168803466668,9.168,7.600427350666667,7.51,5.9375,6.666666666666667,9.0,5.0,6.0,,,5.626,10.0,Fase 3 (7° e 8° ano),0,3,3,Ametista,Pública,9.168,5.626,0,0,False,True,False
RA-1102,2024,3H,3H,Aluno-1102,12,Masculino,2023,Pública,Topázio,8.440611904733334,8.751,9.390476190333333,8.13,5.9375,9.333333333333334,10.0,8.0,10.0,,,7.07,10.0,Fase 2 (5° e 6° ano),1,3,2,Topázio,Pública,8.751,7.07,1,1,False,False,False
RA-1532,2024,3H,3H,Aluno-1532,15,Masculino,2024,Pública,Quartzo,4.548544781066667,0.0,3.9057239053333332,7.51,7.5,2.0,0.0,6.0,0.0,,,6.832,5.0,Fase 4 (9° ano),-1,3,4,Quartzo,Pública,0.0,6.832,-1,-1,False,False,False
RA-538,2024,3H,3H,Aluno-538,14,Masculino,2022,Pública,Agata,6.514094017066666,8.751,7.668803418666666,7.51,5.625,6.166666666666667,10.0,4.5,4.0,,,5.292,5.0,Fase 4 (9° ano),-1,3,4,Ágata,Pública,8.751,5.292,-1,-1,False,False,False
RA-365,2024,3H,3H,Aluno-365,11,Feminino,2022,Pública,Topázio,8.526983333333334,9.585,10.0,7.51,8.4375,6.666666666666667,8.0,7.0,5.0,,,8.202,10.0,Fase 2 (5° e 6° ano),1,3,2,Topázio,Pública,9.585,8.202,1,1,False,False,False
RA-563,2024,3H,3H,Aluno-563,12,Feminino,2021,Pública,Topázio,8.595447619066668,9.168,9.461904762000001,8.135,8.125,8.333333333333334,10.0,9.0,6.0,,,7.468,10.0,Fase 3 (7° e 8° ano),0,3,3,Topázio,Pública,9.168,7.468,0,0,False,True,False
RA-1157,2024,3H,3H,Aluno-1157,15,Masculino,2023,Pública,Ametista,7.916082936533334,9.585,9.082539682666665,7.51,7.96875,7.0,8.0,6.0,7.0,,,8.466,5.0,Fase 4 (9° ano),-1,3,4,Ametista,Pública,9.585,8.466,-1,-1,False,False,False
RA-258,2024,3H,3H,Aluno-258,13,Feminino,2021,Pública,Agata,6.429063888866667,7.084,6.944444444333333,7.51,7.34375,2.5,,5.0,0.0,,,6.732,10.0,Fase 3 (7° e 8° ano),0,3,3,Ágata,Pública,7.084,6.732,0,0,False,True,False
RA-369,2024,3H,3H,Aluno-369,13,Masculino,2022,Pública,Quartzo,5.667282265,8.751,4.908119658333334,7.51,6.40625,1.6666666666666667,0.0,0.0,5.0,,,5.428,10.0,Fase 3 (7° e 8° ano),0,3,3,Quartzo,Pública,8.751,5.428,0,0,False,False,False
RA-375,2024,3H,3H,Aluno-375,13,Masculino,2021,Pública,Ametista,7.970034615400001,9.585,9.443589743666667,7.51,7.1875,6.833333333333333,9.0,5.5,6.0,,,6.432,10.0,Fase 3 (7° e 8° ano),0,3,3,Ametista,Pública,9.585,6.432,0,0,False,True,False
RA-1533,2024,3I,3I,Aluno-1533,14,Feminino,2024,Pública,Topázio,9.089828985533336,9.168,9.710144927666667,8.135,8.5,9.5,10.0,8.5,10.0,,,8.3375,10.0,Fase 3 (7° e 8° ano),0,3,3,Topázio,Pública,9.168,8.3375,0,0,False,False,False
RA-1534,2024,3I,3I,Aluno-1534,13,Feminino,2024,Pública,Ametista,7.188366666666667,7.917,9.666666666666666,8.135,8.0,1.1666666666666667,2.0,1.5,0.0,,,8.0825,10.0,Fase 3 (7° e 8° ano),0,3,3,Ametista,Pública,7.917,8.0825,0,0,False,False,False
RA-1160,2024,3I,3I,Aluno-1160,14,Masculino,2023,Pública,Agata,6.274190982333334,8.751,8.201288245,7.51,6.25,3.1666666666666665,5.5,2.0,2.0,,,6.2475,5.0,Fase 4 (9° ano),-1,3,4,Ágata,Pública,8.751,6.2475,-1,-1,False,False,False
RA-562,2024,3I,3I,Aluno-562,13,Feminino,2021,Pública,Topázio,8.392733333333334,8.334,9.833333333333334,8.135,7.625,7.833333333333333,7.5,7.5,8.5,,,7.25,10.0,Fase 3 (7° e 8° ano),0,3,3,Topázio,Pública,8.334,7.25,0,0,False,False,False
RA-1112,2024,3I,3I,Aluno-1112,13,Masculino,2023,Pública,Agata,6.8560823939999995,9.585,9.02791197,8.135,5.375,4.0,4.0,4.0,4.0,,,4.705,10.0,Fase 3 (7° e 8° ano),0,3,3,Ágata,Pública,9.585,4.705,0,0,False,False,False
RA-1535,2024,3I,3I,Aluno-1535,13,Feminino,2024,Pública,Ametista,7.109390969933334,8.751,5.103121516333333,7.51,7.125,5.833333333333333,7.5,5.5,4.5,,,7.9175,10.0,Fase 3 (7° e 8° ano),0,3,3,Ametista,Pública,8.751,7.9175,0,0,False,False,False
RA-1536,2024,3I,3I,Aluno-1536,15,Feminino,2024,Pública,Ametista,7.653744444466668,9.168,8.722222222333334,8.135,7.875,7.0,10.0,3.5,7.5,,,7.4575,5.0,Fase 4 (9° ano),-1,3,4,Ametista,Pública,9.168,7.4575,-1,-1,False,False,False
RA-357,2024,3I,3I,Aluno-357,14,Masculino,2022,Pública,Ametista,7.731569404200001,8.751,9.028180354333333,8.135,7.875,7.666666666666667,8.5,7.0,7.5,,,7.0825,5.0,Fase 4 (9° ano),-1,3,4,Ametista,Pública,8.751,7.0825,-1,-1,False,False,False
RA-583,2024,3I,3I,Aluno-583,14,Feminino,2021,Pública,Ametista,7.447591035933334,7.917,8.904455179666668,8.135,6.875,5.0,6.5,4.5,4.0,,,6.87,10.0,Fase 3 (7° e 8° ano),0,3,3,Ametista,Pública,7.917,6.87,0,0,False,True,False
RA-1537,2024,3I,3I,Aluno-1537,14,Feminino,2024,Pública,Topázio,8.176263231333333,9.168,8.33064949,8.135,8.125,8.666666666666666,10.0,6.0,10.0,,,8.67,5.0,Fase 4 (9° ano),-1,3,4,Topázio,Pública,9.168,8.67,-1,-1,False,False,False
RA-599,2024,3K,3K,Aluno-599,12,Masculino,2022,Pública,Topázio,8.3569352941,10.0,8.607843137333333,9.375,7.083333333,7.666666666666667,8.0,7.0,8.0,,,7.28,10.0,Fase 2 (5° e 6° ano),1,3,2,Topázio,Pública,10.002,7.28,1,1,False,False,False
RA-651,2024,3K,3K,Aluno-651,12,Feminino,2022,Pública,Topázio,8.689300000100001,9.168,10.0,7.51,8.541666667,7.5,10.0,6.0,6.5,,,8.336666667,10.0,Fase 2 (5° e 6° ano),1,3,2,Topázio,Pública,9.168,8.336666667,1,1,False,False,False
RA-1131,2024,3K,3K,Aluno-1131,13,Feminino,2023,Privada - Programa de Apadrinhamento,Topázio,8.2889555555,8.334,9.277777777666666,6.255,7.291666667,8.333333333333334,8.0,7.0,10.0,,,7.893333333,10.0,Fase 3 (7° e 8° ano),0,3,3,Topázio,Privada - Programa de Apadrinhamento,8.334,7.893333333,0,0,False,False,False
RA-403,2024,3K,3K,Aluno-403,14,Masculino,2021,Pública,Topázio,8.008488888833334,8.751,7.361111111,7.51,8.541666667,7.666666666666667,6.0,8.0,9.0,,,7.613333333,10.0,Fase 3 (7° e 8° ano),0,3,3,Topázio,Pública,8.751,7.613333333,0,0,False,True,False
RA-1538,2024,3K,3K,Aluno-1538,13,Masculino,2021,Pública,Ametista,7.9631703704333345,9.168,7.935185184999999,8.13,7.916666667,7.166666666666667,7.5,6.0,8.0,,,7.106666667,10.0,Fase 2 (5° e 6° ano),1,3,2,Ametista,Pública,9.168,7.106666667,1,1,False,False,False
RA-469,2024,3K,3K,Aluno-469,13,Feminino,2022,Pública,Ametista,7.684639869300001,9.168,9.498366013,7.51,7.291666667,5.0,6.0,4.0,5.0,,,6.94,10.0,Fase 3 (7° e 8° ano),0,3,3,Ametista,Pública,9.168,6.94,0,0,False,False,False
RA-1121,2024,3K,3K,Aluno-1121,12,Masculino,2023,Pública,Topázio,8.407166666633334,9.585,10.0,7.51,7.083333333,6.666666666666667,9.0,5.0,6.0,,,8.28,10.0,Fase 3 (7° e 8° ano),0,3,3,Topázio,Pública,9.585,8.28,0,0,False,False,False
RA-1122,2024,3K,3K,Aluno-1122,12,Masculino,2023,Pública,Ametista,7.817322222166666,8.751,9.861111111,7.51,7.083333333,5.333333333333333,5.0,4.5,6.5,,,7.22,10.0,Fase 2 (5° e 6° ano),1,3,2,Ametista,Pública,8.751,7.22,1,1,False,False,False
RA-422,2024,3K,3K,Aluno-422,14,Masculino,2022,Pública,Quartzo,5.544981481433334,7.5,6.157407407333333,7.51,6.458333333,2.8333333333333335,3.0,4.5,1.0,,,5.5,5.0,Fase 4 (9° ano),-1,3,4,Quartzo,Pública,7.5,5.5,-1,-1,False,False,False
RA-1117,2024,3K,3K,Aluno-1117,12,Feminino,2023,Pública,Ametista,7.601562962866668,8.751,8.314814814666667,7.51,8.125,5.666666666666667,5.0,5.0,7.0,,,6.833333333,10.0,Fase 2 (5° e 6° ano),1,3,2,Ametista,Pública,8.751,6.833333333,1,1,False,False,False
RA-1539,2024,3K,3K,Aluno-1539,13,Feminino,2024,Pública,Ametista,7.709588888900001,6.667,9.027777777666666,6.885,7.708333333,6.833333333333333,6.0,7.0,7.5,,,7.056666667,10.0,Fase 3 (7° e 8° ano),0,3,3,Ametista,Pública,6.667,7.056666667,0,0,False,False,False
RA-618,2024,3K,3K,Aluno-618,15,Masculino,2021,Pública,Agata,6.718348148233334,10.0,8.324074074,6.88,6.666666667,4.166666666666667,5.0,4.5,3.0,,,6.826666667,5.0,Fase 5 (1° EM),-2,3,5,Ágata,Pública,10.002,6.826666667,-2,-2,False,True,False
RA-669,2024,3K,3K,Aluno-669,12,Masculino,2022,Pública,Agata,6.6438703703,7.5,4.851851851666666,7.51,7.291666667,5.333333333333333,5.0,6.0,5.0,,,6.883333333,10.0,Fase 3 (7° e 8° ano),0,3,3,Ágata,Pública,7.5,6.883333333,0,0,False,False,False
RA-408,2024,3K,3K,Aluno-408,14,Feminino,2022,Pública,Agata,6.5276296297,7.5,4.981481481666667,7.51,7.083333333,4.833333333333333,3.0,5.5,6.0,,,6.776666667,10.0,Fase 3 (7° e 8° ano),0,3,3,Ágata,Pública,7.5,6.776666667,0,0,False,False,False
RA-610,2024,3K,3K,Aluno-610,11,Feminino,2022,Pública,Ametista,7.894888888933334,9.585,9.694444444333334,3.76,6.875,6.333333333333333,8.0,5.0,6.0,,,8.336666667,10.0,Fase 2 (5° e 6° ano),1,3,2,Ametista,Pública,9.585,8.336666667,1,1,False,False,False
RA-409,2024,3K,3K,Aluno-409,13,Feminino,2022,Pública,Topázio,8.225462962900002,9.585,9.231481481333333,7.51,7.916666667,7.166666666666667,7.0,7.5,7.0,,,7.223333333,10.0,Fase 3 (7° e 8° ano),0,3,3,Topázio,Pública,9.585,7.223333333,0,0,False,False,False
RA-464,2024,3L,3L,Aluno-464,15,Feminino,2022,Pública,Agata,6.872009064333334,9.168,7.851461988333334,8.76,7.1875,4.333333333333333,3.0,3.5,6.5,,,7.1175,5.0,Fase 4 (9° ano),-1,3,4,Ágata,Pública,9.168,7.1175,-1,-1,False,False,False
RA-1165,2024,3L,3L,Aluno-1165,13,Feminino,2023,Pública,Ametista,7.908044272466667,8.751,6.829721362333333,8.135,6.875,8.0,9.0,7.5,7.5,,,7.83,10.0,Fase 3 (7° e 8° ano),0,3,3,Ametista,Pública,8.751,7.83,0,0,False,False,False
RA-466,2024,3L,3L,Aluno-466,15,Masculino,2022,Pública,Agata,6.778749122800001,8.751,7.223245614,8.76,7.5,4.0,3.0,6.5,2.5,,,7.665,5.0,Fase 4 (9° ano),-1,3,4,Ágata,Pública,8.751,7.665,-1,-1,False,False,False
RA-414,2024,3L,3L,Aluno-414,14,Feminino,2021,Pública,Ametista,7.187625925933334,7.917,8.429629629666666,7.51,6.25,6.0,9.0,3.0,6.0,,,5.67,10.0,Fase 3 (7° e 8° ano),0,3,3,Ametista,Pública,7.917,5.67,0,0,False,False,False
RA-401,2024,3L,3L,Aluno-401,14,Feminino,2021,Pública,Agata,6.728911403533334,6.666,6.839473684333334,6.885,6.5625,4.833333333333333,7.0,5.0,2.5,,,6.915,10.0,Fase 3 (7° e 8° ano),0,3,3,Ágata,Pública,6.666,6.915,0,0,False,False,False
RA-1141,2024,3L,3L,Aluno-1141,13,Feminino,2023,Pública,Agata,6.793890866866667,9.585,6.191537667666666,7.51,6.5625,4.166666666666667,5.0,4.5,3.0,,,6.7825,10.0,Fase 3 (7° e 8° ano),0,3,3,Ágata,Pública,9.585,6.7825,0,0,False,False,False
RA-592,2024,3L,3L,Aluno-592,12,Feminino,2021,Privada,Ametista,7.121622213600001,7.917,6.108152734666667,2.51,7.65625,7.833333333333333,7.0,8.0,8.5,,,7.625,10.0,Fase 2 (5° e 6° ano),1,3,2,Ametista,Privada,7.917,7.625,1,1,False,True,False
RA-474,2024,3L,3L,Aluno-474,15,Masculino,2021,Pública,Agata,6.024753703733333,9.168,5.818518518666667,7.51,7.1875,3.0,4.0,3.0,2.0,,,6.8725,5.0,Fase 4 (9° ano),-1,3,4,Ágata,Pública,9.168,6.8725,-1,-1,False,True,False
RA-602,2024,3L,3L,Aluno-602,13,Masculino,2021,Pública,Topázio,8.647409313733334,9.585,9.670588235333334,7.51,8.28125,7.333333333333333,9.0,5.0,8.0,,,8.545,10.0,Fase 3 (7° e 8° ano),0,3,3,Topázio,Pública,9.585,8.545,0,0,False,True,False
RA-666,2024,3L,3L,Aluno-666,12,Masculino,2022,Pública,Topázio,8.185838802933334,10.0,7.881527348,7.51,7.5,7.166666666666667,10.0,5.5,6.0,,,8.375,10.0,Fase 3 (7° e 8° ano),0,3,3,Topázio,Pública,10.002,8.375,0,0,False,False,False
RA-604,2024,3L,3L,Aluno-604,12,Feminino,2021,Pública,Ametista,7.429623555266667,8.334,7.5029927763333335,8.13,6.40625,7.0,8.0,5.5,7.5,,,6.21,10.0,Fase 2 (5° e 6° ano),1,3,2,Ametista,Pública,8.334,6.21,1,1,False,False,False
RA-476,2024,3L,3L,Aluno-476,14,Feminino,2021,Pública,Agata,6.7359982456,7.917,6.5964912280000005,7.51,6.25,4.5,7.0,4.0,2.5,,,6.745,10.0,Fase 3 (7° e 8° ano),0,3,3,Ágata,Pública,7.917,6.745,0,0,False,True,False
RA-423,2024,3L,3L,Aluno-423,14,Feminino,2022,Pública,Agata,6.616193704866666,5.833,6.501135191,8.13,6.875,4.333333333333333,6.0,3.5,3.5,,,6.8275,10.0,Fase 3 (7° e 8° ano),0,3,3,Ágata,Pública,5.833,6.8275,0,0,False,False,False
RA-631,2024,3L,3L,Aluno-631,14,Masculino,2022,Pública,Agata,6.795673420466667,8.334,7.2122004356666665,8.75,5.625,4.166666666666667,7.0,3.5,2.0,,,6.245,10.0,Fase 3 (7° e 8° ano),0,3,3,Ágata,Pública,8.334,6.245,0,0,False,False,False
RA-658,2024,3M,3M,Aluno-658,12,Feminino,2022,Pública,Ametista,7.507033333333333,8.751,10.0,8.135,7.375,3.6666666666666665,5.5,2.5,3.0,,,6.738,10.0,Fase 2 (5° e 6° ano),1,3,2,Ametista,Pública,8.751,6.738,1,1,False,False,False
RA-1540,2024,3M,3M,Aluno-1540,14,Feminino,2024,Pública,Quartzo,5.696233333333334,8.334,5.0,7.51,7.125,2.6666666666666665,2.0,2.0,4.0,,,6.83,5.0,Fase 4 (9° ano),-1,3,4,Quartzo,Pública,8.334,6.83,-1,-1,False,False,False
RA-1541,2024,3M,3M,Aluno-1541,13,Masculino,2024,Pública,Topázio,8.337,9.168,8.633333333333333,6.88,8.25,8.166666666666666,9.0,7.0,8.5,,,7.736,10.0,Fase 3 (7° e 8° ano),0,3,3,Topázio,Pública,9.168,7.736,0,0,False,False,False
RA-1114,2024,3M,3M,Aluno-1114,12,Feminino,2023,Pública,Ametista,7.437466666666667,8.751,9.533333333333333,2.51,8.375,5.0,5.0,3.0,7.0,,,7.836,10.0,Fase 3 (7° e 8° ano),0,3,3,Ametista,Pública,8.751,7.836,0,0,False,False,False
RA-662,2024,3M,3M,Aluno-662,13,Feminino,2022,Pública,Ametista,7.1074778554666675,7.917,7.6107226106666666,7.51,7.625,4.166666666666667,4.5,5.0,3.0,,,7.234,10.0,Fase 3 (7° e 8° ano),0,3,3,Ametista,Pública,7.917,7.234,0,0,False,False,False
RA-760,2024,3M,3M,Aluno-760,13,Masculino,2021,Pública,Agata,6.942581818200001,9.168,7.090909091,7.51,6.25,5.0,2.5,3.5,9.0,,,6.158,10.0,Fase 3 (7° e 8° ano),0,3,3,Ágata,Pública,9.168,6.158,0,0,False,False,False
RA-1542,2024,3M,3M,Aluno-1542,16,Feminino,2024,Pública,Agata,6.0886079922,7.501,6.304873294333333,8.135,7.375,3.1666666666666665,1.0,3.5,5.0,,,6.966,5.0,Fase 5 (1° EM),-2,3,5,Ágata,Pública,7.501,6.966,-2,-2,False,False,False
RA-404,2024,3M,3M,Aluno-404,14,Feminino,2021,Pública,Agata,6.624588235266668,8.334,6.286274509666666,2.51,7.5,5.666666666666667,6.0,5.0,6.0,,,6.998,10.0,Fase 3 (7° e 8° ano),0,3,3,Ágata,Pública,8.334,6.998,0,0,False,True,False
RA-1119,2024,3M,3M,Aluno-1119,14,Feminino,2023,Pública,Ametista,7.388266666666667,9.585,8.716666666666667,7.51,7.625,5.666666666666667,6.0,3.5,7.5,,,7.698,5.0,Fase 4 (9° ano),-1,3,4,Ametista,Pública,9.585,7.698,-1,-1,False,False,False
RA-1116,2024,3M,3M,Aluno-1116,15,Masculino,2023,Pública,Quartzo,3.7894777778,0.0,3.3555555556666667,6.26,5.125,2.3333333333333335,1.0,3.0,3.0,,,5.066,5.0,Fase 4 (9° ano),-1,3,4,Quartzo,Pública,0.0,5.066,-1,-1,False,False,False
RA-667,2024,3M,3M,Aluno-667,13,Masculino,2021,Pública,Ametista,7.177130604266668,9.168,7.038986354666666,7.51,7.75,4.666666666666667,5.5,4.5,4.0,,,6.966,10.0,Fase 3 (7° e 8° ano),0,3,3,Ametista,Pública,9.168,6.966,0,0,False,False,False
RA-605,2024,3M,3M,Aluno-605,13,Feminino,2021,Pública,Agata,6.0175222222,7.5,6.194444444333333,6.885,7.0,2.6666666666666665,1.5,3.5,3.0,,,5.534,10.0,Fase 3 (7° e 8° ano),0,3,3,Ágata,Pública,7.5,5.534,0,0,False,False,False
RA-1543,2024,3M,3M,Aluno-1543,14,Masculino,2024,Pública,Agata,6.754584615400001,7.5,8.076923077,7.51,7.25,5.0,6.0,4.0,,,,7.066,5.0,Fase 4 (9° ano),-1,3,4,Ágata,Pública,7.5,7.066,-1,-1,False,False,False
RA-1118,2024,3M,3M,Aluno-1118,14,Feminino,2023,Pública,Ametista,7.0305545924,7.084,7.846439628666666,9.38,6.75,3.8333333333333335,3.0,4.5,4.0,,,6.866,10.0,Fase 3 (7° e 8° ano),0,3,3,Ametista,Pública,7.084,6.866,0,0,False,False,False
RA-1544,2024,3M,3M,Aluno-1544,14,Feminino,2024,Pública,Agata,6.905568627466667,8.334,8.674509804,6.885,6.625,5.833333333333333,5.5,5.5,6.5,,,6.598,5.0,Fase 4 (9° ano),-1,3,4,Ágata,Pública,8.334,6.598,-1,-1,False,False,False
RA-1545,2024,3N,3N,Aluno-1545,12,Feminino,2024,Pública,Ametista,7.296598575533334,7.501,6.210826211,8.13,6.25,8.166666666666666,8.0,6.5,10.0,,,6.165,10.0,Fase 3 (7° e 8° ano),0,3,3,Ametista,Pública,7.501,6.165,0,0,False,False,False
RA-1127,2024,3N,3N,Aluno-1127,12,Feminino,2023,Pública,Topázio,8.180966666666668,9.168,10.0,7.51,8.125,5.833333333333333,8.5,4.5,4.5,,,7.67,10.0,Fase 3 (7° e 8° ano),0,3,3,Topázio,Pública,9.168,7.67,0,0,False,False,False
RA-1129,2024,3N,3N,Aluno-1129,12,Masculino,2023,Pública,Ametista,7.360417647066668,9.168,7.137254902,8.13,6.875,6.833333333333333,9.0,5.5,6.0,,,5.745,10.0,Fase 3 (7° e 8° ano),0,3,3,Ametista,Pública,9.168,5.745,0,0,False,False,False
RA-1546,2024,3N,3N,Aluno-1546,14,Masculino,2024,Pública,Agata,6.900662108266667,8.334,6.374643874666667,8.75,7.5,4.666666666666667,5.0,3.0,6.0,,,6.17,10.0,Fase 3 (7° e 8° ano),0,3,3,Ágata,Pública,8.334,6.17,0,0,False,False,False
RA-1130,2024,3N,3N,Aluno-1130,12,Masculino,2023,Pública,Agata,6.563952941199999,8.751,6.278431372666667,8.13,6.875,4.333333333333333,7.5,3.5,2.0,,,5.33,10.0,Fase 3 (7° e 8° ano),0,3,3,Ágata,Pública,8.751,5.33,0,0,False,False,False
RA-1168,2024,3N,3N,Aluno-1168,14,Feminino,2023,Pública,Agata,6.864053921600001,9.585,7.682352941333334,7.51,7.1875,5.666666666666667,8.5,3.5,5.0,,,6.33,5.0,Fase 4 (9° ano),-1,3,4,Ágata,Pública,9.585,6.33,-1,-1,False,False,False
RA-613,2024,3N,3N,Aluno-613,15,Masculino,2021,Pública,Ametista,7.4019,8.334,9.566666666666666,7.51,6.875,7.333333333333333,8.0,6.0,8.0,,,6.25,5.0,Fase 4 (9° ano),-1,3,4,Ametista,Pública,8.334,6.25,-1,-1,False,True,False
RA-433,2024,3N,3N,Aluno-433,14,Masculino,2022,Pública,Ametista,7.218157142866668,7.918,8.380952381,8.13,6.875,4.833333333333333,6.5,4.0,4.0,,,6.415,10.0,Fase 3 (7° e 8° ano),0,3,3,Ametista,Pública,7.918,6.415,0,0,False,False,False
RA-1547,2024,3N,3N,Aluno-1547,14,Feminino,2024,Pública,Agata,6.748480626800001,7.917,6.467236467333334,8.13,7.5,6.666666666666667,9.5,6.0,4.5,,,6.335,5.0,Fase 4 (9° ano),-1,3,4,Ágata,Pública,7.917,6.335,-1,-1,False,False,False
RA-1548,2024,3N,3N,Aluno-1548,13,Feminino,2024,Pública,Agata,6.482499715066667,8.334,5.2421652420000004,7.51,7.5,4.833333333333333,9.0,4.5,1.0,,,5.665,10.0,Fase 3 (7° e 8° ano),0,3,3,Ágata,Pública,8.334,5.665,0,0,False,False,False
RA-304,2024,3N,3N,Aluno-304,16,Masculino,2021,Pública,Agata,6.852411484600001,10.0,7.826890756333333,7.51,6.875,7.166666666666667,9.0,5.5,7.0,,,5.825,2.5,Fase 6 (2° EM),-3,3,6,Ágata,Pública,10.002,5.825,-3,-3,False,True,False
RA-1549,2024,3N,3N,Aluno-1549,15,Masculino,2024,Pública,Agata,6.514862200466668,9.585,7.441394335666668,7.51,7.1875,4.166666666666667,5.5,3.0,4.0,,,6.325,5.0,Fase 5 (1° EM),-2,3,5,Ágata,Pública,9.585,6.325,-2,-2,False,False,False
RA-632,2024,3P,3P,Aluno-632,12,Feminino,2022,Pública,Ametista,7.515491249000001,7.917,8.999164578333334,6.875,8.28125,4.166666666666667,0.0,6.0,6.5,,,7.875,10.0,Fase 3 (7° e 8° ano),0,3,3,Ametista,Pública,7.917,7.875,0,0,False,False,False
RA-633,2024,3P,3P,Aluno-633,13,Feminino,2021,Pública,Quartzo,5.228470175466667,4.584,4.707017544,2.51,6.875,3.3333333333333335,4.0,6.0,0.0,,,6.1175,10.0,Fase 3 (7° e 8° ano),0,3,3,Quartzo,Pública,4.584,6.1175,0,0,False,True,False
RA-1137,2024,3P,3P,Aluno-1137,11,Feminino,2023,Pública,Ametista,7.1837526524666675,8.334,7.588638262333333,8.13,8.28125,3.5,1.0,4.5,5.0,,,7.4575,10.0,Fase 2 (5° e 6° ano),1,3,2,Ametista,Pública,8.334,7.4575,1,1,False,False,False
RA-646,2024,3P,3P,Aluno-646,14,Masculino,2021,Pública,Ametista,7.715491666666668,10.0,9.266666666666667,7.51,8.28125,6.166666666666667,9.0,4.5,5.0,,,7.7475,5.0,Fase 4 (9° ano),-1,3,4,Ametista,Pública,10.002,7.7475,-1,-1,False,True,False
RA-1550,2024,3P,3P,Aluno-1550,15,Masculino,2024,Pública,Agata,6.064236111066667,9.585,5.222222222,7.51,7.03125,4.333333333333333,5.0,3.0,5.0,,,6.2025,5.0,Fase 4 (9° ano),-1,3,4,Ágata,Pública,9.585,6.2025,-1,-1,False,False,False
RA-1139,2024,3P,3P,Aluno-1139,12,Masculino,2023,Pública,Agata,6.906276357600001,8.334,6.152715121333333,7.51,7.5,4.666666666666667,5.0,3.0,6.0,,,7.04,10.0,Fase 2 (5° e 6° ano),1,3,2,Ágata,Pública,8.334,7.04,1,1,False,False,False
RA-444,2024,3P,3P,Aluno-444,14,Masculino,2021,Pública,Quartzo,5.410188638266668,8.334,6.377276524666667,2.51,6.25,3.6666666666666665,2.0,5.0,4.0,,,5.96,5.0,Fase 4 (9° ano),-1,3,4,Quartzo,Pública,8.334,5.96,-1,-1,False,True,True
RA-445,2024,3P,3P,Aluno-445,14,Masculino,2022,Pública,Ametista,7.3416246032,7.917,8.715873016,7.51,7.8125,4.0,3.0,6.0,3.0,,,7.3725,10.0,Fase 3 (7° e 8° ano),0,3,3,Ametista,Pública,7.917,7.3725,0,0,False,False,False
RA-639,2024,3P,3P,Aluno-639,12,Feminino,2021,Pública,Quartzo,5.7693807644,7.917,5.278195488666667,2.51,6.71875,3.8333333333333335,1.0,4.5,6.0,,,6.1625,10.0,Fase 3 (7° e 8° ano),0,3,3,Quartzo,Pública,7.917,6.1625,0,0,False,False,False
RA-1142,2024,3P,3P,Aluno-1142,12,Feminino,2023,Pública,Topázio,8.390566666666668,8.334,9.133333333333333,7.51,8.125,8.5,10.0,8.0,7.5,,,7.335,10.0,Fase 3 (7° e 8° ano),0,3,3,Topázio,Pública,8.334,7.335,0,0,False,False,False
RA-1551,2024,3P,3P,Aluno-1551,15,Masculino,2024,Pública,Quartzo,5.9717087542,9.585,4.7710437709999995,7.51,7.5,3.5,1.0,5.5,4.0,,,6.79,5.0,Fase 5 (1° EM),-2,3,5,Quartzo,Pública,9.585,6.79,-2,-2,False,False,False
RA-458,2024,3P,3P,Aluno-458,15,Masculino,2021,Pública,Quartzo,5.680161507933333,8.751,3.7396825396666666,6.88,7.03125,4.0,3.0,4.0,5.0,,,6.83,5.0,Fase 4 (9° ano),-1,3,4,Quartzo,Pública,8.751,6.83,-1,-1,False,True,False
RA-1552,2024,3P,3P,Aluno-1552,13,Masculino,2024,Pública,Ametista,7.443301282066667,9.585,9.743589743666666,7.51,7.1875,3.1666666666666665,1.0,4.5,4.0,,,7.165,10.0,Fase 3 (7° e 8° ano),0,3,3,Ametista,Pública,9.585,7.165,0,0,False,False,False
RA-1170,2024,3P,3P,Aluno-1170,15,Masculino,2023,Pública,Agata,6.095440873,9.168,5.565079365,8.13,7.03125,3.5,1.0,2.5,7.0,,,6.7475,5.0,Fase 5 (1° EM),-2,3,5,Ágata,Pública,9.168,6.7475,-2,-2,False,False,False
RA-642,2024,3P,3P,Aluno-642,12,Feminino,2021,Pública,Ametista,7.082591269866667,9.585,9.149206349333333,3.76,7.1875,4.0,2.0,5.0,5.0,,,6.9975,10.0,Fase 3 (7° e 8° ano),0,3,3,Ametista,Pública,9.585,6.9975,0,0,False,False,False
RA-1553,2024,3R,3R,Aluno-1553,13,Masculino,2024,Pública,Ametista,7.641184313700001,8.334,9.003921568666668,7.51,8.333333333,4.333333333333333,6.0,5.0,2.0,,,7.78,10.0,Fase 3 (7° e 8° ano),0,3,3,Ametista,Pública,8.334,7.78,0,0,False,False,False
RA-1554,2024,3R,3R,Aluno-1554,15,Masculino,2024,Pública,Agata,6.941692592633334,6.666,9.629629629666667,8.76,7.291666667,4.0,3.0,,5.0,,,7.22,5.0,Fase 5 (1° EM),-2,3,5,Ágata,Pública,6.666,7.22,-2,-2,False,False,False
RA-649,2024,3R,3R,Aluno-649,14,Feminino,2021,Pública,Agata,6.985329691766667,8.751,6.004481792666667,8.76,8.333333333,3.6666666666666665,5.5,4.0,1.5,,,7.333333333,10.0,Fase 3 (7° e 8° ano),0,3,3,Ágata,Pública,8.751,7.333333333,0,0,False,True,False
RA-1136,2024,3R,3R,Aluno-1136,14,Feminino,2023,Pública,Quartzo,5.458179831866667,8.751,4.547899159666667,8.135,7.5,1.6666666666666667,1.0,2.0,2.0,,,6.383333333,5.0,Fase 4 (9° ano),-1,3,4,Quartzo,Pública,8.751,6.383333333,-1,-1,False,False,False
RA-653,2024,3R,3R,Aluno-653,13,Feminino,2022,Pública,Topázio,8.103217647033333,8.751,9.537254901999999,8.76,8.333333333,5.166666666666667,6.5,4.5,4.5,,,7.89,10.0,Fase 3 (7° e 8° ano),0,3,3,Topázio,Pública,8.751,7.89,0,0,False,False,False
RA-456,2024,3R,3R,Aluno-456,13,Feminino,2022,Pública,Topázio,8.331124561366668,7.083,9.382456140333334,7.51,9.166666667,6.5,9.0,6.0,4.5,,,8.893333333,10.0,Fase 3 (7° e 8° ano),0,3,3,Topázio,Pública,7.083,8.893333333,0,0,False,False,False
RA-655,2024,3R,3R,Aluno-655,14,Feminino,2021,Pública,Topázio,8.238600000066668,7.501,10.0,8.76,8.125,6.833333333333333,8.0,4.0,8.5,,,7.166666667,10.0,Fase 3 (7° e 8° ano),0,3,3,Topázio,Pública,7.501,7.166666667,0,0,False,True,False
RA-656,2024,3R,3R,Aluno-656,13,Feminino,2021,Pública,Agata,6.668152941266667,9.168,5.978431372666667,7.51,7.5,4.166666666666667,5.0,3.5,4.0,,,6.106666667,10.0,Fase 3 (7° e 8° ano),0,3,3,Ágata,Pública,9.168,6.106666667,0,0,False,True,False
RA-657,2024,3R,3R,Aluno-657,13,Feminino,2021,Pública,Topázio,8.207433333400001,8.751,9.6,6.885,8.125,7.5,8.0,4.5,10.0,,,7.056666667,10.0,Fase 3 (7° e 8° ano),0,3,3,Topázio,Pública,8.751,7.056666667,0,0,False,False,False
RA-1555,2024,3R,3R,Aluno-1555,13,Masculino,2024,Pública,Ametista,7.4827333334,8.334,10.0,6.255,8.125,3.0,9.0,0.0,0.0,,,8.056666667,10.0,Fase 3 (7° e 8° ano),0,3,3,Ametista,Pública,8.334,8.056666667,0,0,False,False,False
RA-461,2024,3R,3R,Aluno-461,13,Feminino,2021,Pública,Ametista,7.5447559291,8.751,9.182446312,7.51,7.708333333,4.5,3.0,4.5,6.0,,,7.056666667,10.0,Fase 3 (7° e 8° ano),0,3,3,Ametista,Pública,8.751,7.056666667,0,0,False,True,False
RA-398,2024,3U,3U,Aluno-398,12,Feminino,2022,Pública,Ametista,7.2457999999666685,7.083,5.733333333333333,7.51,7.291666667,8.0,8.5,7.5,8.0,,,6.553333333,10.0,Fase 3 (7° e 8° ano),0,3,3,Ametista,Pública,7.083,6.553333333,0,0,False,False,False
RA-586,2024,3U,3U,Aluno-586,11,Feminino,2021,Privada - Programa de Apadrinhamento,Topázio,8.702387301666668,9.168,9.241269841333333,7.51,8.75,8.5,7.5,8.0,10.0,,,8.056666667,10.0,Fase 2 (5° e 6° ano),1,3,2,Topázio,Privada - Programa de Apadrinhamento,9.168,8.056666667,1,1,False,False,False
RA-623,2024,3U,3U,Aluno-623,15,Masculino,2022,Pública,Agata,6.357733333300001,8.334,7.3999999999999995,6.885,6.458333333,4.0,3.5,2.5,6.0,,,7.05,5.0,Fase 4 (9° ano),-1,3,4,Ágata,Pública,8.334,7.05,-1,-1,False,False,False
RA-588,2024,3U,3U,Aluno-588,11,Feminino,2021,Privada - Programa de Apadrinhamento,Topázio,8.676133333333334,9.168,9.833333333333334,7.51,8.75,7.833333333333333,8.5,8.0,7.0,,,8.0,10.0,Fase 2 (5° e 6° ano),1,3,2,Topázio,Privada - Programa de Apadrinhamento,9.168,8.0,1,1,False,False,False
RA-626,2024,3U,3U,Aluno-626,13,Masculino,2021,Pública,Agata,6.407590225500001,9.585,3.380451127666667,6.885,7.291666667,5.333333333333333,5.5,3.5,7.0,,,6.443333333,10.0,Fase 3 (7° e 8° ano),0,3,3,Ágata,Pública,9.585,6.443333333,0,0,False,False,False
RA-1556,2024,3U,3U,Aluno-1556,14,Masculino,2024,Pública,Agata,6.666811111166668,7.917,5.222222222333333,7.51,7.916666667,4.0,3.5,,4.5,,,7.44,10.0,Fase 3 (7° e 8° ano),0,3,3,Ágata,Pública,7.917,7.44,0,0,False,False,False
RA-455,2024,3U,3U,Aluno-455,14,Feminino,2022,Pública,Ametista,7.098988888900001,8.751,6.111111111,8.13,8.333333333,4.5,3.0,6.5,4.0,,,7.276666667,10.0,Fase 3 (7° e 8° ano),0,3,3,Ametista,Pública,8.751,7.276666667,0,0,False,False,False
RA-614,2024,3U,3U,Aluno-614,14,Masculino,2021,Pública,Ametista,7.8284999999666685,9.585,9.700000000000001,7.51,7.916666667,6.833333333333333,8.0,4.5,8.0,,,7.603333333,5.0,Fase 4 (9° ano),-1,3,4,Ametista,Pública,9.585,7.603333333,-1,-1,False,False,False
RA-434,2024,3U,3U,Aluno-434,13,Masculino,2022,Pública,Agata,6.610947619100001,7.084,5.061904762,7.51,7.291666667,5.5,5.5,5.5,5.5,,,6.55,10.0,Fase 3 (7° e 8° ano),0,3,3,Ágata,Pública,7.084,6.55,0,0,False,False,False
RA-603,2024,3U,3U,Aluno-603,12,Masculino,2022,Pública,Agata,6.942277777866667,9.585,7.155555555666666,6.885,6.875,4.666666666666667,4.5,5.5,4.0,,,6.216666667,10.0,Fase 3 (7° e 8° ano),0,3,3,Ágata,Pública,9.585,6.216666667,0,0,True,False,False
RA-1133,2024,3U,3U,Aluno-1133,11,Feminino,2023,Pública,Topázio,8.238553968266668,9.168,9.841269841333334,8.75,8.125,4.5,5.0,3.5,5.0,,,8.83,10.0,Fase 2 (5° e 6° ano),1,3,2,Topázio,Pública,9.168,8.83,1,1,False,False,False
RA-616,2024,3U,3U,Aluno-616,14,Masculino,2021,Pública,Quartzo,5.457877193033333,7.5,3.087719298333333,6.885,6.458333333,3.8333333333333335,3.0,3.5,5.0,,,4.946666667,10.0,Fase 3 (7° e 8° ano),0,3,3,Quartzo,Pública,7.5,4.946666667,0,0,False,True,False
RA-1134,2024,3U,3U,Aluno-1134,12,Masculino,2023,Pública,Ametista,7.7564571427,8.751,8.914285714,7.51,7.708333333,6.0,6.0,5.5,6.5,,,6.883333333,10.0,Fase 3 (7° e 8° ano),0,3,3,Ametista,Pública,8.751,6.883333333,0,0,False,False,False
RA-1557,2024,3U,3U,Aluno-1557,14,Feminino,2024,Pública,Topázio,8.228500000033334,9.585,8.916666666666666,7.51,7.916666667,7.0,6.0,,8.0,,,7.72,10.0,Fase 3 (7° e 8° ano),0,3,3,Topázio,Pública,9.585,7.72,0,0,False,False,False
RA-670,2024,3U,3U,Aluno-670,12,Feminino,2022,Privada - Programa de Apadrinhamento,Topázio,8.8602539683,9.585,9.441269841333334,7.51,8.958333333,8.666666666666666,9.0,7.0,10.0,,,8.166666667,10.0,Fase 2 (5° e 6° ano),1,3,2,Topázio,Privada - Programa de Apadrinhamento,9.585,8.166666667,1,1,False,False,False
RA-620,2024,3U,3U,Aluno-620,14,Masculino,2021,Pública,Quartzo,5.766892063566667,8.334,3.9841269843333333,7.51,7.083333333,2.5,3.5,2.5,1.5,,,5.886666667,10.0,Fase 3 (7° e 8° ano),0,3,3,Quartzo,Pública,8.334,5.886666667,0,0,False,False,False
RA-1149,2024,4A,4A,Aluno-1149,15,Feminino,2023,Pública,Topázio,8.1371,8.334,10.0,10.0,8.625,6.0,2.0,6.0,10.0,,,8.706,5.0,Fase 5 (1° EM),-1,4,5,Topázio,Pública,8.334,8.706,-1,-1,False,False,False
RA-1558,2024,4A,4A,Aluno-1558,16,Masculino,2024,Pública,Ametista,7.643772047733333,9.168,8.705360238666666,8.755,8.5,5.5,5.0,5.5,6.0,,,8.302,5.0,Fase 5 (1° EM),-1,4,5,Ametista,Pública,9.168,8.302,-1,-1,False,False,False
RA-326,2024,4A,4A,Aluno-326,14,Feminino,2022,Privada,Topázio,8.832389092333335,9.168,8.973112128333334,6.26,8.875,9.333333333333334,10.0,9.0,9.0,,,8.704,10.0,Fase 3 (7° e 8° ano),1,4,3,Topázio,Privada,9.168,8.704,1,1,False,False,False
RA-339,2024,4A,4A,Aluno-339,13,Feminino,2021,Pública,Ametista,7.711540746133334,7.5,7.155537064000001,5.635,8.0,8.166666666666666,8.0,7.0,9.5,,,7.668,10.0,Fase 3 (7° e 8° ano),1,4,3,Ametista,Pública,7.5,7.668,1,1,False,True,False
RA-179,2024,4A,4A,Aluno-179,13,Masculino,2022,Privada,Topázio,8.932712280733334,9.168,9.407894737,9.38,8.75,8.166666666666666,7.0,8.0,9.5,,,8.44,10.0,Fase 3 (7° e 8° ano),1,4,3,Topázio,Privada,9.168,8.44,1,1,False,False,False
RA-1559,2024,4A,4A,Aluno-1559,15,Feminino,2024,Pública,Agata,6.330428437666668,7.917,5.2929755216666665,6.885,8.375,4.666666666666667,8.0,0.0,6.0,,,7.604,5.0,Fase 5 (1° EM),-1,4,5,Ágata,Pública,7.917,7.604,-1,-1,False,False,False
RA-332,2024,4A,4A,Aluno-332,15,Masculino,2021,Privada - Programa de Apadrinhamento,Topázio,8.421271701,9.585,7.605358505000001,9.38,8.625,7.0,7.0,7.0,7.0,,,8.706,10.0,Fase 3 (7° e 8° ano),1,4,3,Topázio,Privada - Programa de Apadrinhamento,9.585,8.706,1,1,False,True,False
RA-1560,2024,4A,4A,Aluno-1560,14,Feminino,2024,Privada,Topázio,8.4721031746,9.168,9.206349206333334,5.635,8.5,8.166666666666666,6.0,8.5,10.0,,,8.336,10.0,Fase 3 (7° e 8° ano),1,4,3,Topázio,Privada,9.168,8.336,1,1,False,False,False
RA-1153,2024,4A,4A,Aluno-1153,15,Feminino,2021,Privada - Programa de Apadrinhamento,Topázio,8.268876190466667,8.751,9.702380952333334,5.635,8.75,8.5,8.0,8.5,9.0,,,9.074,5.0,Fase 5 (1° EM),-1,4,5,Topázio,Privada - Programa de Apadrinhamento,8.751,9.074,-1,-1,False,True,False
RA-183,2024,4A,4A,Aluno-183,15,Feminino,2022,Pública,Topázio,8.266902371533334,7.917,9.249011857666666,6.26,8.25,7.5,5.0,7.5,10.0,,,8.372,10.0,Fase 4 (9° ano),0,4,4,Topázio,Pública,7.917,8.372,0,0,False,False,False
RA-199,2024,4A,4A,Aluno-199,15,Masculino,2022,Privada,Ametista,7.419398245666667,8.334,7.554824561666667,6.88,8.125,7.166666666666667,5.0,9.0,7.5,,,8.206,5.0,Fase 5 (1° EM),-1,4,5,Ametista,Privada,8.334,8.206,-1,-1,False,False,False
RA-1561,2024,4A,4A,Aluno-1561,16,Masculino,2024,Pública,Ametista,7.9402206349333335,9.585,9.174603174666666,5.0,8.0,9.0,8.5,8.5,10.0,,,7.734,5.0,Fase 5 (1° EM),-1,4,5,Ametista,Pública,9.585,7.734,-1,-1,False,False,False
RA-336,2024,4A,4A,Aluno-336,15,Masculino,2021,Pública,Agata,6.834286748466667,7.5,5.512100409000001,6.26,7.5,5.833333333333333,6.0,6.5,5.0,,,7.196,10.0,Fase 4 (9° ano),0,4,4,Ágata,Pública,7.5,7.196,0,0,False,True,False
RA-347,2024,4A,4A,Aluno-347,14,Feminino,2021,Pública,Topázio,8.384742583733333,8.751,9.673046251999999,6.885,8.0,7.666666666666667,6.5,7.5,9.0,,,7.766,10.0,Fase 3 (7° e 8° ano),1,4,3,Topázio,Pública,8.751,7.766,1,1,False,True,False
RA-397,2024,4A,4A,Aluno-397,16,Feminino,2021,Pública,Agata,6.807291921866668,7.918,7.885292942666666,5.63,7.625,5.666666666666667,5.0,4.5,7.5,,,7.398,5.0,Fase 6 (2° EM),-2,4,6,Ágata,Pública,7.918,7.398,-2,-2,False,True,False
RA-338,2024,4B,4B,Aluno-338,14,Masculino,2021,Pública,Topázio,8.052795331466667,9.168,7.441643324,7.51,7.625,6.833333333333333,5.0,8.0,7.5,,,8.8375,10.0,Fase 4 (9° ano),0,4,4,Topázio,Pública,9.168,8.8375,0,0,False,True,False
RA-392,2024,4B,4B,Aluno-392,16,Masculino,2022,Pública,Quartzo,4.3639463364,9.585,5.414731682,5.635,3.5,1.0,0.0,2.0,1.0,,,3.545,5.0,Fase 5 (1° EM),-1,4,5,Quartzo,Pública,9.585,3.545,-1,-1,False,False,False
RA-352,2024,4B,4B,Aluno-352,13,Masculino,2021,Pública,Quartzo,5.9794829346,8.334,4.453748006333333,6.26,6.375,3.1666666666666665,2.0,5.5,2.0,,,6.7925,10.0,Fase 3 (7° e 8° ano),1,4,3,Quartzo,Pública,8.334,6.7925,1,1,False,True,False
RA-1562,2024,4B,4B,Aluno-1562,16,Feminino,2024,Pública,Quartzo,5.458833333333334,6.25,8.666666666666666,5.01,6.25,0.5,0.5,,,,,6.8725,5.0,Fase 6 (2° EM),-2,4,6,Quartzo,Pública,6.25,6.8725,-2,-2,False,False,False
RA-367,2024,4B,4B,Aluno-367,13,Feminino,2021,Pública,Ametista,7.209434085200001,9.168,7.268170426,6.26,6.875,5.0,2.0,5.5,7.5,,,7.6275,10.0,Fase 3 (7° e 8° ano),1,4,3,Ametista,Pública,9.168,7.6275,1,1,False,True,False
RA-1563,2024,4B,4B,Aluno-1563,15,Feminino,2024,Pública,Ametista,7.604211111133335,8.751,8.305555555666666,7.51,7.25,7.0,5.0,7.5,8.5,,,8.46,5.0,Fase 5 (1° EM),-1,4,5,Ametista,Pública,8.751,8.46,-1,-1,False,False,False
RA-1564,2024,4B,4B,Aluno-1564,15,Masculino,2024,Pública,Quartzo,5.0761468806000005,8.334,4.942067736333334,6.885,5.75,2.1666666666666665,1.0,3.5,2.0,,,5.2875,5.0,Fase 5 (1° EM),-1,4,5,Quartzo,Pública,8.334,5.2875,-1,-1,False,False,False
RA-1565,2024,4B,4B,Aluno-1565,16,Masculino,2024,Pública,Quartzo,5.816448179266667,0.0,8.102240896333333,7.51,6.375,5.5,7.0,3.0,6.5,,,6.0375,5.0,Fase 5 (1° EM),-1,4,5,Quartzo,Pública,0.0,6.0375,-1,-1,False,False,False
RA-1566,2024,4B,4B,Aluno-1566,17,Feminino,2024,Pública,Ametista,7.759243871133334,9.168,9.247219355666667,7.51,7.75,6.5,3.0,8.0,8.5,,,8.335,5.0,Fase 6 (2° EM),-2,4,6,Ametista,Pública,9.168,8.335,-2,-2,False,False,False
RA-1567,2024,4B,4B,Aluno-1567,16,Feminino,2024,Pública,Ametista,7.913942087533334,8.334,8.771043771,7.51,7.75,8.166666666666666,5.0,9.5,10.0,,,8.335,5.0,Fase 6 (2° EM),-2,4,6,Ametista,Pública,8.334,8.335,-2,-2,False,False,False
RA-356,2024,4B,4B,Aluno-356,14,Masculino,2021,Pública,Agata,6.627336016533334,8.334,6.656346749333334,5.635,5.25,5.333333333333333,1.0,7.0,8.0,,,6.5375,10.0,Fase 3 (7° e 8° ano),1,4,3,Ágata,Pública,8.334,6.5375,1,1,False,True,False
RA-1568,2024,4B,4B,Aluno-1568,15,Feminino,2024,Pública,Ametista,7.8003261438000004,9.168,7.493464052333334,7.51,8.0,8.166666666666666,7.5,7.5,9.5,,,8.5025,5.0,Fase 5 (1° EM),-1,4,5,Ametista,Pública,9.168,8.5025,-1,-1,False,False,False
RA-247,2024,4B,4B,Aluno-247,14,Feminino,2021,Pública,Agata,6.646485739800001,0.0,8.306595365666666,6.26,7.75,4.333333333333333,0.0,5.0,8.0,,,8.5875,10.0,Fase 4 (9° ano),0,4,4,Ágata,Pública,0.0,8.5875,0,0,False,False,False
RA-204,2024,4B,4B,Aluno-204,15,Feminino,2021,Pública,Ametista,7.838218894866668,9.168,6.827094474333333,6.26,7.125,7.5,5.0,7.5,10.0,,,8.5875,10.0,Fase 4 (9° ano),0,4,4,Ametista,Pública,9.168,8.5875,0,0,False,True,False
RA-1569,2024,4B,4B,Aluno-1569,17,Feminino,2024,Pública,Quartzo,5.7191555556,6.666,7.111111111333334,6.26,6.875,2.1666666666666665,2.0,3.0,1.5,,,6.9175,5.0,Fase 6 (2° EM),-2,4,6,Quartzo,Pública,6.666,6.9175,-2,-2,False,False,False
RA-1570,2024,4B,4B,Aluno-1570,16,Feminino,2024,Pública,Ametista,7.894084175066667,9.585,7.542087542,7.51,7.75,8.333333333333334,6.5,9.0,9.5,,,8.6725,5.0,Fase 5 (1° EM),-1,4,5,Ametista,Pública,9.585,8.6725,-1,-1,False,False,False
RA-1571,2024,4B,4B,Aluno-1571,16,Masculino,2024,Pública,Ametista,7.2484555556,8.334,9.111111111333335,5.005,7.5,5.666666666666667,5.0,6.0,6.0,,,8.545,5.0,Fase 5 (1° EM),-1,4,5,Ametista,Pública,8.334,8.545,-1,-1,False,False,False
RA-1572,2024,4C,4C,Aluno-1572,15,Feminino,2024,Pública,Topázio,8.080345634866667,9.168,9.841269841333334,7.51,7.65625,7.5,7.5,6.5,8.5,,,8.393333333,5.0,Fase 5 (1° EM),-1,4,5,Topázio,Pública,9.168,8.393333333,-1,-1,False,False,False
RA-1150,2024,4C,4C,Aluno-1150,17,Masculino,2023,Pública,Ametista,7.1023212964,8.334,6.481481481666667,7.51,7.65625,6.833333333333333,4.0,6.5,10.0,,,7.946666667,5.0,Fase 6 (2° EM),-2,4,6,Ametista,Pública,8.334,7.946666667,-2,-2,False,False,False
RA-1573,2024,4C,4C,Aluno-1573,16,Masculino,2024,Pública,Agata,6.743847969266667,9.168,6.120448179333334,6.26,7.65625,5.0,0.0,6.0,9.0,,,8.556666667,5.0,Fase 5 (1° EM),-1,4,5,Ágata,Pública,9.168,8.556666667,-1,-1,False,False,False
RA-1574,2024,4C,4C,Aluno-1574,16,Feminino,2024,Pública,Ametista,7.777244180000001,8.751,8.399470899666667,7.51,7.8125,7.333333333333333,7.0,6.0,9.0,,,8.616666667,5.0,Fase 5 (1° EM),-1,4,5,Ametista,Pública,8.751,8.616666667,-1,-1,False,False,False
RA-1151,2024,4C,4C,Aluno-1151,13,Feminino,2023,Pública,Topázio,8.749111111066668,7.5,9.722222222333334,5.635,8.125,9.0,9.0,8.0,10.0,,,9.393333333,10.0,Fase 3 (7° e 8° ano),1,4,3,Topázio,Pública,7.5,9.393333333,1,1,False,False,False
RA-1575,2024,4C,4C,Aluno-1575,16,Feminino,2024,Pública,Ametista,7.318459391466667,9.168,8.624338624,6.885,7.65625,5.333333333333333,0.0,7.5,8.5,,,8.28,5.0,Fase 5 (1° EM),-1,4,5,Ametista,Pública,9.168,8.28,-1,-1,False,False,False
RA-1081,2024,4C,4C,Aluno-1081,15,Feminino,2023,Privada - Programa de Apadrinhamento,Topázio,8.5452952381,6.667,9.523809523666666,5.005,9.166666667,8.833333333333334,9.5,8.0,9.0,,,8.95,10.0,Fase 4 (9° ano),0,4,4,Topázio,Privada - Programa de Apadrinhamento,6.667,8.95,0,0,False,False,False
RA-342,2024,4C,4C,Aluno-342,16,Feminino,2021,Pública,Agata,6.757026587266667,8.751,7.728174603333334,6.26,7.65625,4.5,6.5,7.0,0.0,,,7.723333333,5.0,Fase 5 (1° EM),-1,4,5,Ágata,Pública,8.751,7.723333333,-1,-1,False,False,False
RA-1576,2024,4C,4C,Aluno-1576,16,Feminino,2024,Pública,Ametista,7.4636202380666665,8.334,9.523809523666666,5.635,6.40625,6.666666666666667,7.5,4.5,8.0,,,8.44,5.0,Fase 5 (1° EM),-1,4,5,Ametista,Pública,8.334,8.44,-1,-1,False,False,False
RA-187,2024,4C,4C,Aluno-187,14,Feminino,2021,Privada - Programa de Apadrinhamento,Topázio,8.568424074066666,8.751,9.537037037,5.635,8.4375,7.833333333333333,7.5,7.0,9.0,,,9.06,10.0,Fase 4 (9° ano),0,4,4,Topázio,Privada - Programa de Apadrinhamento,8.751,9.06,0,0,False,True,False
RA-359,2024,4C,4C,Aluno-359,14,Feminino,2021,Pública,Ametista,7.492006349133335,9.168,7.162698412666667,6.26,7.5,5.5,4.0,4.5,8.0,,,8.333333333,10.0,Fase 3 (7° e 8° ano),1,4,3,Ametista,Pública,9.168,8.333333333,1,1,False,True,False
RA-1577,2024,4C,4C,Aluno-1577,16,Masculino,2024,Pública,Agata,6.305585581933334,10.0,4.993386243333333,7.51,7.34375,4.333333333333333,4.0,7.0,2.0,,,7.273333333,5.0,Fase 5 (1° EM),-1,4,5,Ágata,Pública,10.002,7.273333333,-1,-1,False,False,False
RA-236,2024,4F,4F,Aluno-236,14,Feminino,2022,Pública,Agata,6.980833740133334,9.168,7.890668700666666,6.26,6.875,4.5,1.5,4.0,8.0,,,6.362,10.0,Fase 4 (9° ano),0,4,4,Ágata,Pública,9.168,6.362,0,0,False,False,False
RA-249,2024,4F,4F,Aluno-249,16,Masculino,2021,Pública,Agata,6.125104328999999,7.083,6.645021645,5.0,6.75,5.0,1.0,8.0,6.0,,,7.064,5.0,Fase 6 (2° EM),-2,4,6,Ágata,Pública,7.083,7.064,-2,-2,False,True,False
RA-239,2024,4F,4F,Aluno-239,17,Feminino,2021,Pública,Agata,6.782180868800001,8.751,6.361737677333333,5.635,7.875,6.666666666666667,4.0,10.0,6.0,,,8.502,2.5,Fase 7 (3° EM),-3,4,7,Ágata,Pública,8.751,8.502,-3,-3,False,False,False
RA-382,2024,4F,4F,Aluno-382,16,Masculino,2021,Pública,Quartzo,5.805712280733333,9.168,6.324561403666666,5.63,6.75,3.0,2.0,3.0,4.0,,,6.43,5.0,Fase 5 (1° EM),-1,4,5,Quartzo,Pública,9.168,6.43,-1,-1,False,True,False
RA-383,2024,4F,4F,Aluno-383,13,Masculino,2021,Pública,Topázio,8.036024386733335,9.168,8.600288600333334,7.51,7.875,5.833333333333333,1.0,8.0,8.5,,,8.47,10.0,Fase 3 (7° e 8° ano),1,4,3,Topázio,Pública,9.168,8.47,1,1,False,True,False
RA-1155,2024,4F,4F,Aluno-1155,15,Feminino,2023,Pública,Ametista,7.119011111133333,8.334,8.888888889,5.005,8.0,4.666666666666667,6.0,8.0,0.0,,,8.87,5.0,Fase 5 (1° EM),-1,4,5,Ametista,Pública,8.334,8.87,-1,-1,False,False,False
RA-384,2024,4F,4F,Aluno-384,14,Feminino,2021,Pública,Topázio,8.072200721466668,7.5,8.607503607333333,7.51,7.625,7.5,5.0,9.5,8.0,,,7.936,10.0,Fase 4 (9° ano),0,4,4,Topázio,Pública,7.5,7.936,0,0,False,True,False
RA-1156,2024,4F,4F,Aluno-1156,13,Feminino,2023,Pública,Agata,6.6777135642,7.5,7.821067821,7.51,7.125,2.0,6.0,0.0,0.0,,,7.5,10.0,Fase 3 (7° e 8° ano),1,4,3,Ágata,Pública,7.5,7.5,1,1,False,False,False
RA-1578,2024,4F,4F,Aluno-1578,13,Feminino,2024,Pública,Ametista,7.880605848,8.334,6.761695906666667,7.51,7.5,7.333333333333333,6.0,6.0,10.0,,,8.636,10.0,Fase 3 (7° e 8° ano),1,4,3,Ametista,Pública,8.334,8.636,1,1,False,False,False
RA-388,2024,4F,4F,Aluno-388,16,Feminino,2021,Pública,Quartzo,5.965307936466667,7.5,6.349206349,7.51,6.75,4.333333333333333,1.0,7.0,5.0,,,5.764,5.0,Fase 5 (1° EM),-1,4,5,Quartzo,Pública,7.5,5.764,-1,-1,False,True,False
RA-260,2024,4F,4F,Aluno-260,15,Feminino,2021,Pública,Topázio,8.448920634933334,8.751,9.674603174666666,7.51,7.875,7.0,7.5,5.5,8.0,,,8.502,10.0,Fase 4 (9° ano),0,4,4,Topázio,Pública,8.751,8.502,0,0,False,True,False
RA-395,2024,4F,4F,Aluno-395,13,Feminino,2021,Pública,Ametista,7.169905291000001,8.751,6.921693121666666,6.26,7.25,4.333333333333333,2.5,5.5,5.0,,,8.464,10.0,Fase 3 (7° e 8° ano),1,4,3,Ametista,Pública,8.751,8.464,1,1,False,True,False
RA-262,2024,4F,4F,Aluno-262,17,Masculino,2021,Privada,Quartzo,5.806145462066667,7.917,4.854560643666667,7.51,7.0,4.166666666666667,1.0,4.5,7.0,,,6.296,5.0,Fase 6 (2° EM),-2,4,6,Quartzo,Privada,7.917,6.296,-2,-2,False,False,False
RA-1579,2024,4F,4F,Aluno-1579,16,Feminino,2022,Pública,Ametista,7.894385710733333,8.751,9.090261886999999,5.635,8.5,7.166666666666667,7.5,6.0,8.0,,,9.272,5.0,Fase 6 (2° EM),-2,4,6,Ametista,Pública,8.751,9.272,-2,-2,False,False,False
RA-1580,2024,4F,4F,Aluno-1580,16,Masculino,2024,Pública,Ametista,7.790523996266667,8.751,9.049953314666666,7.51,7.875,6.166666666666667,5.0,7.5,6.0,,,9.168,5.0,Fase 5 (1° EM),-1,4,5,Ametista,Pública,8.751,9.168,-1,-1,False,False,False
RA-377,2024,4F,4F,Aluno-377,14,Feminino,2021,Pública,Ametista,7.480115873000001,9.168,7.698412698333333,7.51,7.125,5.166666666666667,4.0,6.5,5.0,,,7.634,10.0,Fase 4 (9° ano),0,4,4,Ametista,Pública,9.168,7.634,0,0,False,False,False
RA-250,2024,4H,4H,Aluno-250,14,Feminino,2022,Privada - Programa de Apadrinhamento,Topázio,9.049892592566668,9.168,9.629629629666667,6.88,8.958333333,9.166666666666666,10.0,7.5,10.0,,,8.95,10.0,Fase 4 (9° ano),0,4,4,Topázio,Privada - Programa de Apadrinhamento,9.168,8.95,0,0,False,False,False
RA-1581,2024,4H,4H,Aluno-1581,16,Masculino,2024,Pública,Agata,6.9787022855,8.334,7.834844760666667,6.26,7.083333333,6.333333333333333,7.0,4.5,7.5,,,7.386666667,5.0,Fase 5 (1° EM),-1,4,5,Ágata,Pública,8.334,7.386666667,-1,-1,False,False,False
RA-1582,2024,4H,4H,Aluno-1582,15,Masculino,2024,Pública,Agata,6.472788888966667,8.334,8.069444444333334,6.255,6.666666667,4.5,7.0,2.0,4.5,,,6.666666667,5.0,Fase 5 (1° EM),-1,4,5,Ágata,Pública,8.334,6.666666667,-1,-1,False,False,False
RA-1583,2024,4H,4H,Aluno-1583,15,Feminino,2024,Pública,Ametista,7.8197579711000005,7.917,7.753623188333333,6.26,9.166666667,8.166666666666666,8.0,6.5,10.0,,,9.006666667,5.0,Fase 5 (1° EM),-1,4,5,Ametista,Pública,7.917,9.006666667,-1,-1,False,False,False
RA-450,2024,4L,4L,Aluno-450,15,Masculino,2021,Pública,Ametista,7.526188206666666,8.751,8.954191033333332,5.63,7.8125,7.5,8.0,8.5,6.0,,,7.58,5.0,Fase 5 (1° EM),-1,4,5,Ametista,Pública,8.751,7.58,-1,-1,False,False,False
RA-426,2024,4L,4L,Aluno-426,15,Feminino,2022,Pública,Agata,6.6430030186,7.917,7.9050567596666665,4.38,7.65625,4.833333333333333,3.5,7.0,4.0,,,8.0,5.0,Fase 5 (1° EM),-1,4,5,Ágata,Pública,7.917,8.0,-1,-1,False,False,False
RA-1584,2024,4L,4L,Aluno-1584,15,Feminino,2024,Pública,Ametista,7.429837830666667,8.334,9.153439153333332,7.51,7.8125,5.5,6.0,5.5,5.0,,,8.1675,5.0,Fase 5 (1° EM),-1,4,5,Ametista,Pública,8.334,8.1675,-1,-1,False,False,False
RA-313,2024,4L,4L,Aluno-313,15,Feminino,2022,Pública,Ametista,7.2528500000000005,8.751,9.666666666666666,5.63,7.8125,4.833333333333333,1.0,8.0,5.5,,,8.1675,5.0,Fase 5 (1° EM),-1,4,5,Ametista,Pública,8.751,8.1675,-1,-1,False,False,False
RA-467,2024,4L,4L,Aluno-467,15,Feminino,2022,Pública,Ametista,7.7298118421333335,7.917,9.140350877333333,5.01,7.34375,6.833333333333333,5.5,9.0,6.0,,,7.54,10.0,Fase 4 (9° ano),0,4,4,Ametista,Pública,7.917,7.54,0,0,False,False,False
RA-1585,2024,4L,4L,Aluno-1585,15,Feminino,2024,Pública,Agata,6.730367016866668,10.0,6.775210084333334,7.51,7.65625,4.0,5.0,3.0,4.0,,,7.7925,5.0,Fase 5 (1° EM),-1,4,5,Ágata,Pública,10.002,7.7925,-1,-1,False,False,False
RA-432,2024,4L,4L,Aluno-432,16,Feminino,2021,Pública,Ametista,7.167975,7.501,10.0,6.26,7.34375,5.5,5.0,6.0,5.5,,,7.2875,5.0,Fase 5 (1° EM),-1,4,5,Ametista,Pública,7.501,7.2875,-1,-1,False,True,False
RA-1586,2024,4L,4L,Aluno-1586,15,Feminino,2024,Pública,Agata,6.555764327466668,10.0,6.128654970666666,5.01,6.875,5.666666666666667,3.5,5.5,8.0,,,7.54,5.0,Fase 5 (1° EM),-1,4,5,Ágata,Pública,10.002,7.54,-1,-1,False,False,False
RA-470,2024,4L,4L,Aluno-470,15,Feminino,2021,Pública,Agata,6.981130848,9.585,8.011695906666667,7.51,7.03125,3.3333333333333335,3.5,4.0,2.5,,,6.4975,10.0,Fase 4 (9° ano),0,4,4,Ágata,Pública,9.585,6.4975,0,0,False,True,False
RA-417,2024,4L,4L,Aluno-417,14,Feminino,2022,Pública,Topázio,8.533628557533333,8.334,8.401559454333333,7.51,8.4375,8.833333333333334,9.0,10.0,7.5,,,8.2925,10.0,Fase 4 (9° ano),0,4,4,Topázio,Pública,8.334,8.2925,0,0,False,False,False
RA-407,2024,4L,4L,Aluno-407,15,Masculino,2022,Pública,Ametista,7.0875128168,8.334,7.614522417333333,6.26,7.96875,3.6666666666666665,2.0,5.0,4.0,,,7.875,10.0,Fase 4 (9° ano),0,4,4,Ametista,Pública,8.334,7.875,0,0,False,False,False
RA-1587,2024,4L,4L,Aluno-1587,16,Feminino,2024,Pública,Ametista,7.34055,9.168,10.0,7.51,7.8125,3.75,7.5,0.0,,,,8.2075,5.0,Fase 6 (2° EM),-2,4,6,Ametista,Pública,9.168,8.2075,-2,-2,False,False,False
RA-1588,2024,4L,4L,Aluno-1588,14,Feminino,2024,Pública,Ametista,7.303823728133333,7.917,8.640618640666666,7.51,7.5,4.0,3.5,4.5,,,,7.415,10.0,Fase 4 (9° ano),0,4,4,Ametista,Pública,7.917,7.415,0,0,False,False,False
RA-424,2024,4L,4L,Aluno-424,14,Feminino,2022,Pública,Ametista,7.341187280733334,8.334,9.616228070333333,7.51,7.34375,3.3333333333333335,2.0,6.0,2.0,,,7.1625,10.0,Fase 4 (9° ano),0,4,4,Ametista,Pública,8.334,7.1625,0,0,False,False,False
RA-1193,2024,4L,4L,Aluno-1193,15,Feminino,2023,Pública,Agata,6.6304815790000005,8.751,7.763157895,5.635,7.8125,4.0,3.0,6.0,3.0,,,7.79,5.0,Fase 5 (1° EM),-1,4,5,Ágata,Pública,8.751,7.79,-1,-1,False,False,False
RA-411,2024,4M,4M,Aluno-411,14,Feminino,2021,Privada,Ametista,7.279762962966667,7.083,9.148148147999999,5.635,7.291666667,4.833333333333333,3.5,7.0,4.0,,,7.4125,10.0,Fase 4 (9° ano),0,4,4,Ametista,Privada,7.083,7.4125,0,0,False,True,False
RA-412,2024,4M,4M,Aluno-412,14,Feminino,2021,Pública,Topázio,8.044378070166667,8.334,8.456140351,6.26,8.020833333,7.333333333333333,8.0,6.0,8.0,,,8.125,10.0,Fase 4 (9° ano),0,4,4,Topázio,Pública,8.334,8.125,0,0,False,True,False
RA-428,2024,4M,4M,Aluno-428,14,Masculino,2022,Pública,Ametista,7.534949122800001,9.168,8.898245614,5.635,7.5,5.0,3.0,4.0,8.0,,,7.625,10.0,Fase 4 (9° ano),0,4,4,Ametista,Pública,9.168,7.625,0,0,False,False,False
RA-315,2024,4M,4M,Aluno-315,15,Feminino,2022,Pública,Agata,6.0768703704,0.0,5.918518518666667,7.51,7.5,6.833333333333333,6.5,6.5,7.5,,,7.6275,5.0,Fase 5 (1° EM),-1,4,5,Ágata,Pública,0.0,7.6275,-1,-1,False,False,False
RA-442,2024,4M,4M,Aluno-442,13,Feminino,2022,Pública,Agata,6.905439215666667,8.334,5.9151960783333335,5.635,7.5,5.0,4.5,7.0,3.5,,,7.8775,10.0,Fase 3 (7° e 8° ano),1,4,3,Ágata,Pública,8.334,7.8775,1,1,False,False,False
RA-301,2024,4M,4M,Aluno-301,15,Feminino,2021,Pública,Topázio,8.410830701766667,9.168,7.4947368423333325,7.51,8.020833333,9.0,10.0,9.0,8.0,,,8.21,10.0,Fase 4 (9° ano),0,4,4,Topázio,Pública,9.168,8.21,0,0,False,True,False
RA-1163,2024,4M,4M,Aluno-1163,15,Masculino,2023,Pública,Topázio,8.6794789474,8.334,9.824561403666666,7.51,8.125,7.833333333333333,9.5,6.5,7.5,,,8.755,10.0,Fase 4 (9° ano),0,4,4,Topázio,Pública,8.334,8.755,0,0,False,False,False
RA-402,2024,4M,4M,Aluno-402,14,Feminino,2021,Pública,Quartzo,5.683064814833333,7.5,3.074074074,6.26,6.354166667,4.166666666666667,3.0,3.5,6.0,,,6.1175,10.0,Fase 4 (9° ano),0,4,4,Quartzo,Pública,7.5,6.1175,0,0,False,True,False
RA-1589,2024,4M,4M,Aluno-1589,15,Feminino,2024,Pública,Quartzo,5.260851851866667,0.0,6.259259259333334,7.51,7.5,2.5,3.0,2.0,,,,7.54,5.0,Fase 5 (1° EM),-1,4,5,Quartzo,Pública,0.0,7.54,-1,-1,False,False,False
RA-1162,2024,4M,4M,Aluno-1162,14,Feminino,2023,Pública,Ametista,7.473167836266667,7.917,9.135672514666666,6.26,6.875,5.666666666666667,4.0,7.5,5.5,,,7.0375,10.0,Fase 4 (9° ano),0,4,4,Ametista,Pública,7.917,7.0375,0,0,False,False,False
RA-471,2024,4M,4M,Aluno-471,14,Feminino,2021,Pública,Agata,6.635847117766667,0.0,7.027568922333333,7.51,7.708333333,5.5,4.0,5.5,7.0,,,8.0425,10.0,Fase 4 (9° ano),0,4,4,Ágata,Pública,0.0,8.0425,0,0,False,True,False
RA-416,2024,4M,4M,Aluno-416,14,Masculino,2021,Privada - Programa de Apadrinhamento,Topázio,8.700808577033333,8.751,8.972709551666666,7.51,8.541666667,8.0,8.0,7.5,8.5,,,9.13,10.0,Fase 3 (7° e 8° ano),1,4,3,Topázio,Privada - Programa de Apadrinhamento,8.751,9.13,1,1,False,True,False
RA-303,2024,4M,4M,Aluno-303,16,Masculino,2021,Pública,Agata,6.2443426900666665,8.751,3.9520467836666664,7.51,6.875,5.666666666666667,5.0,5.0,7.0,,,7.535,5.0,Fase 6 (2° EM),-2,4,6,Ágata,Pública,8.751,7.535,-2,-2,False,True,False
RA-418,2024,4M,4M,Aluno-418,12,Feminino,2021,Privada - Programa de Apadrinhamento,Topázio,9.125183333366667,8.751,10.0,7.51,8.229166667,9.333333333333334,9.5,8.5,10.0,,,9.0475,10.0,Fase 3 (7° e 8° ano),1,4,3,Topázio,Privada - Programa de Apadrinhamento,8.751,9.0475,1,1,False,True,False
RA-419,2024,4M,4M,Aluno-419,14,Feminino,2021,Privada - Programa de Apadrinhamento,Topázio,8.355707894766669,7.083,9.382456140666667,6.26,8.020833333,8.166666666666666,6.5,8.0,10.0,,,8.5475,10.0,Fase 3 (7° e 8° ano),1,4,3,Topázio,Privada - Programa de Apadrinhamento,7.083,8.5475,1,1,False,True,False
RA-420,2024,4M,4M,Aluno-420,13,Feminino,2021,Privada - Programa de Apadrinhamento,Ametista,7.544228947400001,8.334,9.557894737,6.26,7.8125,4.0,3.0,4.5,4.5,,,7.96,10.0,Fase 3 (7° e 8° ano),1,4,3,Ametista,Privada - Programa de Apadrinhamento,8.334,7.96,1,1,False,True,False
RA-1166,2024,4M,4M,Aluno-1166,16,Feminino,2023,Pública,Ametista,7.452799122766667,8.334,8.498245614,6.26,8.020833333,6.333333333333333,5.0,7.0,7.0,,,8.625,5.0,Fase 5 (1° EM),-1,4,5,Ametista,Pública,8.334,8.625,-1,-1,False,False,False
RA-425,2024,4M,4M,Aluno-425,14,Masculino,2022,Pública,Topázio,9.016616666700001,10.0,10.0,6.26,8.229166667,9.0,10.0,7.5,9.5,,,8.8375,10.0,Fase 4 (9° ano),0,4,4,Topázio,Pública,10.002,8.8375,0,0,False,False,False
RA-1590,2024,4N,4N,Aluno-1590,15,Feminino,2024,Pública,Topázio,8.1907875086,7.917,8.267770876333332,7.51,10.0,8.666666666666666,8.5,8.0,9.5,,,8.806,5.0,Fase 5 (1° EM),-1,4,5,Topázio,Pública,7.917,8.806,-1,-1,False,False,False
RA-1591,2024,4N,4N,Aluno-1591,16,Feminino,2024,Pública,Agata,6.1707952862,7.083,6.430976431,7.51,8.125,3.5,3.0,4.5,3.0,,,7.064,5.0,Fase 6 (2° EM),-2,4,6,Ágata,Pública,7.083,7.064,-2,-2,False,False,False
RA-273,2024,4N,4N,Aluno-273,16,Feminino,2021,Pública,Agata,6.5991307798,9.168,7.323153899,6.26,8.125,4.5,3.0,6.5,4.0,,,6.896,5.0,Fase 5 (1° EM),-1,4,5,Ágata,Pública,9.168,6.896,-1,-1,False,True,False
RA-1592,2024,4N,4N,Aluno-1592,15,Feminino,2024,Pública,Agata,6.812545479666667,7.917,6.854727398333334,7.51,8.125,5.5,4.0,7.5,5.0,,,7.432,5.0,Fase 5 (1° EM),-1,4,5,Ágata,Pública,7.917,7.432,-1,-1,False,False,False
RA-457,2024,4N,4N,Aluno-457,14,Feminino,2022,Pública,Topázio,8.5892756038,8.334,8.743961352333335,7.51,9.6875,8.666666666666666,8.0,8.0,10.0,,,7.77,10.0,Fase 3 (7° e 8° ano),1,4,3,Topázio,Pública,8.334,7.77,1,1,False,False,False
RA-305,2024,4N,4N,Aluno-305,16,Masculino,2021,Pública,Agata,6.693026811600001,8.334,7.898550724666666,6.26,7.8125,4.833333333333333,3.0,3.0,8.5,,,7.03,5.0,Fase 5 (1° EM),-1,4,5,Ágata,Pública,8.334,7.03,-1,-1,False,True,False
RA-421,2024,4N,4N,Aluno-421,13,Masculino,2021,Pública,Topázio,8.488232329,8.751,9.540744978333334,7.51,9.0625,6.666666666666667,5.0,6.0,9.0,,,8.572,10.0,Fase 3 (7° e 8° ano),1,4,3,Topázio,Pública,8.751,8.572,1,1,False,False,False
RA-1169,2024,4N,4N,Aluno-1169,15,Feminino,2023,Pública,Agata,6.885305555533334,6.25,8.444444444333334,5.635,7.8125,6.833333333333333,6.0,6.5,8.0,,,6.8,5.0,Fase 5 (1° EM),-1,4,5,Ágata,Pública,6.25,6.8,-1,-1,False,False,False
RA-1593,2024,4N,4N,Aluno-1593,15,Masculino,2024,Pública,Agata,6.638525017333334,6.249,4.868875086666667,6.26,9.0625,6.5,9.0,6.5,4.0,,,8.538,5.0,Fase 5 (1° EM),-1,4,5,Ágata,Pública,6.249,8.538,-1,-1,False,False,False
RA-1594,2024,4N,4N,Aluno-1594,16,Masculino,2024,Pública,Quartzo,5.731267287800001,9.585,6.112836439,6.26,6.25,3.0,1.0,4.0,4.0,,,5.996,5.0,Fase 6 (2° EM),-2,4,6,Quartzo,Pública,9.585,5.996,-2,-2,False,False,False
RA-283,2024,4N,4N,Aluno-283,16,Masculino,2021,Pública,Ametista,7.9444309524,8.751,9.761904762,6.885,7.8125,8.0,6.5,8.0,9.5,,,7.736,5.0,Fase 6 (2° EM),-2,4,6,Ametista,Pública,8.751,7.736,-2,-2,False,True,False
RA-459,2024,4N,4N,Aluno-459,14,Masculino,2021,Pública,Ametista,7.233804589400001,7.917,8.454106280333333,5.635,7.8125,4.666666666666667,0.0,6.0,8.0,,,7.366,10.0,Fase 4 (9° ano),0,4,4,Ametista,Pública,7.917,7.366,0,0,False,True,False
RA-454,2024,4R,4R,Aluno-454,17,Masculino,2021,Pública,Quartzo,5.8522943469666675,9.585,6.633138401666667,6.255,5.416666667,3.6666666666666665,3.0,2.0,6.0,,,5.833333333,5.0,Fase 6 (2° EM),-2,4,6,Quartzo,Pública,9.585,5.833333333,-2,-2,False,True,False
RA-1595,2024,4R,4R,Aluno-1595,14,Masculino,2024,Pública,Agata,6.6599304233000005,8.334,7.949735449666666,6.26,7.395833333,2.3333333333333335,3.0,0.0,4.0,,,7.021666667,10.0,Fase 4 (9° ano),0,4,4,Ágata,Pública,8.334,7.021666667,0,0,False,False,False
RA-1596,2024,4R,4R,Aluno-1596,17,Feminino,2024,Pública,Ametista,7.261016666766667,8.751,10.0,7.51,8.229166667,3.3333333333333335,5.0,0.0,5.0,,,8.226666667,5.0,Fase 6 (2° EM),-2,4,6,Ametista,Pública,8.751,8.226666667,-2,-2,False,False,False
RA-170,2024,4R,4R,Aluno-170,16,Feminino,2021,Privada - Programa de Apadrinhamento,Ametista,7.646383333300001,9.168,8.5,5.635,7.604166667,8.0,10.0,6.5,7.5,,,8.028333333,5.0,Fase 5 (1° EM),-1,4,5,Ametista,Privada - Programa de Apadrinhamento,9.168,8.028333333,-1,-1,False,True,False
RA-1597,2024,4R,4R,Aluno-1597,16,Feminino,2024,Pública,Agata,6.7187063492,7.5,8.412698412666666,7.51,8.125,2.8333333333333335,2.0,0.0,6.5,,,8.28,5.0,Fase 5 (1° EM),-1,4,5,Ágata,Pública,7.5,8.28,-1,-1,False,False,False
RA-1171,2024,4R,4R,Aluno-1171,15,Masculino,2023,Pública,Ametista,7.6236817459,8.334,7.230158729999999,7.51,8.645833333,7.5,5.0,9.5,8.0,,,8.643333333,5.0,Fase 5 (1° EM),-1,4,5,Ametista,Pública,8.334,8.643333333,-1,-1,False,False,False
RA-116,2024,5A,5A,Aluno-116,18,Feminino,2021,Pública,Agata,6.337470707133334,8.334,7.535353535666666,5.635,6.875,4.5,6.5,2.0,5.0,,,6.73,5.0,Fase 7 (3° EM),-2,5,7,Ágata,Pública,8.334,6.73,-2,-2,False,True,False
RA-217,2024,5A,5A,Aluno-217,17,Feminino,2021,Privada - Programa de Apadrinhamento,Ametista,7.4209164502,8.334,8.917748917666666,6.26,7.125,7.833333333333333,9.0,7.0,7.5,,,6.994,5.0,Fase 6 (2° EM),-1,5,6,Ametista,Privada - Programa de Apadrinhamento,8.334,6.994,-1,-1,False,False,False
RA-103,2024,5A,5A,Aluno-103,15,Feminino,2021,Privada - Programa de Apadrinhamento,Topázio,8.775268254,8.334,9.603174603333335,6.26,7.875,9.166666666666666,9.0,9.0,9.5,,,8.872,10.0,Fase 5 (1° EM),0,5,5,Topázio,Privada - Programa de Apadrinhamento,8.334,8.872,0,0,False,True,False
RA-178,2024,5A,5A,Aluno-178,16,Feminino,2021,Privada - Programa de Apadrinhamento,Ametista,7.234168831200001,9.585,8.739177489333334,6.26,7.625,4.166666666666667,2.5,2.5,7.5,,,6.53,10.0,Fase 5 (1° EM),0,5,5,Ametista,Privada - Programa de Apadrinhamento,9.585,6.53,0,0,False,True,False
RA-1172,2024,5A,5A,Aluno-1172,17,Feminino,2023,Pública,Quartzo,5.719565079333334,7.5,6.0634920633333325,6.26,7.25,3.3333333333333335,0.0,5.0,5.0,,,6.196,5.0,Fase 6 (2° EM),-1,5,6,Quartzo,Pública,7.5,6.196,-1,-1,False,False,False
RA-180,2024,5A,5A,Aluno-180,14,Masculino,2021,Privada - Programa de Apadrinhamento,Topázio,8.801463636333335,9.168,9.431818181666666,7.51,8.125,8.5,9.0,8.5,8.0,,,8.674,10.0,Fase 3 (7° e 8° ano),2,5,3,Topázio,Privada - Programa de Apadrinhamento,9.168,8.674,2,2,False,True,False
RA-181,2024,5A,5A,Aluno-181,15,Feminino,2021,Privada - Programa de Apadrinhamento,Ametista,7.439841414133334,7.5,8.737373737333334,6.26,7.625,4.333333333333333,0.0,7.5,5.5,,,8.436,10.0,Fase 5 (1° EM),0,5,5,Ametista,Privada - Programa de Apadrinhamento,7.5,8.436,0,0,False,True,False
RA-121,2024,5A,5A,Aluno-121,17,Feminino,2021,Pública,Ametista,7.476158297266668,8.751,8.152958153,6.26,7.25,8.833333333333334,7.5,9.0,10.0,,,6.764,5.0,Fase 7 (3° EM),-2,5,7,Ametista,Pública,8.751,6.764,-2,-2,False,False,False
RA-211,2024,5A,5A,Aluno-211,15,Masculino,2021,Privada - Programa de Apadrinhamento,Topázio,8.283601875933334,9.585,9.379509379666667,7.51,7.25,7.0,5.5,6.5,9.0,,,7.866,10.0,Fase 5 (1° EM),0,5,5,Topázio,Privada - Programa de Apadrinhamento,9.585,7.866,0,0,False,False,False
RA-1198,2024,5A,5A,Aluno-1198,17,Feminino,2023,Pública,Agata,6.9217748918,8.751,9.458874459,7.51,7.375,3.5,0.0,1.0,9.5,,,7.332,5.0,Fase 6 (2° EM),-1,5,6,Ágata,Pública,8.751,7.332,-1,-1,False,False,False
RA-110,2024,5A,5A,Aluno-110,16,Masculino,2021,Privada - Programa de Apadrinhamento,Topázio,8.6324939394,9.168,9.696969697,6.255,7.5,8.5,10.0,7.0,8.5,,,8.504,10.0,Fase 5 (1° EM),0,5,5,Topázio,Privada - Programa de Apadrinhamento,9.168,8.504,0,0,False,True,False
RA-189,2024,5A,5A,Aluno-189,15,Masculino,2021,Privada - Programa de Apadrinhamento,Topázio,8.586533333333334,10.0,10.0,6.255,6.875,8.166666666666666,7.0,7.5,10.0,,,8.2,10.0,Fase 5 (1° EM),0,5,5,Topázio,Privada - Programa de Apadrinhamento,10.002,8.2,0,0,False,True,False
RA-127,2024,5A,5A,Aluno-127,16,Feminino,2022,Privada - Programa de Apadrinhamento,Topázio,8.5605939394,8.751,9.488636363666666,7.51,7.625,7.833333333333333,10.0,3.5,10.0,,,8.538,10.0,Fase 5 (1° EM),0,5,5,Topázio,Privada - Programa de Apadrinhamento,8.751,8.538,0,0,False,False,False
RA-115,2024,5A,5A,Aluno-115,17,Feminino,2021,Pública,Quartzo,5.404184695733334,7.917,4.164756812,6.26,6.75,4.166666666666667,6.5,4.5,1.5,,,5.726,5.0,Fase 7 (3° EM),-2,5,7,Quartzo,Pública,7.917,5.726,-2,-2,False,True,False
RA-215,2024,5B,5B,Aluno-215,15,Feminino,2021,Pública,Ametista,7.045258874400002,7.084,6.455627705333334,6.26,8.0,5.666666666666667,5.0,2.0,10.0,,,7.432,10.0,Fase 5 (1° EM),0,5,5,Ametista,Pública,7.084,7.432,0,0,False,False,False
RA-1598,2024,5B,5B,Aluno-1598,15,Feminino,2024,Pública,Topázio,8.4656285714,9.585,8.857142857,7.51,8.375,7.5,7.5,7.5,,,,8.236,10.0,Fase 5 (1° EM),0,5,5,Topázio,Pública,9.585,8.236,0,0,False,False,False
RA-1174,2024,5B,5B,Aluno-1174,16,Feminino,2023,Pública,Ametista,7.374213419866667,8.751,8.349567099333333,6.26,7.5,5.0,5.0,3.0,7.0,,,7.266,10.0,Fase 5 (1° EM),0,5,5,Ametista,Pública,8.751,7.266,0,0,False,False,False
RA-192,2024,5B,5B,Aluno-192,17,Masculino,2021,Privada,Agata,6.882960606066668,8.334,6.363636363666667,7.51,7.125,7.166666666666667,4.0,7.5,10.0,,,6.9,5.0,Fase 7 (3° EM),-2,5,7,Ágata,Privada,8.334,6.9,-2,-2,False,False,False
RA-220,2024,5B,5B,Aluno-220,15,Feminino,2022,Pública,Ametista,7.6987770562666675,8.751,8.198051948,6.26,7.25,6.833333333333333,8.0,3.5,9.0,,,7.332,10.0,Fase 5 (1° EM),0,5,5,Ametista,Pública,8.751,7.332,0,0,False,False,False
RA-186,2024,5B,5B,Aluno-186,15,Feminino,2021,Privada,Topázio,8.325963636333334,7.917,9.640151515,6.26,8.125,7.166666666666667,6.0,7.0,8.5,,,8.672,10.0,Fase 4 (9° ano),1,5,4,Topázio,Privada,7.917,8.672,1,1,False,True,False
RA-1181,2024,5B,5B,Aluno-1181,15,Feminino,2023,Pública,Agata,6.2015816738666665,9.168,5.036075036,6.26,7.125,3.8333333333333335,1.0,1.0,9.5,,,5.862,10.0,Fase 5 (1° EM),0,5,5,Ágata,Pública,9.168,5.862,0,0,False,False,False
RA-1599,2024,5B,5B,Aluno-1599,17,Feminino,2024,Pública,Ametista,7.6059333333333345,8.334,9.666666666666666,7.51,7.75,6.5,7.0,6.0,,,,7.566,5.0,Fase 7 (3° EM),-2,5,7,Ametista,Pública,8.334,7.566,-2,-2,False,False,False
RA-111,2024,5B,5B,Aluno-111,15,Feminino,2021,Privada - Programa de Apadrinhamento,Topázio,8.667693939400001,9.168,9.488636363666666,6.26,8.125,8.333333333333334,8.0,7.0,10.0,,,8.74,10.0,Fase 5 (1° EM),0,5,5,Topázio,Privada - Programa de Apadrinhamento,9.168,8.74,0,0,False,True,False
RA-1600,2024,5B,5B,Aluno-1600,17,Feminino,2024,Pública,Agata,6.750618518533334,8.751,8.425925926,6.26,7.25,5.666666666666667,5.0,2.0,10.0,,,6.03,5.0,Fase 7 (3° EM),-2,5,7,Ágata,Pública,8.751,6.03,-2,-2,False,False,False
RA-1601,2024,5C,5C,Aluno-1601,17,Feminino,2024,Pública,Ametista,7.2431,8.751,7.0,7.51,7.5,6.5,5.0,5.0,9.5,,,8.335,5.0,Fase 6 (2° EM),-1,5,6,Ametista,Pública,8.751,8.335,-1,-1,False,False,False
RA-176,2024,5C,5C,Aluno-176,15,Feminino,2021,Privada - Programa de Apadrinhamento,Topázio,8.828632575733334,9.585,9.545454545333333,6.26,8.59375,8.833333333333334,9.0,8.0,9.5,,,8.545,10.0,Fase 4 (9° ano),1,5,4,Topázio,Privada - Programa de Apadrinhamento,9.585,8.545,1,1,False,True,False
RA-1602,2024,5C,5C,Aluno-1602,15,Feminino,2024,Pública,Topázio,8.041889814800001,7.917,8.782407407333332,7.51,7.34375,7.166666666666667,9.5,2.0,10.0,,,7.875,10.0,Fase 5 (1° EM),0,5,5,Topázio,Pública,7.917,7.875,0,0,False,False,False
RA-1603,2024,5C,5C,Aluno-1603,16,Feminino,2024,Pública,Ametista,7.836518518466668,7.5,9.259259258999998,7.51,7.5,8.333333333333334,8.5,7.0,9.5,,,7.835,5.0,Fase 6 (2° EM),-1,5,6,Ametista,Pública,7.5,7.835,-1,-1,False,False,False
RA-1604,2024,5C,5C,Aluno-1604,16,Masculino,2024,Pública,Topázio,8.0118555556,9.168,7.777777778,7.51,8.125,8.5,10.0,5.5,10.0,,,8.88,5.0,Fase 6 (2° EM),-1,5,6,Topázio,Pública,9.168,8.88,-1,-1,False,False,False
RA-193,2024,5C,5C,Aluno-193,14,Masculino,2021,Privada - Programa de Apadrinhamento,Topázio,8.465046969666668,8.751,9.848484848333333,6.26,8.4375,7.0,6.5,4.5,10.0,,,8.7525,10.0,Fase 4 (9° ano),1,5,4,Topázio,Privada - Programa de Apadrinhamento,8.751,8.7525,1,1,False,True,False
RA-195,2024,5C,5C,Aluno-195,15,Feminino,2021,Privada - Programa de Apadrinhamento,Topázio,8.4690496032,7.5,9.682539682666667,6.26,7.96875,7.833333333333333,9.0,6.5,8.0,,,8.965,10.0,Fase 4 (9° ano),1,5,4,Topázio,Privada - Programa de Apadrinhamento,7.5,8.965,1,1,False,True,False
RA-196,2024,5C,5C,Aluno-196,14,Masculino,2021,Privada - Programa de Apadrinhamento,Topázio,8.823550937933334,8.751,9.689754689666666,7.51,8.75,8.0,8.0,7.0,9.0,,,8.9225,10.0,Fase 4 (9° ano),1,5,4,Topázio,Privada - Programa de Apadrinhamento,8.751,8.9225,1,1,False,True,False
RA-197,2024,5C,5C,Aluno-197,14,Feminino,2021,Privada - Programa de Apadrinhamento,Topázio,8.568238636333334,7.5,9.848484848333333,6.26,7.96875,8.333333333333334,7.0,8.0,10.0,,,8.795,10.0,Fase 5 (1° EM),0,5,5,Topázio,Privada - Programa de Apadrinhamento,7.5,8.795,0,0,False,False,False
RA-229,2024,5C,5C,Aluno-229,14,Masculino,2022,Privada - Programa de Apadrinhamento,Topázio,8.852545634933334,9.585,9.841269841333334,5.635,8.28125,8.833333333333334,9.5,7.0,10.0,,,8.8375,10.0,Fase 4 (9° ano),1,5,4,Topázio,Privada - Programa de Apadrinhamento,9.585,8.8375,1,1,False,False,False
RA-202,2024,5C,5C,Aluno-202,16,Feminino,2021,Pública,Ametista,7.3512154762,8.334,7.880952381,6.26,7.65625,7.5,8.5,6.0,8.0,,,7.75,5.0,Fase 6 (2° EM),-1,5,6,Ametista,Pública,8.334,7.75,-1,-1,False,True,False
RA-1176,2024,5C,5C,Aluno-1176,14,Masculino,2023,Privada - Programa de Apadrinhamento,Topázio,8.914816269866666,8.751,9.682539682666667,6.26,8.59375,9.166666666666666,10.0,8.0,9.5,,,8.9225,10.0,Fase 4 (9° ano),1,5,4,Topázio,Privada - Programa de Apadrinhamento,8.751,8.9225,1,1,False,False,False
RA-1177,2024,5C,5C,Aluno-1177,15,Feminino,2023,Pública,Topázio,8.3233039474,8.751,9.824561403666666,6.26,7.65625,7.333333333333333,9.5,5.5,7.0,,,8.125,10.0,Fase 5 (1° EM),0,5,5,Topázio,Pública,8.751,8.125,0,0,False,False,False
RA-146,2024,5D,5D,Aluno-146,17,Feminino,2022,Pública,Topázio,8.134554885333333,8.751,9.514316093333333,5.635,7.65625,9.333333333333334,9.0,9.0,10.0,,,8.304,5.0,Fase 7 (3° EM),-2,5,7,Topázio,Pública,8.751,8.304,-2,-2,False,False,False
RA-1199,2024,5D,5D,Aluno-1199,18,Masculino,2023,Concluiu o 3º EM,Ametista,7.614235714266666,7.5,8.571428571333334,5.005,6.5625,9.0,10.0,7.0,10.0,,,8.466,5.0,Fase 7 (3° EM),-2,5,7,Ametista,Concluiu o 3º EM,7.5,8.466,-2,-2,False,False,False
RA-1178,2024,5D,5D,Aluno-1178,17,Masculino,2023,Pública,Topázio,8.0934746032,8.751,9.682539682666667,6.26,7.5,8.333333333333334,9.0,8.0,8.0,,,8.696,5.0,Fase 6 (2° EM),-1,5,6,Topázio,Pública,8.751,8.696,-1,-1,False,False,False
RA-149,2024,5D,5D,Aluno-149,17,Feminino,2022,Pública,Quartzo,5.7316173854,9.585,4.104378593666667,6.26,7.34375,3.8333333333333335,0.0,6.5,5.0,,,6.626,5.0,Fase 7 (3° EM),-2,5,7,Quartzo,Pública,9.585,6.626,-2,-2,False,False,False
RA-1605,2024,5D,5D,Aluno-1605,16,Masculino,2024,Pública,Quartzo,4.920488888866667,0.0,5.0694444443333335,7.51,7.5,2.5,0.0,7.5,0.0,,,7.028,5.0,Fase 6 (2° EM),-1,5,6,Quartzo,Pública,0.0,7.028,-1,-1,False,False,False
RA-107,2024,5D,5D,Aluno-107,16,Feminino,2021,Pública,Agata,6.676130827066667,7.5,7.9949874686666655,7.51,7.5,4.666666666666667,0.0,4.5,9.5,,,6.964,5.0,Fase 6 (2° EM),-1,5,6,Ágata,Pública,7.5,6.964,-1,-1,False,True,False
RA-184,2024,5D,5D,Aluno-184,14,Masculino,2021,Privada - Programa de Apadrinhamento,Topázio,8.471456704266666,8.751,8.696741854666667,6.26,7.96875,8.166666666666666,9.5,5.0,10.0,,,9.004,10.0,Fase 4 (9° ano),1,5,4,Topázio,Privada - Programa de Apadrinhamento,8.751,9.004,1,1,False,True,True
RA-1606,2024,5D,5D,Aluno-1606,17,Feminino,2024,Pública,Quartzo,5.8216796296,8.334,5.148148148,7.51,7.8125,2.5,7.5,0.0,0.0,,,7.132,5.0,Fase 7 (3° EM),-2,5,7,Quartzo,Pública,8.334,7.132,-2,-2,False,False,False
RA-1607,2024,5D,5D,Aluno-1607,16,Masculino,2024,Pública,Quartzo,4.899894444466667,5.833,6.222222222333333,5.635,6.5625,0.0,,0.0,0.0,,,6.762,5.0,Fase 6 (2° EM),-1,5,6,Quartzo,Pública,5.833,6.762,-1,-1,False,False,False
RA-1608,2024,5D,5D,Aluno-1608,15,Masculino,2024,Pública,Ametista,7.072539814866667,8.751,7.199074074333335,7.51,6.40625,5.0,8.5,3.5,3.0,,,6.83,10.0,Fase 5 (1° EM),0,5,5,Ametista,Pública,8.751,6.83,0,0,False,False,False
RA-1173,2024,5D,5D,Aluno-1173,15,Masculino,2023,Pública,Topázio,8.220132915666667,9.168,9.665831245,7.51,8.125,5.833333333333333,6.0,7.5,4.0,,,8.2,10.0,Fase 5 (1° EM),0,5,5,Topázio,Pública,9.168,8.2,0,0,False,False,False
RA-237,2024,5F,5F,Aluno-237,16,Feminino,2022,Privada - Programa de Apadrinhamento,Ametista,7.931384271366667,8.751,9.689754689666666,6.26,7.916666667,7.666666666666667,6.0,7.0,10.0,,,8.336666667,5.0,Fase 6 (2° EM),-1,5,6,Ametista,Privada - Programa de Apadrinhamento,8.751,8.336666667,-1,-1,False,False,False
RA-147,2024,5F,5F,Aluno-147,16,Feminino,2022,Pública,Ametista,7.400477922133334,8.334,9.277056277,7.51,7.5,6.166666666666667,6.0,2.5,10.0,,,7.386666667,5.0,Fase 6 (2° EM),-1,5,6,Ametista,Pública,8.334,7.386666667,-1,-1,False,False,False
RA-131,2024,5F,5F,Aluno-131,17,Feminino,2021,Pública,Ametista,7.263155555633333,8.751,9.444444444666667,7.51,7.708333333,5.0,4.0,5.0,6.0,,,7.386666667,5.0,Fase 7 (3° EM),-2,5,7,Ametista,Pública,8.751,7.386666667,-2,-2,False,True,False
RA-1609,2024,5F,5F,Aluno-1609,17,Feminino,2024,Pública,Ametista,7.577233333233334,8.334,9.666666666666666,7.51,7.708333333,6.0,6.0,4.0,8.0,,,7.943333333,5.0,Fase 7 (3° EM),-2,5,7,Ametista,Pública,8.334,7.943333333,-2,-2,False,False,False
RA-137,2024,5F,5F,Aluno-137,18,Feminino,2021,Concluiu o 3º EM,Agata,6.576761183366667,9.585,7.582972583,5.005,4.791666667,6.833333333333333,2.0,8.5,10.0,,,6.276666667,5.0,Fase 7 (3° EM),-2,5,7,Ágata,Concluiu o 3º EM,9.585,6.276666667,-2,-2,False,True,False
RA-1184,2024,5F,5F,Aluno-1184,17,Masculino,2023,Pública,Ametista,7.411701731566668,6.666,8.658008657666668,7.51,7.291666667,7.666666666666667,6.0,7.0,10.0,,,7.5,5.0,Fase 6 (2° EM),-1,5,6,Ametista,Pública,6.666,7.5,-1,-1,False,False,False
RA-138,2024,5F,5F,Aluno-138,17,Masculino,2021,Pública,Ametista,7.3860274169,9.585,8.751803751666666,7.51,7.708333333,5.833333333333333,7.5,5.0,5.0,,,7.443333333,5.0,Fase 7 (3° EM),-2,5,7,Ametista,Pública,9.585,7.443333333,-2,-2,False,True,False
RA-1610,2024,5F,5F,Aluno-1610,17,Masculino,2024,Pública,Agata,6.7023729275666675,9.168,7.753697970666667,7.51,7.291666667,5.166666666666667,4.0,2.0,9.5,,,6.106666667,5.0,Fase 7 (3° EM),-2,5,7,Ágata,Pública,9.168,6.106666667,-2,-2,False,False,False
RA-1611,2024,5F,5F,Aluno-1611,17,Masculino,2024,Pública,Agata,6.4589186218000005,7.083,8.361426442,7.51,7.5,4.5,2.0,2.5,9.0,,,5.886666667,5.0,Fase 7 (3° EM),-2,5,7,Ágata,Pública,7.083,5.886666667,-2,-2,False,False,False
RA-1612,2024,5F,5F,Aluno-1612,18,Masculino,2024,Pública,Ametista,7.014528571366666,6.666,8.523809523666666,7.51,7.708333333,6.166666666666667,5.0,6.5,7.0,,,6.94,5.0,Fase 7 (3° EM),-2,5,7,Ametista,Pública,6.666,6.94,-2,-2,False,False,False
RA-1188,2024,5G,5G,Aluno-1188,16,Feminino,2023,Pública,Ametista,7.801633333400001,9.168,10.0,7.51,8.125,7.0,7.0,6.0,8.0,,,7.106666667,5.0,Fase 6 (2° EM),-1,5,6,Ametista,Pública,9.168,7.106666667,-1,-1,False,False,False
RA-1613,2024,5G,5G,Aluno-1613,17,Feminino,2024,Pública,Agata,6.085471428700001,8.334,7.1428571430000005,7.51,7.291666667,3.0,0.0,1.0,8.0,,,6.216666667,5.0,Fase 7 (3° EM),-2,5,7,Ágata,Pública,8.334,6.216666667,-2,-2,False,False,False
RA-244,2024,5G,5G,Aluno-244,14,Feminino,2021,Privada - Programa de Apadrinhamento,Topázio,8.7225,7.5,10.0,6.26,8.125,9.5,10.0,9.0,9.5,,,8.17,10.0,Fase 4 (9° ano),1,5,4,Topázio,Privada - Programa de Apadrinhamento,7.5,8.17,1,1,False,True,False
RA-267,2024,5G,5G,Aluno-267,17,Feminino,2021,Pública,Quartzo,5.8963067819666675,10.0,8.285533910333333,6.26,4.583333333,2.0,0.0,2.0,4.0,,,6.273333333,5.0,Fase 7 (3° EM),-2,5,7,Quartzo,Pública,10.002,6.273333333,-2,-2,False,True,False
RA-1189,2024,5G,5G,Aluno-1189,16,Feminino,2023,Pública,Ametista,7.6486387164,9.585,8.672360248333332,7.51,7.5,7.666666666666667,7.0,7.0,9.0,,,7.106666667,5.0,Fase 6 (2° EM),-1,5,6,Ametista,Pública,9.585,7.106666667,-1,-1,False,False,False
RA-113,2024,5G,5G,Aluno-113,16,Feminino,2021,Pública,Ametista,7.043536903066667,8.751,7.063851181666667,7.51,7.5,6.666666666666667,7.0,6.0,7.0,,,7.106666667,5.0,Fase 6 (2° EM),-1,5,6,Ametista,Pública,8.751,7.106666667,-1,-1,False,True,False
RA-152,2024,5L,5L,Aluno-152,17,Feminino,2022,Pública,Agata,6.5837938596,7.5,7.337719298333333,5.63,7.8125,5.166666666666667,0.0,7.5,8.0,,,7.443333333,5.0,Fase 7 (3° EM),-2,5,7,Ágata,Pública,7.5,7.443333333,-2,-2,False,False,False
RA-318,2024,5L,5L,Aluno-318,16,Feminino,2021,Pública,Ametista,7.025000925866668,7.917,9.129629629666667,7.51,7.34375,4.666666666666667,2.0,6.0,6.0,,,7.443333333,5.0,Fase 6 (2° EM),-1,5,6,Ametista,Pública,7.917,7.443333333,-1,-1,False,True,False
RA-274,2024,5L,5L,Aluno-274,13,Feminino,2021,Privada - Programa de Apadrinhamento,Topázio,8.651029629666667,8.334,9.648148147999999,5.635,8.125,9.333333333333334,9.0,9.0,10.0,,,8.226666667,10.0,Fase 3 (7° e 8° ano),2,5,3,Topázio,Privada - Programa de Apadrinhamento,8.334,8.226666667,2,2,False,True,False
RA-319,2024,5L,5L,Aluno-319,15,Masculino,2022,Pública,Ametista,7.948699561466667,9.585,9.024122807,7.51,7.34375,5.833333333333333,4.0,5.0,8.5,,,7.666666667,10.0,Fase 5 (1° EM),0,5,5,Ametista,Pública,9.585,7.666666667,0,0,False,False,False
RA-160,2024,5L,5L,Aluno-160,17,Feminino,2021,Privada - Programa de Apadrinhamento,Agata,6.855108333266668,8.334,7.416666666666667,6.26,7.34375,5.666666666666667,3.0,5.5,8.5,,,7.723333333,5.0,Fase 6 (2° EM),-1,5,6,Ágata,Privada - Programa de Apadrinhamento,8.334,7.723333333,-1,-1,False,False,False
RA-161,2024,5L,5L,Aluno-161,15,Feminino,2021,Privada - Programa de Apadrinhamento,Ametista,7.258445588333334,8.751,7.965686274666666,6.26,7.96875,4.0,5.0,7.0,0.0,,,7.836666667,10.0,Fase 5 (1° EM),0,5,5,Ametista,Privada - Programa de Apadrinhamento,8.751,7.836666667,0,0,False,True,True
RA-1614,2024,5L,5L,Aluno-1614,16,Masculino,2024,Pública,Agata,6.787898989933334,7.5,6.574494949666668,7.51,7.5,6.5,5.0,5.5,9.0,,,7.11,5.0,Fase 6 (2° EM),-1,5,6,Ágata,Pública,7.5,7.11,-1,-1,False,False,False
RA-164,2024,5L,5L,Aluno-164,17,Masculino,2021,Privada,Agata,6.837125731066667,9.585,8.084795321666666,6.26,6.25,5.666666666666667,6.0,2.0,9.0,,,6.886666667,5.0,Fase 7 (3° EM),-2,5,7,Ágata,Privada,9.585,6.886666667,-2,-2,False,True,False
RA-165,2024,5L,5L,Aluno-165,16,Feminino,2021,Privada - Programa de Apadrinhamento,Topázio,8.4627502436,7.5,9.431042884999998,7.51,7.96875,8.5,10.0,7.5,8.0,,,7.893333333,10.0,Fase 5 (1° EM),0,5,5,Topázio,Privada - Programa de Apadrinhamento,7.5,7.893333333,0,0,False,True,False
RA-1615,2024,5M,5M,Aluno-1615,15,Feminino,2024,Pública,Topázio,8.417533333333333,7.917,9.833333333333334,7.51,7.5,8.333333333333334,8.0,7.0,10.0,,,7.4575,10.0,Fase 5 (1° EM),0,5,5,Topázio,Pública,7.917,7.4575,0,0,False,False,False
RA-1616,2024,5M,5M,Aluno-1616,17,Feminino,2024,Pública,Ametista,7.147738235266668,8.334,8.436274509666667,7.51,7.1875,6.166666666666667,5.5,6.5,6.5,,,7.12,5.0,Fase 6 (2° EM),-1,5,6,Ametista,Pública,8.334,7.12,-1,-1,False,False,False
RA-271,2024,5M,5M,Aluno-271,17,Feminino,2022,Pública,Ametista,7.400633333333334,9.168,8.958333333333334,6.26,7.5,7.333333333333333,5.0,7.5,9.5,,,6.7475,5.0,Fase 6 (2° EM),-1,5,6,Ametista,Pública,9.168,6.7475,-1,-1,False,False,False
RA-316,2024,5M,5M,Aluno-316,15,Feminino,2022,Privada - Programa de Apadrinhamento,Topázio,8.708925,9.168,10.0,7.51,7.65625,8.0,8.5,7.0,8.5,,,8.3775,10.0,Fase 5 (1° EM),0,5,5,Topázio,Privada - Programa de Apadrinhamento,9.168,8.3775,0,0,False,False,False
RA-286,2024,5M,5M,Aluno-286,16,Feminino,2022,Pública,Quartzo,5.123180882333333,6.666,4.031862745000001,6.26,7.34375,3.1666666666666665,5.0,0.0,4.5,,,5.7825,5.0,Fase 6 (2° EM),-1,5,6,Quartzo,Pública,6.666,5.7825,-1,-1,False,False,False
RA-320,2024,5M,5M,Aluno-320,15,Feminino,2022,Privada - Programa de Apadrinhamento,Topázio,8.442258333333335,9.168,10.0,7.51,7.65625,6.666666666666667,7.5,5.5,7.0,,,8.3775,10.0,Fase 5 (1° EM),0,5,5,Topázio,Privada - Programa de Apadrinhamento,9.168,8.3775,0,0,False,False,False
RA-1207,2024,5M,5M,Aluno-1207,16,Feminino,2023,Pública,Agata,6.509169736866667,8.334,6.581140350999999,7.51,7.34375,5.333333333333333,4.5,1.5,10.0,,,6.5375,5.0,Fase 6 (2° EM),-1,5,6,Ágata,Pública,8.334,6.5375,-1,-1,False,False,False
RA-1617,2024,5M,5M,Aluno-1617,16,Feminino,2024,Pública,Quartzo,4.926285714266666,0.0,5.571428571333333,7.51,6.875,3.25,0.5,6.0,,,,6.1175,5.0,Fase 6 (2° EM),-1,5,6,Quartzo,Pública,0.0,6.1175,-1,-1,False,False,False
RA-158,2024,5M,5M,Aluno-158,15,Feminino,2021,Privada - Programa de Apadrinhamento,Agata,6.855159259266667,8.334,7.796296296333334,6.26,6.875,4.0,2.5,1.5,8.0,,,6.745,10.0,Fase 5 (1° EM),0,5,5,Ágata,Privada - Programa de Apadrinhamento,8.334,6.745,0,0,False,True,True
RA-306,2024,5M,5M,Aluno-306,16,Feminino,2021,Pública,Agata,6.1661539474,7.917,7.699561403666666,7.51,7.34375,2.8333333333333335,3.5,1.5,3.5,,,6.4125,5.0,Fase 6 (2° EM),-1,5,6,Ágata,Pública,7.917,6.4125,-1,-1,False,False,False
RA-1618,2024,5M,5M,Aluno-1618,17,Masculino,2024,Pública,Ametista,7.0487660130666665,8.334,7.908496732000001,7.51,7.5,6.333333333333333,5.0,7.0,7.0,,,6.83,5.0,Fase 6 (2° EM),-1,5,6,Ametista,Pública,8.334,6.83,-1,-1,False,False,False
RA-308,2024,5M,5M,Aluno-308,15,Masculino,2021,Pública,Ametista,7.489282456133334,7.083,8.714912280666667,5.635,7.5,6.5,5.5,7.0,7.0,,,7.1225,10.0,Fase 4 (9° ano),1,5,4,Ametista,Pública,7.083,7.1225,1,1,False,True,False
RA-1619,2024,5M,5M,Aluno-1619,15,Masculino,2024,Pública,Ametista,7.393951851866667,7.501,9.259259259333334,7.51,7.5,4.25,4.0,4.5,,,,7.205,10.0,Fase 4 (9° ano),1,5,4,Ametista,Pública,7.501,7.205,1,1,False,False,False
RA-299,2024,5N,5N,Aluno-299,15,Feminino,2021,Privada - Programa de Apadrinhamento,Topázio,8.177186956533333,8.751,8.963768115999999,6.26,7.5,8.166666666666666,8.0,7.5,9.0,,,7.5,10.0,Fase 4 (9° ano),1,5,4,Topázio,Privada - Programa de Apadrinhamento,8.751,7.5,1,1,False,True,False
RA-251,2024,5N,5N,Aluno-251,16,Masculino,2021,Pública,Agata,6.7135006212,8.751,8.612836439,5.63,6.875,4.5,4.0,2.5,7.0,,,7.326666667,5.0,Fase 6 (2° EM),-1,5,6,Ágata,Pública,8.751,7.326666667,-1,-1,False,True,False
RA-157,2024,5N,5N,Aluno-157,14,Feminino,2021,Privada - Programa de Apadrinhamento,Topázio,8.950566666733334,8.334,10.0,6.26,8.125,9.666666666666666,10.0,9.0,10.0,,,8.726666667,10.0,Fase 4 (9° ano),1,5,4,Topázio,Privada - Programa de Apadrinhamento,8.334,8.726666667,1,1,False,True,False
RA-1620,2024,5N,5N,Aluno-1620,16,Masculino,2024,Pública,Agata,6.652766666666667,8.751,6.666666666666667,7.51,7.5,5.166666666666667,5.5,7.0,3.0,,,7.05,5.0,Fase 6 (2° EM),-1,5,6,Ágata,Pública,8.751,7.05,-1,-1,False,False,False
RA-321,2024,5N,5N,Aluno-321,14,Feminino,2022,Pública,Topázio,8.125807932933334,7.917,9.534706331,6.26,8.125,7.166666666666667,6.0,6.0,9.5,,,7.776666667,10.0,Fase 4 (9° ano),1,5,4,Topázio,Pública,7.917,7.776666667,1,1,False,False,False
RA-1195,2024,5N,5N,Aluno-1195,18,Feminino,2022,Pública,Ametista,7.5085144926666665,9.585,9.855072463666666,5.63,7.5,6.166666666666667,8.0,5.0,5.5,,,7.663333333,5.0,Fase 7 (3° EM),-2,5,7,Ametista,Pública,9.585,7.663333333,-2,-2,False,False,False
RA-1200,2024,5N,5N,Aluno-1200,16,Feminino,2023,Pública,Quartzo,5.6415838956,7.917,7.099419478000001,6.26,7.5,1.5,0.0,4.5,0.0,,,6.27,5.0,Fase 6 (2° EM),-1,5,6,Quartzo,Pública,7.917,6.27,-1,-1,False,False,False
RA-278,2024,5N,5N,Aluno-278,14,Masculino,2021,Privada - Programa de Apadrinhamento,Topázio,8.907314492800001,9.168,9.855072463666666,7.51,8.125,9.333333333333334,9.0,9.0,10.0,,,7.946666667,10.0,Fase 4 (9° ano),1,5,4,Topázio,Privada - Programa de Apadrinhamento,9.168,7.946666667,1,1,False,True,False
RA-85,2024,5N,5N,Aluno-85,17,Masculino,2022,Pública,Agata,6.999509385733333,8.334,8.668046928999999,3.755,6.25,7.666666666666667,9.0,4.5,9.5,,,6.993333333,5.0,Fase 7 (3° EM),-2,5,7,Ágata,Pública,8.334,6.993333333,-2,-2,False,False,False
RA-279,2024,5N,5N,Aluno-279,15,Masculino,2021,Privada - Programa de Apadrinhamento,Topázio,9.113133333366667,9.168,10.0,7.51,8.333333333,9.333333333333334,10.0,8.0,10.0,,,8.726666667,10.0,Fase 4 (9° ano),1,5,4,Topázio,Privada - Programa de Apadrinhamento,9.168,8.726666667,1,1,False,True,False
RA-1621,2024,5N,5N,Aluno-1621,17,Feminino,2024,Pública,Topázio,8.107033333366667,7.917,10.0,6.26,8.333333333,8.333333333333334,7.5,7.5,10.0,,,8.446666667,5.0,Fase 6 (2° EM),-1,5,6,Topázio,Pública,7.917,8.446666667,-1,-1,False,False,False
RA-280,2024,5N,5N,Aluno-280,15,Feminino,2021,Privada - Programa de Apadrinhamento,Topázio,8.822714492700001,7.917,9.855072463666666,6.26,8.333333333,9.333333333333334,10.0,8.0,10.0,,,8.67,10.0,Fase 4 (9° ano),1,5,4,Topázio,Privada - Programa de Apadrinhamento,7.917,8.67,1,1,False,False,False
RA-1201,2024,5N,5N,Aluno-1201,16,Masculino,2023,Pública,Topázio,8.376195238033333,8.751,9.523809523666666,7.51,8.333333333,9.0,9.0,8.0,10.0,,,8.56,5.0,Fase 6 (2° EM),-1,5,6,Topázio,Pública,8.751,8.56,-1,-1,False,False,False
RA-1622,2024,5N,5N,Aluno-1622,16,Feminino,2024,Pública,Topázio,8.429066666633334,8.334,10.0,7.51,8.333333333,9.666666666666666,10.0,9.0,10.0,,,7.89,5.0,Fase 6 (2° EM),-1,5,6,Topázio,Pública,8.334,7.89,-1,-1,False,False,False
RA-132,2024,6A,6A,Aluno-132,16,Feminino,2021,Privada - Programa de Apadrinhamento,Topázio,8.4746321428,8.334,8.380952380666665,7.51,8.59375,8.333333333333334,7.0,8.0,10.0,,,8.44,10.0,Fase 6 (2° EM),0,6,6,Topázio,Privada - Programa de Apadrinhamento,8.334,8.44,0,0,False,True,False
RA-42,2024,6A,6A,Aluno-42,17,Masculino,2021,Pública,Ametista,7.656628769866667,9.168,9.682539682666667,5.635,6.796875,8.166666666666666,9.0,7.5,8.0,,,7.134,5.0,Fase 7 (3° EM),-1,6,7,Ametista,Pública,9.168,7.134,-1,-1,False,True,False
RA-1623,2024,6A,6A,Aluno-1623,17,Masculino,2024,Pública,Ametista,7.7609537037333345,9.168,8.518518518666667,6.26,7.8125,6.0,5.5,2.5,10.0,,,7.666,10.0,Fase 6 (2° EM),0,6,6,Ametista,Pública,9.168,7.666,0,0,False,False,False
RA-106,2024,6A,6A,Aluno-106,16,Feminino,2021,Privada - Programa de Apadrinhamento,Ametista,7.721664285733334,9.168,8.761904762,5.635,7.8125,5.666666666666667,7.0,3.5,6.5,,,7.872,10.0,Fase 6 (2° EM),0,6,6,Ametista,Privada - Programa de Apadrinhamento,9.168,7.872,0,0,False,True,False
RA-123,2024,6A,6A,Aluno-123,18,Masculino,2021,Privada - Programa de Apadrinhamento,Agata,6.887248015866668,7.5,8.412698412666666,5.635,6.71875,7.166666666666667,6.5,5.5,9.5,,,6.43,5.0,Fase 7 (3° EM),-1,6,7,Ágata,Privada - Programa de Apadrinhamento,7.5,6.43,-1,-1,False,True,False
RA-125,2024,6A,6A,Aluno-125,17,Feminino,2022,Privada,Agata,6.627079761933334,8.334,5.6428571430000005,7.51,7.34375,6.166666666666667,3.0,7.0,8.5,,,7.232,5.0,Fase 7 (3° EM),-1,6,7,Ágata,Privada,8.334,7.232,-1,-1,False,False,False
RA-1624,2024,6A,6A,Aluno-1624,18,Feminino,2024,Concluiu o 3º EM,Ametista,7.743213492066667,7.917,9.460317460333334,7.51,7.8125,7.5,8.0,5.5,9.0,,,7.636,5.0,Fase 7 (3° EM),-1,6,7,Ametista,Concluiu o 3º EM,7.917,7.636,-1,-1,False,False,False
RA-1625,2024,6A,6A,Aluno-1625,17,Masculino,2024,Pública,Agata,6.888194089266667,7.5,7.112887113,7.51,7.1875,4.333333333333333,3.0,2.0,8.0,,,6.896,10.0,Fase 6 (2° EM),0,6,6,Ágata,Pública,7.5,6.896,0,0,False,False,False
RA-1626,2024,6A,6A,Aluno-1626,16,Feminino,2024,Pública,Topázio,8.541085606066668,8.751,9.696969697,7.51,8.28125,7.333333333333333,5.5,6.5,10.0,,,8.404,10.0,Fase 6 (2° EM),0,6,6,Topázio,Pública,8.751,8.404,0,0,False,False,False
RA-1627,2024,6A,6A,Aluno-1627,17,Feminino,2024,Pública,Ametista,7.481547222200001,7.083,7.777777777666667,7.51,7.65625,7.833333333333333,6.0,7.5,10.0,,,8.172,5.0,Fase 7 (3° EM),-1,6,7,Ametista,Pública,7.083,8.172,-1,-1,False,False,False
RA-1628,2024,6A,6A,Aluno-1628,16,Feminino,2024,Pública,Ametista,7.500131368600001,8.334,8.509823509666667,7.51,6.875,5.833333333333333,3.0,5.0,9.5,,,6.798,10.0,Fase 6 (2° EM),0,6,6,Ametista,Pública,8.334,6.798,0,0,False,False,False
RA-112,2024,6A,6A,Aluno-112,17,Feminino,2021,Privada - Programa de Apadrinhamento,Topázio,8.052609920666667,7.083,7.978174603333333,7.51,7.96875,8.0,9.5,6.0,8.5,,,8.004,10.0,Fase 6 (2° EM),0,6,6,Topázio,Privada - Programa de Apadrinhamento,7.083,8.004,0,0,False,True,False
RA-1629,2024,6A,6A,Aluno-1629,17,Feminino,2024,Pública,Ametista,7.560550529133334,9.585,8.645502645666667,7.51,7.1875,7.25,8.75,3.0,10.0,,,7.266,5.0,Fase 7 (3° EM),-1,6,7,Ametista,Pública,9.585,7.266,-1,-1,False,False,False
RA-91,2024,6L,6L,Aluno-91,18,Feminino,2021,Privada - Programa de Apadrinhamento,Ametista,7.426704761933335,10.0,7.476190476333334,5.635,7.875,7.333333333333333,9.0,4.0,9.0,,,8.068,5.0,Fase 7 (3° EM),-1,6,7,Ametista,Privada - Programa de Apadrinhamento,10.002,8.068,-1,-1,False,True,False
RA-167,2024,6L,6L,Aluno-167,18,Feminino,2021,Privada - Programa de Apadrinhamento,Topázio,8.033470175466666,8.751,9.473684210666667,6.26,8.375,8.166666666666666,8.0,6.5,10.0,,,8.334,5.0,Fase 7 (3° EM),-1,6,7,Topázio,Privada - Programa de Apadrinhamento,8.751,8.334,-1,-1,False,True,False
RA-1203,2024,6L,6L,Aluno-1203,17,Feminino,2023,Privada - Programa de Apadrinhamento,Topázio,8.9495245614,9.168,9.649122807,7.51,8.375,9.0,8.5,9.0,9.5,,,8.572,10.0,Fase 6 (2° EM),0,6,6,Topázio,Privada - Programa de Apadrinhamento,9.168,8.572,0,0,False,False,False
RA-94,2024,6L,6L,Aluno-94,17,Feminino,2021,Privada - Programa de Apadrinhamento,Topázio,8.637033333333335,10.0,9.666666666666666,6.26,8.375,8.0,7.0,7.0,10.0,,,8.2,10.0,Fase 6 (2° EM),0,6,6,Topázio,Privada - Programa de Apadrinhamento,10.002,8.2,0,0,False,True,False
RA-81,2024,6L,6L,Aluno-81,16,Feminino,2021,Privada - Programa de Apadrinhamento,Topázio,8.256566666666668,9.168,9.333333333333334,6.26,7.875,7.5,9.0,6.5,7.0,,,7.798,10.0,Fase 6 (2° EM),0,6,6,Topázio,Privada - Programa de Apadrinhamento,9.168,7.798,0,0,False,True,False
RA-1630,2024,6L,6L,Aluno-1630,16,Masculino,2024,Privada - Programa de Apadrinhamento,Topázio,8.583133333333334,8.334,9.833333333333334,7.51,8.25,7.333333333333333,9.0,9.0,4.0,,,8.702,10.0,Fase 6 (2° EM),0,6,6,Topázio,Privada - Programa de Apadrinhamento,8.334,8.702,0,0,False,False,False
RA-171,2024,6L,6L,Aluno-171,18,Masculino,2022,Pública,Ametista,7.3289333333333335,7.5,7.833333333333333,5.635,7.625,8.333333333333334,7.0,8.0,10.0,,,7.598,5.0,Fase 7 (3° EM),-1,6,7,Ametista,Pública,7.5,7.598,-1,-1,False,False,False
RA-1220,2024,6L,6L,Aluno-1220,18,Feminino,2023,Concluiu o 3º EM,Ametista,7.143244444466667,7.083,8.555555555666666,6.885,7.5,7.666666666666667,9.0,7.0,7.0,,,6.26,5.0,Fase 7 (3° EM),-1,6,7,Ametista,Concluiu o 3º EM,7.083,6.26,-1,-1,False,False,False
RA-1631,2024,6L,6L,Aluno-1631,17,Masculino,2024,Privada,Topázio,8.186433333333333,9.585,10.0,7.51,8.5,7.166666666666667,5.0,6.5,10.0,,,8.468,5.0,Fase 7 (3° EM),-1,6,7,Topázio,Privada,9.585,8.468,-1,-1,False,False,False
RA-1632,2024,6L,6L,Aluno-1632,16,Masculino,2024,Pública,Topázio,8.389333333333335,9.168,10.0,7.51,7.75,6.666666666666667,9.0,6.0,5.0,,,8.066,10.0,Fase 6 (2° EM),0,6,6,Topázio,Pública,9.168,8.066,0,0,False,False,False
RA-1210,2024,6L,6L,Aluno-1210,17,Feminino,2023,Pública,Topázio,8.2302,9.585,10.0,7.51,7.875,5.5,5.0,6.5,5.0,,,8.166,10.0,Fase 6 (2° EM),0,6,6,Topázio,Pública,9.585,8.166,0,0,False,False,False
RA-175,2024,6L,6L,Aluno-175,17,Feminino,2021,Privada - Programa de Apadrinhamento,Topázio,8.024136842133334,10.0,9.473684210666667,6.26,7.5,8.5,9.5,6.5,9.5,,,7.766,5.0,Fase 7 (3° EM),-1,6,7,Topázio,Privada - Programa de Apadrinhamento,10.002,7.766,-1,-1,False,True,False
RA-80,2024,7A,7A,Aluno-80,18,Feminino,2021,Privada - Programa de Apadrinhamento,Topázio,8.131659175733333,8.751,7.8961292116666675,8.13,8.75,7.0,5.0,6.0,10.0,,,7.946666667,10.0,Fase 7 (3° EM),0,7,7,Topázio,Privada - Programa de Apadrinhamento,8.751,7.946666667,0,0,False,True,False
RA-40,2024,7A,7A,Aluno-40,18,Feminino,2021,Privada - Programa de Apadrinhamento,Ametista,7.098051462066667,7.083,7.211257310000001,8.13,8.125,5.333333333333333,3.5,6.0,6.5,,,6.276666667,10.0,Fase 7 (3° EM),0,7,7,Ametista,Privada - Programa de Apadrinhamento,7.083,6.276666667,0,0,False,True,False
RA-1214,2024,7A,7A,Aluno-1214,17,Masculino,2023,Pública,Topázio,8.5902971362,10.0,9.081527348,8.13,8.28125,8.0,8.0,6.0,10.0,,,7.663333333,10.0,Fase 7 (3° EM),0,7,7,Topázio,Pública,10.002,7.663333333,0,0,False,False,False
RA-92,2024,7A,7A,Aluno-92,18,Feminino,2021,Privada - Programa de Apadrinhamento,Topázio,8.052279017,10.0,8.769145085,7.51,7.8125,7.5,8.0,5.0,9.5,,,6.33,10.0,Fase 7 (3° EM),0,7,7,Topázio,Privada - Programa de Apadrinhamento,10.002,6.33,0,0,False,True,False
RA-45,2024,7A,7A,Aluno-45,17,Feminino,2021,Privada - Programa de Apadrinhamento,Topázio,8.743476190400001,7.5,9.619047619,9.38,8.75,8.0,7.5,7.0,9.5,,,8.283333333,10.0,Fase 7 (3° EM),0,7,7,Topázio,Privada - Programa de Apadrinhamento,7.5,8.283333333,0,0,False,True,False
RA-56,2024,7A,7A,Aluno-56,17,Feminino,2021,Privada - Programa de Apadrinhamento,Topázio,9.077020175400001,10.0,9.265350877333333,10.0,8.4375,7.666666666666667,8.0,6.0,9.0,,,9.233333333,10.0,Fase 7 (3° EM),0,7,7,Topázio,Privada - Programa de Apadrinhamento,10.002,9.233333333,0,0,False,True,False
RA-57,2024,7A,7A,Aluno-57,18,Masculino,2021,Privada - Programa de Apadrinhamento,Ametista,7.4193804301999995,9.585,6.010860484333333,6.88,8.59375,6.166666666666667,6.0,6.5,6.0,,,7.39,10.0,Fase 7 (3° EM),0,7,7,Ametista,Privada - Programa de Apadrinhamento,9.585,7.39,0,0,False,True,False
RA-58,2024,7A,7A,Aluno-58,17,Masculino,2021,Privada - Programa de Apadrinhamento,Topázio,8.7713289474,9.585,9.824561403666666,7.51,9.0625,7.333333333333333,8.0,6.5,7.5,,,8.62,10.0,Fase 7 (3° EM),0,7,7,Topázio,Privada - Programa de Apadrinhamento,9.585,8.62,0,0,False,True,False
RA-78,2024,7A,7A,Aluno-78,19,Feminino,2021,Privada - Programa de Apadrinhamento,Topázio,8.1780308688,8.751,8.028404344,8.755,8.4375,7.5,6.5,6.0,10.0,,,7.39,10.0,Fase 7 (3° EM),0,7,7,Topázio,Privada - Programa de Apadrinhamento,8.751,7.39,0,0,True,True,False
RA-87,2024,7A,7A,Aluno-87,17,Masculino,2021,Privada - Programa de Apadrinhamento,Topázio,9.437924561333332,8.751,9.649122807,9.375,9.375,9.166666666666666,10.0,7.5,10.0,,,9.623333333,10.0,Fase 6 (2° EM),1,7,6,Topázio,Privada - Programa de Apadrinhamento,8.751,9.623333333,1,1,False,False,False
RA-64,2024,7A,7A,Aluno-64,18,Feminino,2021,Privada - Programa de Apadrinhamento,Topázio,8.743607059266667,10.0,8.980785296666667,8.135,8.4375,8.166666666666666,8.0,6.5,10.0,,,8.283333333,10.0,Fase 7 (3° EM),0,7,7,Topázio,Privada - Programa de Apadrinhamento,10.002,8.283333333,0,0,True,True,False
RA-48,2024,7A,7A,Aluno-48,17,Feminino,2021,Privada - Programa de Apadrinhamento,Topázio,8.402390371800001,7.917,8.339076859,9.375,8.59375,7.5,6.5,6.0,10.0,,,8.23,10.0,Fase 7 (3° EM),0,7,7,Topázio,Privada - Programa de Apadrinhamento,7.917,8.23,0,0,False,True,False
RA-1230,2024,7E,7E,Aluno-1230,17,Feminino,2021,Privada - Programa de Apadrinhamento,Quartzo,4.7612000000000005,7.917,0.0,7.195,7.5,0.0,0.0,0.0,0.0,,,7.5,10.0,Fase 7 (3° EM),0,7,7,Quartzo,Privada - Programa de Apadrinhamento,7.917,7.5,0,0,False,False,False
RA-90,2024,7E,7E,Aluno-90,15,Feminino,2021,Privada *Parcerias com Bolsa 100%,Topázio,8.352033333333335,10.0,9.0,6.885,7.5,8.066666666666666,7.7,8.3,8.2,,,7.5,10.0,Fase 5 (1° EM),2,7,5,Topázio,Privada *Parcerias com Bolsa 100%,10.002,7.5,2,2,False,True,False
RA-269,2024,7E,7E,Aluno-269,15,Masculino,2022,Privada *Parcerias com Bolsa 100%,Topázio,8.4773,9.168,9.6,7.505,7.5,8.200000000000001,8.1,8.6,7.9,,,7.5,10.0,Fase 5 (1° EM),2,7,5,Topázio,Privada *Parcerias com Bolsa 100%,9.168,7.5,2,2,False,False,False
RA-270,2024,7E,7E,Aluno-270,15,Feminino,2021,Privada - Programa de Apadrinhamento,Quartzo,4.79255,9.168,0.0,6.2575,7.5,0.0,0.0,0.0,0.0,,,7.5,10.0,Fase 5 (1° EM),2,7,5,Quartzo,Privada - Programa de Apadrinhamento,9.168,7.5,2,2,False,True,False
RA-76,2024,7E,7E,Aluno-76,16,Feminino,2021,Privada *Parcerias com Bolsa 100%,Topázio,8.152033333333334,10.0,9.0,6.885,7.5,7.066666666666666,7.3,7.8,6.1,,,7.5,10.0,Fase 5 (1° EM),2,7,5,Topázio,Privada *Parcerias com Bolsa 100%,10.002,7.5,2,2,False,True,False
RA-153,2024,7E,7E,Aluno-153,16,Feminino,2021,Privada - Programa de Apadrinhamento,Quartzo,4.78185,8.751,0.0,6.5675,7.5,0.0,0.0,0.0,0.0,,,7.5,10.0,Fase 5 (1° EM),2,7,5,Quartzo,Privada - Programa de Apadrinhamento,8.751,7.5,2,2,False,True,False
RA-1226,2024,7E,7E,Aluno-1226,17,Feminino,2021,Privada *Parcerias com Bolsa 100%,Ametista,7.785233333333334,8.334,9.0,6.885,7.5,6.066666666666666,6.0,6.2,6.0,,,7.5,10.0,Fase 7 (3° EM),0,7,7,Ametista,Privada *Parcerias com Bolsa 100%,8.334,7.5,0,0,False,True,False
RA-93,2024,7E,7E,Aluno-93,17,Feminino,2021,Privada - Programa de Apadrinhamento,Topázio,8.275550000066668,9.168,9.931666667,6.2575,7.5,7.483333333333333,6.75,7.2,8.5,,,7.5,10.0,Fase 6 (2° EM),1,7,6,Topázio,Privada - Programa de Apadrinhamento,9.168,7.5,1,1,False,True,False
RA-119,2024,7E,7E,Aluno-119,16,Feminino,2021,Privada - Programa de Apadrinhamento,Topázio,8.085299999933333,7.083,9.983333333,6.57,7.5,7.366666666666667,6.05,7.5,8.55,,,7.5,10.0,Fase 6 (2° EM),1,7,6,Topázio,Privada - Programa de Apadrinhamento,7.083,7.5,1,1,False,True,False
RA-241,2024,7E,7E,Aluno-241,16,Masculino,2021,Privada *Parcerias com Bolsa 100%,Topázio,8.311616666733334,10.0,9.891666667,7.1975,7.5,6.816666666666667,6.15,7.2,7.1,,,7.5,10.0,Fase 5 (1° EM),2,7,5,Topázio,Privada *Parcerias com Bolsa 100%,10.002,7.5,2,2,False,True,False
RA-242,2024,7E,7E,Aluno-242,15,Masculino,2021,Privada *Parcerias com Bolsa 100%,Topázio,8.2887,9.585,9.621,6.26,7.5,7.650000000000001,8.05,8.05,6.85,,,7.5,10.0,Fase 5 (1° EM),2,7,5,Topázio,Privada *Parcerias com Bolsa 100%,9.585,7.5,2,2,False,True,False
RA-52,2024,7E,7E,Aluno-52,15,Masculino,2021,Privada *Parcerias com Bolsa 100%,Topázio,8.144466666733333,8.751,9.437666667,6.885,7.5,7.216666666666666,6.8,8.85,6.0,,,7.5,10.0,Fase 5 (1° EM),2,7,5,Topázio,Privada *Parcerias com Bolsa 100%,8.751,7.5,2,2,False,True,False
RA-1227,2024,7E,7E,Aluno-1227,17,Feminino,2021,Privada - Programa de Apadrinhamento,Quartzo,4.8446,8.751,0.0,7.195,7.5,0.0,0.0,0.0,0.0,,,7.5,10.0,Fase 7 (3° EM),0,7,7,Quartzo,Privada - Programa de Apadrinhamento,8.751,7.5,0,0,False,True,False
RA-245,2024,7E,7E,Aluno-245,16,Masculino,2021,Privada - Programa de Apadrinhamento,Topázio,8.452633333266668,9.168,9.953333333,6.885,7.5,8.033333333333333,8.4,7.6,8.1,,,7.5,10.0,Fase 5 (1° EM),2,7,5,Topázio,Privada - Programa de Apadrinhamento,9.168,7.5,2,2,False,True,False
RA-246,2024,7E,7E,Aluno-246,15,Masculino,2022,Privada *Parcerias com Bolsa 100%,Quartzo,4.7404,8.334,0.0,6.57,7.5,0.0,0.0,0.0,0.0,,,7.5,10.0,Fase 5 (1° EM),2,7,5,Quartzo,Privada *Parcerias com Bolsa 100%,8.334,7.5,2,2,False,False,False
RA-1228,2024,7E,7E,Aluno-1228,18,Feminino,2021,Privada - Programa de Apadrinhamento,Quartzo,4.8761,8.751,0.0,7.51,7.5,0.0,0.0,0.0,0.0,,,7.5,10.0,Fase 7 (3° EM),0,7,7,Quartzo,Privada - Programa de Apadrinhamento,8.751,7.5,0,0,False,True,False
RA-1229,2024,7E,7E,Aluno-1229,17,Feminino,2021,Privada - Programa de Apadrinhamento,Quartzo,4.8238,9.168,0.0,6.57,7.5,0.0,0.0,0.0,0.0,,,7.5,10.0,Fase 7 (3° EM),0,7,7,Quartzo,Privada - Programa de Apadrinhamento,9.168,7.5,0,0,False,True,False
RA-98,2024,7E,7E,Aluno-98,16,Feminino,2021,Privada *Parcerias com Bolsa 100%,Topázio,8.617450000000002,9.585,9.546,7.1975,7.5,8.9,9.2,8.9,8.6,,,7.5,10.0,Fase 6 (2° EM),1,7,6,Topázio,Privada *Parcerias com Bolsa 100%,9.585,7.5,1,1,False,True,False
RA-277,2024,7E,7E,Aluno-277,16,Masculino,2021,Privada *Parcerias com Bolsa 100%,Topázio,8.0689833334,8.334,9.741666667,6.5725,7.5,6.8999999999999995,6.5,8.15,6.05,,,7.5,10.0,Fase 5 (1° EM),2,7,5,Topázio,Privada *Parcerias com Bolsa 100%,8.334,7.5,2,2,False,False,False
RA-172,2024,7E,7E,Aluno-172,16,Feminino,2021,Privada - Programa de Apadrinhamento,Topázio,8.128766666666667,8.751,9.8,6.57,7.5,6.933333333333334,6.7,7.7,6.4,,,7.5,10.0,Fase 6 (2° EM),1,7,6,Topázio,Privada - Programa de Apadrinhamento,8.751,7.5,1,1,False,True,False
RA-291,2024,7E,7E,Aluno-291,15,Masculino,2022,Privada - Programa de Apadrinhamento,Ametista,7.9319666667333335,8.751,9.737666667,6.26,7.5,6.166666666666667,6.0,6.5,6.0,,,7.5,10.0,Fase 5 (1° EM),2,7,5,Ametista,Privada - Programa de Apadrinhamento,8.751,7.5,2,2,False,False,False
RA-86,2024,7E,7E,Aluno-86,18,Masculino,2021,Privada *Parcerias com Bolsa 100%,Ametista,7.611233333266666,6.667,9.704333333,6.57,7.5,5.483333333333333,6.35,6.3,3.8,,,7.5,10.0,Fase 7 (3° EM),0,7,7,Ametista,Privada *Parcerias com Bolsa 100%,6.667,7.5,0,0,False,True,False
RA-143,2024,7E,7E,Aluno-143,15,Masculino,2021,Privada - Programa de Apadrinhamento,Ametista,7.449366666666667,10.0,9.92,6.885,7.5,2.6333333333333333,0.0,0.0,7.9,,,7.5,10.0,Fase 5 (1° EM),2,7,5,Ametista,Privada - Programa de Apadrinhamento,10.002,7.5,2,2,False,True,False
RA-166,2024,7E,7E,Aluno-166,16,Masculino,2021,Privada *Parcerias com Bolsa 100%,Topázio,8.243183333333334,8.334,9.246,6.5725,7.5,8.266666666666667,8.2,7.8,8.8,,,7.5,10.0,Fase 6 (2° EM),1,7,6,Topázio,Privada *Parcerias com Bolsa 100%,8.334,7.5,1,1,False,True,False
RA-191,2024,7E,7E,Aluno-191,15,Masculino,2021,Privada *Parcerias com Bolsa 100%,Ametista,7.7887,7.5,9.571,5.945,7.5,6.3999999999999995,6.0,6.9,6.3,,,7.5,10.0,Fase 5 (1° EM),2,7,5,Ametista,Privada *Parcerias com Bolsa 100%,7.5,7.5,2,2,False,True,False
RA-1236,2024,8A,8A,Aluno-1236,22,Feminino,2021,Privada,,,,0.0,,,,,,,,,,10.0,Fase 8 (Universitários),0,8,8,,Privada,,,0,0,False,False,False
RA-1234,2024,8A,8A,Aluno-1234,21,Feminino,2021,Privada,,,,0.0,,,,,,,,,,10.0,Fase 8 (Universitários),0,8,8,,Privada,,,0,0,False,False,False
RA-1633,2024,8B,8B,Aluno-1633,21,Masculino,2021,Privada,,,,0.0,,,,,,,,,,10.0,Fase 8 (Universitários),0,8,8,,Privada,,,0,0,False,False,False
RA-1248,2024,8B,8B,Aluno-1248,21,Masculino,2021,Privada,,,,0.0,,,,,,,,,,10.0,Fase 8 (Universitários),0,8,8,,Privada,,,0,0,False,False,False
RA-1246,2024,8B,8B,Aluno-1246,21,Feminino,2021,Privada,,,,0.0,,,,,,,,,,10.0,Fase 8 (Universitários),0,8,8,,Privada,,,0,0,False,False,False
RA-1245,2024,8B,8B,Aluno-1245,21,Masculino,2021,Privada,,,,0.0,,,,,,,,,,10.0,Fase 8 (Universitários),0,8,8,,Privada,,,0,0,False,False,False
RA-1244,2024,8B,8B,Aluno-1244,21,Feminino,2021,Privada,,,,0.0,,,,,,,,,,10.0,Fase 8 (Universitários),0,8,8,,Privada,,,0,0,False,False,False
RA-1634,2024,8B,8B,Aluno-1634,21,Feminino,2021,Privada,,,,0.0,,,,,,,,,,10.0,Fase 8 (Universitários),0,8,8,,Privada,,,0,0,False,False,False
RA-1242,2024,8B,8B,Aluno-1242,20,Feminino,2021,Privada,,,,0.0,,,,,,,,,,10.0,Fase 8 (Universitários),0,8,8,,Privada,,,0,0,False,False,False
RA-1250,2024,8B,8B,Aluno-1250,21,Masculino,2021,Privada - Pagamento por *Empresa Parceira,,,,0.0,,,,,,,,,,10.0,Fase 8 (Universitários),0,8,8,,Privada - Pagamento por *Empresa Parceira,,,0,0,False,False,False
RA-1241,2024,8B,8B,Aluno-1241,21,Feminino,2021,Privada,,,,0.0,,,,,,,,,,10.0,Fase 8 (Universitários),0,8,8,,Privada,,,0,0,False,False,False
RA-1240,2024,8B,8B,Aluno-1240,21,Masculino,2021,Privada,,,,0.0,,,,,,,,,,10.0,Fase 8 (Universitários),0,8,8,,Privada,,,0,0,False,False,False
RA-1249,2024,8B,8B,Aluno-1249,27,Masculino,2021,Privada,,,,0.0,,,,,,,,,,10.0,Fase 8 (Universitários),0,8,8,,Privada,,,0,0,False,False,False
RA-1239,2024,8B,8B,Aluno-1239,21,Feminino,2021,Privada - Pagamento por *Empresa Parceira,,,,0.0,,,,,,,,,,10.0,Fase 8 (Universitários),0,8,8,,Privada - Pagamento por *Empresa Parceira,,,0,0,False,False,False
RA-1251,2024,8B,8B,Aluno-1251,21,Feminino,2021,Privada,,,,0.0,,,,,,,,,,10.0,Fase 8 (Universitários),0,8,8,,Privada,,,0,0,False,False,False
RA-1264,2024,8D,8D,Aluno-1264,21,Feminino,2021,Privada,,,,0.0,,,,,,,,,,10.0,Fase 8 (Universitários),0,8,8,,Privada,,,0,0,False,False,False
RA-1263,2024,8D,8D,Aluno-1263,21,Feminino,2021,Privada *Parcerias com Bolsa 100%,,,,0.0,,,,,,,,,,10.0,Fase 8 (Universitários),0,8,8,,Privada *Parcerias com Bolsa 100%,,,0,0,False,False,False
RA-1262,2024,8D,8D,Aluno-1262,20,Feminino,2021,Privada,,,,0.0,,,,,,,,,,10.0,Fase 8 (Universitários),0,8,8,,Privada,,,0,0,False,False,False
RA-1261,2024,8D,8D,Aluno-1261,20,Feminino,2021,Privada,,,,0.0,,,,,,,,,,10.0,Fase 8 (Universitários),0,8,8,,Privada,,,0,0,False,False,False
RA-1259,2024,8D,8D,Aluno-1259,20,Feminino,2021,Privada,,,,0.0,,,,,,,,,,10.0,Fase 8 (Universitários),0,8,8,,Privada,,,0,0,False,False,False
RA-1257,2024,8D,8D,Aluno-1257,19,Masculino,2021,Privada,,,,0.0,,,,,,,,,,10.0,Fase 8 (Universitários),0,8,8,,Privada,,,0,0,False,False,False
RA-1256,2024,8D,8D,Aluno-1256,19,Feminino,2021,Privada,,,,0.0,,,,,,,,,,10.0,Fase 8 (Universitários),0,8,8,,Privada,,,0,0,False,False,False
RA-1265,2024,8D,8D,Aluno-1265,21,Masculino,2022,Pública,,,,0.0,,,,,,,,,,10.0,Fase 8 (Universitários),0,8,8,,Pública,,,0,0,False,False,False
RA-1255,2024,8D,8D,Aluno-1255,20,Masculino,2021,Privada,,,,0.0,,,,,,,,,,10.0,Fase 8 (Universitários),0,8,8,,Privada,,,0,0,False,False,False
RA-13,2024,8D,8D,Aluno-13,19,Masculino,2021,Privada *Parcerias com Bolsa 100%,,,,0.0,,,,,,,,,,10.0,Fase 8 (Universitários),0,8,8,,Privada *Parcerias com Bolsa 100%,,,0,0,False,True,False
RA-1253,2024,8D,8D,Aluno-1253,24,Feminino,2021,Privada,,,,0.0,,,,,,,,,,10.0,Fase 8 (Universitários),0,8,8,,Privada,,,0,0,False,False,False
RA-1635,2024,8D,8D,Aluno-1635,20,Feminino,2021,Privada,,,,0.0,,,,,,,,,,10.0,Fase 8 (Universitários),0,8,8,,Privada,,,0,0,False,False,False
RA-1273,2024,8E,8E,Aluno-1273,18,Feminino,2023,Privada *Parcerias com Bolsa 100%,,,,0.0,,,,,,,,,,10.0,Fase 8 (Universitários),0,8,8,,Privada *Parcerias com Bolsa 100%,,,0,0,False,False,False
RA-14,2024,8E,8E,Aluno-14,22,Masculino,2022,Privada *Parcerias com Bolsa 100%,,,,0.0,,,,,,,,,,10.0,Fase 8 (Universitários),0,8,8,,Privada *Parcerias com Bolsa 100%,,,0,0,False,False,False
RA-1271,2024,8E,8E,Aluno-1271,19,Feminino,2021,Privada *Parcerias com Bolsa 100%,,,,0.0,,,,,,,,,,10.0,Fase 8 (Universitários),0,8,8,,Privada *Parcerias com Bolsa 100%,,,0,0,False,False,False
RA-1,2024,8E,8E,Aluno-1,21,Feminino,2021,Privada *Parcerias com Bolsa 100%,,,,0.0,,,,,,,,,,10.0,Fase 8 (Universitários),0,8,8,,Privada *Parcerias com Bolsa 100%,,,0,0,False,True,False
RA-1270,2024,8E,8E,Aluno-1270,20,Feminino,2021,Privada - Pagamento por *Empresa Parceira,,,,0.0,,,,,,,,,,10.0,Fase 8 (Universitários),0,8,8,,Privada - Pagamento por *Empresa Parceira,,,0,0,False,False,False
RA-1274,2024,8E,8E,Aluno-1274,19,Feminino,2021,Privada - Pagamento por *Empresa Parceira,,,,0.0,,,,,,,,,,10.0,Fase 8 (Universitários),0,8,8,,Privada - Pagamento por *Empresa Parceira,,,0,0,False,False,False
RA-23,2024,8E,8E,Aluno-23,19,Masculino,2021,Privada *Parcerias com Bolsa 100%,,,,0.0,,,,,,,,,,10.0,Fase 8 (Universitários),0,8,8,,Privada *Parcerias com Bolsa 100%,,,0,0,False,False,False
RA-2,2024,8E,8E,Aluno-2,19,Feminino,2021,Privada *Parcerias com Bolsa 100%,,,,0.0,,,,,,,,,,10.0,Fase 8 (Universitários),0,8,8,,Privada *Parcerias com Bolsa 100%,,,0,0,False,True,False
RA-25,2024,8E,8E,Aluno-25,19,Feminino,2021,Privada *Parcerias com Bolsa 100%,,,,0.0,,,,,,,,,,10.0,Fase 8 (Universitários),0,8,8,,Privada *Parcerias com Bolsa 100%,,,0,0,False,False,False
RA-1272,2024,8E,8E,Aluno-1272,20,Feminino,2021,Privada *Parcerias com Bolsa 100%,,,,0.0,,,,,,,,,,10.0,Fase 8 (Universitários),0,8,8,,Privada *Parcerias com Bolsa 100%,,,0,0,False,False,False
RA-6,2024,8E,8E,Aluno-6,20,Feminino,2021,Privada *Parcerias com Bolsa 100%,,,,0.0,,,,,,,,,,10.0,Fase 8 (Universitários),0,8,8,,Privada *Parcerias com Bolsa 100%,,,0,0,False,False,False
RA-29,2024,8E,8E,Aluno-29,19,Masculino,2022,Privada - Pagamento por *Empresa Parceira,,,,0.0,,,,,,,,,,10.0,Fase 8 (Universitários),0,8,8,,Privada - Pagamento por *Empresa Parceira,,,0,0,False,False,False
RA-17,2024,8E,8E,Aluno-17,22,Masculino,2022,Privada - Pagamento por *Empresa Parceira,,,,0.0,,,,,,,,,,10.0,Fase 8 (Universitários),0,8,8,,Privada - Pagamento por *Empresa Parceira,,,0,0,False,False,False
RA-7,2024,8E,8E,Aluno-7,20,Masculino,2021,Privada *Parcerias com Bolsa 100%,,,,0.0,,,,,,,,,,10.0,Fase 8 (Universitários),0,8,8,,Privada *Parcerias com Bolsa 100%,,,0,0,False,True,False
RA-31,2024,8E,8E,Aluno-31,19,Feminino,2021,Privada *Parcerias com Bolsa 100%,,,,0.0,,,,,,,,,,10.0,Fase 8 (Universitários),0,8,8,,Privada *Parcerias com Bolsa 100%,,,0,0,False,True,False
RA-1269,2024,8E,8E,Aluno-1269,19,Feminino,2021,Privada - Pagamento por *Empresa Parceira,,,,0.0,,,,,,,,,,10.0,Fase 8 (Universitários),0,8,8,,Privada - Pagamento por *Empresa Parceira,,,0,0,False,False,False
RA-12,2024,8E,8E,Aluno-12,19,Feminino,2021,Privada *Parcerias com Bolsa 100%,,,,0.0,,,,,,,,,,10.0,Fase 8 (Universitários),0,8,8,,Privada *Parcerias com Bolsa 100%,,,0,0,False,True,False
RA-35,2024,8E,8E,Aluno-35,19,Feminino,2021,Privada *Parcerias com Bolsa 100%,,,,0.0,,,,,,,,,,10.0,Fase 8 (Universitários),0,8,8,,Privada *Parcerias com Bolsa 100%,,,0,0,False,True,False
RA-1636,2024,8E,8E,Aluno-1636,20,Feminino,2021,Privada,,,,0.0,,,,,,,,,,10.0,Fase 8 (Universitários),0,8,8,,Privada,,,0,0,False,False,False
RA-88,2024,8E,8E,Aluno-88,19,Masculino,2021,Privada *Parcerias com Bolsa 100%,,,,0.0,,,,,,,,,,10.0,Fase 8 (Universitários),0,8,8,,Privada *Parcerias com Bolsa 100%,,,0,0,False,False,False
RA-36,2024,8E,8E,Aluno-36,19,Feminino,2021,Privada *Parcerias com Bolsa 100%,,,,0.0,,,,,,,,,,10.0,Fase 8 (Universitários),0,8,8,,Privada *Parcerias com Bolsa 100%,,,0,0,False,True,False
RA-21,2024,8E,8E,Aluno-21,20,Masculino,2022,Privada - Pagamento por *Empresa Parceira,,,,0.0,,,,,,,,,,10.0,Fase 8 (Universitários),0,8,8,,Privada - Pagamento por *Empresa Parceira,,,0,0,False,False,False
RA-49,2024,8E,8E,Aluno-49,19,Feminino,2022,Privada - Pagamento por *Empresa Parceira,,,,0.0,,,,,,,,,,10.0,Fase 8 (Universitários),0,8,8,,Privada - Pagamento por *Empresa Parceira,,,0,0,False,False,False
RA-1225,2024,8F,8F,Aluno-1225,19,Feminino,2021,Privada *Parcerias com Bolsa 100%,,,,0.0,,,,,,,,,,10.0,Fase 8 (Universitários),0,8,8,,Privada *Parcerias com Bolsa 100%,,,0,0,False,True,False
RA-1221,2024,8F,8F,Aluno-1221,23,Feminino,2023,Concluiu o 3º EM,,,,0.0,,,8.0,7.0,7.0,10.0,,,,10.0,Fase 8 (Universitários),0,8,8,,Concluiu o 3º EM,,,0,0,False,False,False
RA-26,2024,8F,8F,Aluno-26,19,Masculino,2022,Privada *Parcerias com Bolsa 100%,,,,0.0,,,,,,,,,,10.0,Fase 8 (Universitários),0,8,8,,Privada *Parcerias com Bolsa 100%,,,0,0,False,False,False
RA-27,2024,8F,8F,Aluno-27,18,Masculino,2021,Privada *Parcerias com Bolsa 100%,,,,0.0,,,,,,,,,,10.0,Fase 8 (Universitários),0,8,8,,Privada *Parcerias com Bolsa 100%,,,0,0,False,True,False
RA-155,2024,8F,8F,Aluno-155,18,Masculino,2022,Privada *Parcerias com Bolsa 100%,,,,0.0,,,,,,,,,,10.0,Fase 8 (Universitários),0,8,8,,Privada *Parcerias com Bolsa 100%,,,0,0,False,False,False
RA-96,2024,8F,8F,Aluno-96,18,Masculino,2021,Concluiu o 3º EM,,,,0.0,,,,,,,,,,10.0,Fase 8 (Universitários),0,8,8,,Concluiu o 3º EM,,,0,0,False,False,False
RA-59,2024,8F,8F,Aluno-59,19,Masculino,2022,Privada *Parcerias com Bolsa 100%,,,,0.0,,,,,,,,,,10.0,Fase 8 (Universitários),0,8,8,,Privada *Parcerias com Bolsa 100%,,,0,0,False,False,False
RA-1216,2024,8F,8F,Aluno-1216,20,Feminino,2023,Privada *Parcerias com Bolsa 100%,,,,0.0,,,,,,,,,,10.0,Fase 8 (Universitários),0,8,8,,Privada *Parcerias com Bolsa 100%,,,0,0,False,False,False
RA-19,2024,8F,8F,Aluno-19,20,Feminino,2022,Privada *Parcerias com Bolsa 100%,,,,0.0,,,,,,,,,,10.0,Fase 8 (Universitários),0,8,8,,Privada *Parcerias com Bolsa 100%,,,0,0,False,False,False
RA-62,2024,8F,8F,Aluno-62,18,Feminino,2022,Privada *Parcerias com Bolsa 100%,,,,0.0,,,,,,,,,,10.0,Fase 8 (Universitários),0,8,8,,Privada *Parcerias com Bolsa 100%,,,0,0,True,False,False
RA-173,2024,8F,8F,Aluno-173,18,Masculino,2021,Privada *Parcerias com Bolsa 100%,,,,0.0,,,,,,,,,,10.0,Fase 8 (Universitários),0,8,8,,Privada *Parcerias com Bolsa 100%,,,0,0,False,True,False
RA-38,2024,8F,8F,Aluno-38,18,Feminino,2021,Privada - Programa de Apadrinhamento,,,,0.0,,,,,,,,,,10.0,Fase 8 (Universitários),0,8,8,,Privada - Programa de Apadrinhamento,,,0,0,False,True,False
RA-1224,2024,8F,8F,Aluno-1224,21,Masculino,2023,Concluiu o 3º EM,,,,0.0,,,,,,,,,,10.0,Fase 8 (Universitários),0,8,8,,Concluiu o 3º EM,,,0,0,False,False,False
RA-39,2024,8F,8F,Aluno-39,18,Feminino,2021,Privada *Parcerias com Bolsa 100%,,,,0.0,,,,,,,,,,10.0,Fase 8 (Universitários),0,8,8,,Privada *Parcerias com Bolsa 100%,,,0,0,False,True,False
RA-1637,2024,9,9,Aluno-1637,23,Masculino,2021,Privada,INCLUIR,,,0.0,,,,,,,,,,10.0,Fase 8 (Universitários),1,9,8,,Privada,,,1,1,False,False,False
RA-1638,2024,9,9,Aluno-1638,22,Feminino,2021,Bolsista Universitário *Formado (a),INCLUIR,,,0.0,,,,,,,,,,10.0,Fase 8 (Universitários),1,9,8,,Bolsista Universitário *Formado (a),,,1,1,False,False,False
RA-1268,2024,9,9,Aluno-1268,20,Masculino,2021,Privada,INCLUIR,,,0.0,,,,,,,,,,10.0,Fase 8 (Universitários),1,9,8,,Privada,,,1,1,False,False,False
RA-1260,2024,9,9,Aluno-1260,20,Masculino,2021,Privada,INCLUIR,,,0.0,,,,,,,,,,10.0,Fase 8 (Universitários),1,9,8,,Privada,,,1,1,False,False,False
RA-1639,2024,9,9,Aluno-1639,21,Masculino,2021,Bolsista Universitário *Formado (a),INCLUIR,,,0.0,,,,,,,,,,10.0,Fase 8 (Universitários),1,9,8,,Bolsista Universitário *Formado (a),,,1,1,False,False,False
RA-1640,2024,9,9,Aluno-1640,23,Feminino,2021,Privada,INCLUIR,,,0.0,,,,,,,,,,10.0,Fase 8 (Universitários),1,9,8,,Privada,,,1,1,False,False,False
RA-1641,2024,9,9,Aluno-1641,21,Masculino,2021,Privada,INCLUIR,,,0.0,,,,,,,,,,10.0,Fase 8 (Universitários),1,9,8,,Privada,,,1,1,False,False,False
RA-1266,2024,9,9,Aluno-1266,20,Feminino,2021,Privada,INCLUIR,,,0.0,,,,,,,,,,10.0,Fase 8 (Universitários),1,9,8,,Privada,,,1,1,False,False,False
RA-1642,2024,9,9,Aluno-1642,23,Masculino,2021,Bolsista Universitário *Formado (a),INCLUIR,,,0.0,,,,,,,,,,10.0,Fase 8 (Universitários),1,9,8,,Bolsista Universitário *Formado (a),,,1,1,False,False,False
RA-1258,2024,9,9,Aluno-1258,25,Masculino,2021,Privada,INCLUIR,,,0.0,,,,,,,,,,10.0,Fase 8 (Universitários),1,9,8,,Privada,,,1,1,False,False,False
RA-1235,2024,9,9,Aluno-1235,22,Masculino,2021,Privada,INCLUIR,,,0.0,,,,,,,,,,10.0,Fase 8 (Universitários),1,9,8,,Privada,,,1,1,False,False,False
RA-1643,2024,9,9,Aluno-1643,22,Masculino,2021,Privada,INCLUIR,,,0.0,,,,,,,,,,10.0,Fase 8 (Universitários),1,9,8,,Privada,,,1,1,False,False,False
RA-1644,2024,9,9,Aluno-1644,21,Masculino,2021,Bolsista Universitário *Formado (a),INCLUIR,,,0.0,,,,,,,,,,10.0,Fase 8 (Universitários),1,9,8,,Bolsista Universitário *Formado (a),,,1,1,False,False,False
RA-1645,2024,9,9,Aluno-1645,23,Masculino,2021,Privada,INCLUIR,,,0.0,,,,,,,,,,10.0,Fase 8 (Universitários),1,9,8,,Privada,,,1,1,False,False,False
RA-1646,2024,9,9,Aluno-1646,21,Masculino,2021,Bolsista Universitário *Formado (a),INCLUIR,,,0.0,,,,,,,,,,10.0,Fase 8 (Universitários),1,9,8,,Bolsista Universitário *Formado (a),,,1,1,False,False,False
RA-1647,2024,9,9,Aluno-1647,22,Feminino,2021,Privada,INCLUIR,,,0.0,,,,,,,,,,10.0,Fase 8 (Universitários),1,9,8,,Privada,,,1,1,False,False,False
RA-1237,2024,9,9,Aluno-1237,22,Feminino,2021,Privada *Parcerias com Bolsa 100%,INCLUIR,,,0.0,,,,,,,,,,10.0,Fase 8 (Universitários),1,9,8,,Privada *Parcerias com Bolsa 100%,,,1,1,False,False,False
RA-1648,2024,9,9,Aluno-1648,22,Masculino,2021,Bolsista Universitário *Formado (a),INCLUIR,,,0.0,,,,,,,,,,10.0,Fase 8 (Universitários),1,9,8,,Bolsista Universitário *Formado (a),,,1,1,False,False,False
RA-1649,2024,9,9,Aluno-1649,23,Masculino,2021,Privada,INCLUIR,,,0.0,,,,,,,,,,10.0,Fase 8 (Universitários),1,9,8,,Privada,,,1,1,False,False,False
RA-1650,2024,9,9,Aluno-1650,22,Masculino,2021,Privada,INCLUIR,,,0.0,,,,,,,,,,10.0,Fase 8 (Universitários),1,9,8,,Privada,,,1,1,False,False,False
RA-1651,2024,9,9,Aluno-1651,22,Masculino,2021,Bolsista Universitário *Formado (a),INCLUIR,,,0.0,,,,,,,,,,10.0,Fase 8 (Universitários),1,9,8,,Bolsista Universitário *Formado (a),,,1,1,False,False,False
RA-1652,2024,9,9,Aluno-1652,22,Feminino,2021,Privada,INCLUIR,,,0.0,,,,,,,,,,10.0,Fase 8 (Universitários),1,9,8,,Privada,,,1,1,False,False,False
RA-1653,2024,9,9,Aluno-1653,20,Masculino,2021,Bolsista Universitário *Formado (a),INCLUIR,,,0.0,,,,,,,,,,10.0,Fase 8 (Universitários),1,9,8,,Bolsista Universitário *Formado (a),,,1,1,False,False,False
RA-1654,2024,9,9,Aluno-1654,22,Masculino,2021,Bolsista Universitário *Formado (a),INCLUIR,,,0.0,,,,,,,,,,10.0,Fase 8 (Universitários),1,9,8,,Bolsista Universitário *Formado (a),,,1,1,False,False,False
RA-1655,2024,9,9,Aluno-1655,21,Feminino,2022,Privada,INCLUIR,,,0.0,,,,,,,,,,10.0,Fase 8 (Universitários),1,9,8,,Privada,,,1,1,False,False,False
RA-1656,2024,9,9,Aluno-1656,22,Masculino,2021,Privada,INCLUIR,,,0.0,,,,,,,,,,10.0,Fase 8 (Universitários),1,9,8,,Privada,,,1,1,False,False,False
RA-1254,2024,9,9,Aluno-1254,20,Masculino,2021,Privada,INCLUIR,,,0.0,,,,,,,,,,10.0,Fase 8 (Universitários),1,9,8,,Privada,,,1,1,False,False,False
RA-1233,2024,9,9,Aluno-1233,23,Feminino,2021,Privada,INCLUIR,,,0.0,,,,,,,,,,10.0,Fase 8 (Universitários),1,9,8,,Privada,,,1,1,False,False,False
RA-1232,2024,9,9,Aluno-1232,22,Masculino,2021,Privada,INCLUIR,,,0.0,,,,,,,,,,10.0,Fase 8 (Universitários),1,9,8,,Privada,,,1,1,False,False,False
RA-1231,2024,9,9,Aluno-1231,23,Masculino,2021,Privada,INCLUIR,,,0.0,,,,,,,,,,10.0,Fase 8 (Universitários),1,9,8,,Privada,,,1,1,False,False,False
RA-1238,2024,9,9,Aluno-1238,22,Feminino,2021,Privada,INCLUIR,,,0.0,,,,,,,,,,10.0,Fase 8 (Universitários),1,9,8,,Privada,,,1,1,False,False,False
RA-1267,2024,9,9,Aluno-1267,23,Feminino,2021,Privada,INCLUIR,,,0.0,,,,,,,,,,10.0,Fase 8 (Universitários),1,9,8,,Privada,,,1,1,False,False,False
RA-1657,2024,9,9,Aluno-1657,20,Masculino,2021,Bolsista Universitário *Formado (a),INCLUIR,,,0.0,,,,,,,,,,10.0,Fase 8 (Universitários),1,9,8,,Bolsista Universitário *Formado (a),,,1,1,False,False,False
RA-1658,2024,9,9,Aluno-1658,21,Masculino,2021,Privada,INCLUIR,,,0.0,,,,,,,,,,10.0,Fase 8 (Universitários),1,9,8,,Privada,,,1,1,False,False,False
RA-1659,2024,9,9,Aluno-1659,21,Masculino,2021,Bolsista Universitário *Formado (a),INCLUIR,,,0.0,,,,,,,,,,10.0,Fase 8 (Universitários),1,9,8,,Bolsista Universitário *Formado (a),,,1,1,False,False,False
RA-1252,2024,9,9,Aluno-1252,22,Feminino,2021,Privada,INCLUIR,,,0.0,,,,,,,,,,10.0,Fase 8 (Universitários),1,9,8,,Privada,,,1,1,False,False,False
RA-1660,2024,9,9,Aluno-1660,24,Feminino,2021,Bolsista Universitário *Formado (a),INCLUIR,,,0.0,,,,,,,,,,10.0,Fase 8 (Universitários),1,9,8,,Bolsista Universitário *Formado (a),,,1,1,False,False,False
RA-1661,2024,9,9,Aluno-1661,21,Feminino,2021,Bolsista Universitário *Formado (a),INCLUIR,,,0.0,,,,,,,,,,10.0,Fase 8 (Universitários),1,9,8,,Bolsista Universitário *Formado (a),,,1,1,False,False,False
